Run,ReleaseDate,LoadDate,spots,bases,spots_with_mates,avgLength,size_MB,AssemblyName,download_path,Experiment,LibraryName,LibraryStrategy,LibrarySelection,LibrarySource,LibraryLayout,InsertSize,InsertDev,Platform,Model,SRAStudy,BioProject,Study_Pubmed_id,ProjectID,Sample,BioSample,SampleType,TaxID,ScientificName,SampleName,g1k_pop_code,source,g1k_analysis_group,Subject_ID,Sex,Disease,Tumor,Affection_Status,Analyte_Type,Histological_Type,Body_Site,CenterName,Submission,dbgap_study_accession,Consent,RunHash,ReadHash
SRR14742351,2021-10-07 00:00:27,2021-06-06 09:41:37,45684,25721202,45684,563,12,,https://sra-downloadb.be-md.ncbi.nlm.nih.gov/sos8/sra-pub-zq-818/SRR014/14742/SRR14742351/SRR14742351.lite.1,SRX11076977,29V_End,AMPLICON,PCR,METAGENOMIC,PAIRED,0,0,ILLUMINA,Illumina MiSeq,SRP322898,PRJNA735440,,735440,SRS9142896,SAMN19582204,simple,1632839,human vaginal metagenome,29V_End,,,,,,,no,,,,,MURDOCH CHILDRENS RESEARCH INSTITUTE,SRA1241179,,public,9BC6568C397BDD8819C7BA84BAADB1FB,3456C860F6F89E2932B29DD66FDE540B
SRR14742353,2021-10-07 00:00:27,2021-06-06 09:41:35,43091,24236200,43090,562,12,,https://sra-downloadb.be-md.ncbi.nlm.nih.gov/sos9/sra-pub-zq-924/SRR014/14742/SRR14742353/SRR14742353.lite.1,SRX11076975,29V_W4,AMPLICON,PCR,METAGENOMIC,PAIRED,0,0,ILLUMINA,Illumina MiSeq,SRP322898,PRJNA735440,,735440,SRS9142895,SAMN19582202,simple,1632839,human vaginal metagenome,29V_W4,,,,,,,no,,,,,MURDOCH CHILDRENS RESEARCH INSTITUTE,SRA1241179,,public,27B1798F0647E6C72D9198149CC87292,003DDBA9350558CC8AB3FBD6FCCA54F7
SRR14742352,2021-10-07 00:00:27,2021-06-06 09:41:40,35194,19806822,35194,562,10,,https://sra-downloadb.be-md.ncbi.nlm.nih.gov/sos9/sra-pub-zq-924/SRR014/14742/SRR14742352/SRR14742352.lite.1,SRX11076976,29V_W8,AMPLICON,PCR,METAGENOMIC,PAIRED,0,0,ILLUMINA,Illumina MiSeq,SRP322898,PRJNA735440,,735440,SRS9142897,SAMN19582203,simple,1632839,human vaginal metagenome,29V_W8,,,,,,,no,,,,,MURDOCH CHILDRENS RESEARCH INSTITUTE,SRA1241179,,public,BFC375481C40DCB5B818CA5E85233716,158E6191F1DA8FC33B78C57CB1F225DD
SRR14742350,2021-10-07 00:00:27,2021-06-06 09:41:38,56079,31521763,56078,562,16,,https://sra-downloadb.be-md.ncbi.nlm.nih.gov/sos13/sra-pub-zq-1301/SRR014/14742/SRR14742350/SRR14742350.lite.1,SRX11076978,30V_D0,AMPLICON,PCR,METAGENOMIC,PAIRED,0,0,ILLUMINA,Illumina MiSeq,SRP322898,PRJNA735440,,735440,SRS9142898,SAMN19582205,simple,1632839,human vaginal metagenome,30V_D0,,,,,,,no,,,,,MURDOCH CHILDRENS RESEARCH INSTITUTE,SRA1241179,,public,1C6AA2C256968F2FD0DFC7D7947084DB,79309A0D1F0F77723F27DB294E34CF41
SRR14742349,2021-10-07 00:00:27,2021-06-06 09:41:36,38325,21562345,38325,562,10,,https://sra-downloadb.be-md.ncbi.nlm.nih.gov/sos8/sra-pub-zq-818/SRR014/14742/SRR14742349/SRR14742349.lite.1,SRX11076979,30V_D8,AMPLICON,PCR,METAGENOMIC,PAIRED,0,0,ILLUMINA,Illumina MiSeq,SRP322898,PRJNA735440,,735440,SRS9142899,SAMN19582206,simple,1632839,human vaginal metagenome,30V_D8,,,,,,,no,,,,,MURDOCH CHILDRENS RESEARCH INSTITUTE,SRA1241179,,public,CA6069778ABAA2AFA484E5861BFBA1DF,818B37381915694C8A0B6C32BF9AEF4C
SRR14742345,2021-10-07 00:00:27,2021-06-06 09:41:44,42965,24184026,42965,562,11,,https://sra-downloadb.be-md.ncbi.nlm.nih.gov/sos8/sra-pub-zq-818/SRR014/14742/SRR14742345/SRR14742345.lite.1,SRX11076983,30V_End,AMPLICON,PCR,METAGENOMIC,PAIRED,0,0,ILLUMINA,Illumina MiSeq,SRP322898,PRJNA735440,,735440,SRS9142903,SAMN19582209,simple,1632839,human vaginal metagenome,30V_End,,,,,,,no,,,,,MURDOCH CHILDRENS RESEARCH INSTITUTE,SRA1241179,,public,3F0D518B8AAA6EFEC38F40E82D838CC2,5DF9B38AF4643102CD2313F559CC327B
SRR14742348,2021-10-07 00:00:27,2021-06-06 09:41:42,37070,20867194,37070,562,10,,https://sra-downloadb.be-md.ncbi.nlm.nih.gov/sos1/sra-pub-zq-38/SRR014/14742/SRR14742348/SRR14742348.lite.1,SRX11076980,30V_W4,AMPLICON,PCR,METAGENOMIC,PAIRED,0,0,ILLUMINA,Illumina MiSeq,SRP322898,PRJNA735440,,735440,SRS9142900,SAMN19582207,simple,1632839,human vaginal metagenome,30V_W4,,,,,,,no,,,,,MURDOCH CHILDRENS RESEARCH INSTITUTE,SRA1241179,,public,E8B779B54B369122B7E80E0B07F18604,6313657076026082FEEEE0DB02C2398B
SRR14742347,2021-10-07 00:00:27,2021-06-06 09:41:36,40621,22869987,40621,563,11,,https://sra-downloadb.be-md.ncbi.nlm.nih.gov/sos13/sra-pub-zq-1301/SRR014/14742/SRR14742347/SRR14742347.lite.1,SRX11076981,30V_W8,AMPLICON,PCR,METAGENOMIC,PAIRED,0,0,ILLUMINA,Illumina MiSeq,SRP322898,PRJNA735440,,735440,SRS9142902,SAMN19582208,simple,1632839,human vaginal metagenome,30V_W8,,,,,,,no,,,,,MURDOCH CHILDRENS RESEARCH INSTITUTE,SRA1241179,,public,49595D21C5653149A2664767C9AE02A4,8A88F6B6ABC23237C79D382B79AF3E5D
SRR14742344,2021-10-07 00:00:27,2021-06-06 09:41:32,43144,24236399,43144,561,12,,https://sra-downloadb.be-md.ncbi.nlm.nih.gov/sos1/sra-pub-zq-38/SRR014/14742/SRR14742344/SRR14742344.lite.1,SRX11076984,31V_D0,AMPLICON,PCR,METAGENOMIC,PAIRED,0,0,ILLUMINA,Illumina MiSeq,SRP322898,PRJNA735440,,735440,SRS9142904,SAMN19582210,simple,1632839,human vaginal metagenome,31V_D0,,,,,,,no,,,,,MURDOCH CHILDRENS RESEARCH INSTITUTE,SRA1241179,,public,89E6C7529CAE5A28F1C360083DB29A0D,A2020C1041BF2C520047E2667FF4FE14
SRR14742343,2021-10-07 00:00:27,2021-06-06 09:41:34,34550,19441526,34550,562,8,,https://sra-downloadb.be-md.ncbi.nlm.nih.gov/sos8/sra-pub-zq-818/SRR014/14742/SRR14742343/SRR14742343.lite.1,SRX11076985,31V_D8,AMPLICON,PCR,METAGENOMIC,PAIRED,0,0,ILLUMINA,Illumina MiSeq,SRP322898,PRJNA735440,,735440,SRS9142905,SAMN19582211,simple,1632839,human vaginal metagenome,31V_D8,,,,,,,no,,,,,MURDOCH CHILDRENS RESEARCH INSTITUTE,SRA1241179,,public,BDF4D0F63FBCDC4A1E5878203604C9AA,A8896B6ABDCAAE5ECFE0F70B487B387E
SRR14742340,2021-10-07 00:00:27,2021-06-06 09:41:37,26323,14790713,26323,561,7,,https://sra-downloadb.be-md.ncbi.nlm.nih.gov/sos1/sra-pub-zq-38/SRR014/14742/SRR14742340/SRR14742340.lite.1,SRX11076988,31V_End,AMPLICON,PCR,METAGENOMIC,PAIRED,0,0,ILLUMINA,Illumina MiSeq,SRP322898,PRJNA735440,,735440,SRS9142908,SAMN19582214,simple,1632839,human vaginal metagenome,31V_End,,,,,,,no,,,,,MURDOCH CHILDRENS RESEARCH INSTITUTE,SRA1241179,,public,3E02E8B8393DA2A4D68A850A3C7445E3,CB3657D97812EC48E1DCFA68B395BC17
SRR14742342,2021-10-07 00:00:27,2021-06-06 09:41:39,30737,17291985,30737,562,7,,https://sra-downloadb.be-md.ncbi.nlm.nih.gov/sos1/sra-pub-zq-38/SRR014/14742/SRR14742342/SRR14742342.lite.1,SRX11076986,31V_W4,AMPLICON,PCR,METAGENOMIC,PAIRED,0,0,ILLUMINA,Illumina MiSeq,SRP322898,PRJNA735440,,735440,SRS9142906,SAMN19582212,simple,1632839,human vaginal metagenome,31V_W4,,,,,,,no,,,,,MURDOCH CHILDRENS RESEARCH INSTITUTE,SRA1241179,,public,CB209CD4898A25873F86420C9A6E91C2,8E5FC7936F35DA0625676F47F9EDDF72
SRR14742341,2021-10-07 00:00:27,2021-06-06 09:41:31,37999,21381538,37999,562,9,,https://sra-downloadb.be-md.ncbi.nlm.nih.gov/sos13/sra-pub-zq-1301/SRR014/14742/SRR14742341/SRR14742341.lite.1,SRX11076987,31V_W8,AMPLICON,PCR,METAGENOMIC,PAIRED,0,0,ILLUMINA,Illumina MiSeq,SRP322898,PRJNA735440,,735440,SRS9142907,SAMN19582213,simple,1632839,human vaginal metagenome,31V_W8,,,,,,,no,,,,,MURDOCH CHILDRENS RESEARCH INSTITUTE,SRA1241179,,public,4582AC442D2C6C6DE23C1F0799292E05,EE5EFE00A44A9D8CB0EA3D5771E434DA
SRR14742338,2021-10-07 00:00:27,2021-06-06 09:41:35,35214,19805401,35214,562,9,,https://sra-downloadb.be-md.ncbi.nlm.nih.gov/sos9/sra-pub-zq-924/SRR014/14742/SRR14742338/SRR14742338.lite.1,SRX11076990,35V_D0,AMPLICON,PCR,METAGENOMIC,PAIRED,0,0,ILLUMINA,Illumina MiSeq,SRP322898,PRJNA735440,,735440,SRS9142910,SAMN19582216,simple,1632839,human vaginal metagenome,35V_D0,,,,,,,no,,,,,MURDOCH CHILDRENS RESEARCH INSTITUTE,SRA1241179,,public,1C7E3502020B911344DAC1992FFE7E17,B9DA24EAA2FCB2FA8E57AF97B9F26D2C
SRR14742336,2021-10-07 00:00:27,2021-06-06 09:41:33,30196,16996797,30196,562,7,,https://sra-downloadb.be-md.ncbi.nlm.nih.gov/sos8/sra-pub-zq-820/SRR014/14742/SRR14742336/SRR14742336.lite.1,SRX11076991,35V_D8,AMPLICON,PCR,METAGENOMIC,PAIRED,0,0,ILLUMINA,Illumina MiSeq,SRP322898,PRJNA735440,,735440,SRS9142911,SAMN19582217,simple,1632839,human vaginal metagenome,35V_D8,,,,,,,no,,,,,MURDOCH CHILDRENS RESEARCH INSTITUTE,SRA1241179,,public,324DE6FD79893280D5427CC3607D9D38,F2765836B637844798743BE79E63EB86
SRR14742346,2021-10-07 00:00:27,2021-06-06 09:41:35,36319,20445240,36319,562,10,,https://sra-downloadb.be-md.ncbi.nlm.nih.gov/sos9/sra-pub-zq-924/SRR014/14742/SRR14742346/SRR14742346.lite.1,SRX11076982,4V_W8,AMPLICON,PCR,METAGENOMIC,PAIRED,0,0,ILLUMINA,Illumina MiSeq,SRP322898,PRJNA735440,,735440,SRS9142901,SAMN19582146,simple,1632839,human vaginal metagenome,4V_W8,,,,,,,no,,,,,MURDOCH CHILDRENS RESEARCH INSTITUTE,SRA1241179,,public,3AA10FFA3E65FB9FF89DBF4A02BA275B,9ECAF65BEF0537F7842423C69C6CB325
SRR14742339,2021-10-07 00:00:27,2021-06-06 09:41:38,42193,23734794,42193,562,13,,https://sra-downloadb.be-md.ncbi.nlm.nih.gov/sos9/sra-pub-zq-924/SRR014/14742/SRR14742339/SRR14742339.lite.1,SRX11076989,6V_End,AMPLICON,PCR,METAGENOMIC,PAIRED,0,0,ILLUMINA,Illumina MiSeq,SRP322898,PRJNA735440,,735440,SRS9142909,SAMN19582215,simple,1632839,human vaginal metagenome,6V_End,,,,,,,no,,,,,MURDOCH CHILDRENS RESEARCH INSTITUTE,SRA1241179,,public,98B879D7B729CCFD0A4B8AACE3AB2FF2,2EDBFFF902B555C4D1B92DADD490F264
SRR15673593,2021-10-07 00:00:27,2021-08-30 18:53:59,39991,22509078,39991,562,10,,https://sra-downloadb.be-md.ncbi.nlm.nih.gov/sos8/sra-pub-zq-818/SRR015/15673/SRR15673593/SRR15673593.lite.1,SRX11970004,Neg1,AMPLICON,PCR,METAGENOMIC,PAIRED,0,0,ILLUMINA,Illumina MiSeq,SRP322898,PRJNA735440,,735440,SRS9979220,SAMN21032008,simple,256318,metagenome,Neg1,,,,,,,no,,,,,MURDOCH CHILDRENS RESEARCH INSTITUTE,SRA1286360,,public,8514E1226D9C14EC925EF979A48A680F,85C75FD84E4B4D20D811D9B5A010F36F
SRR15673592,2021-10-07 00:00:27,2021-08-30 18:53:57,27716,15594798,27716,562,7,,https://sra-downloadb.be-md.ncbi.nlm.nih.gov/sos1/sra-pub-zq-38/SRR015/15673/SRR15673592/SRR15673592.lite.1,SRX11970005,Neg10,AMPLICON,PCR,METAGENOMIC,PAIRED,0,0,ILLUMINA,Illumina MiSeq,SRP322898,PRJNA735440,,735440,SRS9979222,SAMN21032039,simple,256318,metagenome,Neg10,,,,,,,no,,,,,MURDOCH CHILDRENS RESEARCH INSTITUTE,SRA1286360,,public,2299930CE82BB39E2DAF371CEBCF49B6,5A6972EEBC8AF3BFA4B25069EB0AF409
SRR15673581,2021-10-07 00:00:27,2021-08-30 18:53:17,37,20828,37,562,0,,https://sra-downloadb.be-md.ncbi.nlm.nih.gov/sos8/sra-pub-zq-818/SRR015/15673/SRR15673581/SRR15673581.lite.1,SRX11970016,Neg11,AMPLICON,PCR,METAGENOMIC,PAIRED,0,0,ILLUMINA,Illumina MiSeq,SRP322898,PRJNA735440,,735440,SRS9979232,SAMN21032040,simple,256318,metagenome,Neg11,,,,,,,no,,,,,MURDOCH CHILDRENS RESEARCH INSTITUTE,SRA1286360,,public,8C83DEA7DBB7C890F735A176A3D5616C,9BC0EABEF5CCBBB031F88CBD70A230DF
SRR15673570,2021-10-07 00:00:28,2021-08-30 18:53:08,54,30413,54,563,0,,https://sra-downloadb.be-md.ncbi.nlm.nih.gov/sos9/sra-pub-zq-924/SRR015/15673/SRR15673570/SRR15673570.lite.1,SRX11970027,Neg12,AMPLICON,PCR,METAGENOMIC,PAIRED,0,0,ILLUMINA,Illumina MiSeq,SRP322898,PRJNA735440,,735440,SRS9979243,SAMN21032041,simple,256318,metagenome,Neg12,,,,,,,no,,,,,MURDOCH CHILDRENS RESEARCH INSTITUTE,SRA1286360,,public,A069E83468A726B753918F94D56C62EE,66087A66669001892414026692F81586
SRR15673559,2021-10-07 00:00:28,2021-08-30 18:53:00,17196,9678409,17196,562,4,,https://sra-downloadb.be-md.ncbi.nlm.nih.gov/sos9/sra-pub-zq-924/SRR015/15673/SRR15673559/SRR15673559.lite.1,SRX11970038,Neg13,AMPLICON,PCR,METAGENOMIC,PAIRED,0,0,ILLUMINA,Illumina MiSeq,SRP322898,PRJNA735440,,735440,SRS9979254,SAMN21032042,simple,256318,metagenome,Neg13,,,,,,,no,,,,,MURDOCH CHILDRENS RESEARCH INSTITUTE,SRA1286360,,public,D7C3DFE8A63E9A5CB058696E03FB2E7F,96578F5B92C4A87593C6BD7478476A85
SRR15673555,2021-10-07 00:00:28,2021-08-30 18:53:03,35433,19943098,35433,562,9,,https://sra-downloadb.be-md.ncbi.nlm.nih.gov/sos8/sra-pub-zq-820/SRR015/15673/SRR15673555/SRR15673555.lite.1,SRX11970042,Neg14,AMPLICON,PCR,METAGENOMIC,PAIRED,0,0,ILLUMINA,Illumina MiSeq,SRP322898,PRJNA735440,,735440,SRS9979258,SAMN21032043,simple,256318,metagenome,Neg14,,,,,,,no,,,,,MURDOCH CHILDRENS RESEARCH INSTITUTE,SRA1286360,,public,B9385C1E0AB66681443D4624B2F0D71A,880A17C7A0BE387AAAA0ACA0A94CD412
SRR15673554,2021-10-07 00:00:28,2021-08-30 18:52:55,10151,5715150,10151,563,3,,https://sra-downloadb.be-md.ncbi.nlm.nih.gov/sos9/sra-pub-zq-922/SRR015/15673/SRR15673554/SRR15673554.lite.1,SRX11970043,Neg15,AMPLICON,PCR,METAGENOMIC,PAIRED,0,0,ILLUMINA,Illumina MiSeq,SRP322898,PRJNA735440,,735440,SRS9979259,SAMN21032013,simple,256318,metagenome,Neg15,,,,,,,no,,,,,MURDOCH CHILDRENS RESEARCH INSTITUTE,SRA1286360,,public,441EA7B512A35D7901265F2369F58201,189CF8A3DF360120DAEB968F4A16C2EC
SRR15673553,2021-10-07 00:00:28,2021-08-30 18:53:02,38307,21567372,38307,563,11,,https://sra-downloadb.be-md.ncbi.nlm.nih.gov/sos9/sra-pub-zq-924/SRR015/15673/SRR15673553/SRR15673553.lite.1,SRX11970044,Neg16,AMPLICON,PCR,METAGENOMIC,PAIRED,0,0,ILLUMINA,Illumina MiSeq,SRP322898,PRJNA735440,,735440,SRS9979260,SAMN21032044,simple,256318,metagenome,Neg16,,,,,,,no,,,,,MURDOCH CHILDRENS RESEARCH INSTITUTE,SRA1286360,,public,C6DA3B15127275E90CC08DBFB5524325,77608FBD2A40880E7139F7A1B6B148E6
SRR15673552,2021-10-07 00:00:28,2021-08-30 18:52:59,26737,15043825,26737,562,8,,https://sra-downloadb.be-md.ncbi.nlm.nih.gov/sos9/sra-pub-zq-924/SRR015/15673/SRR15673552/SRR15673552.lite.1,SRX11970045,Neg17,AMPLICON,PCR,METAGENOMIC,PAIRED,0,0,ILLUMINA,Illumina MiSeq,SRP322898,PRJNA735440,,735440,SRS9979262,SAMN21032014,simple,256318,metagenome,Neg17,,,,,,,no,,,,,MURDOCH CHILDRENS RESEARCH INSTITUTE,SRA1286360,,public,B2D047B98A8096E9071F296E46ED2F2D,D912851D4514167B1624D783C9225AB1
SRR15673551,2021-10-07 00:00:28,2021-08-30 18:53:03,37896,21330027,37896,562,11,,https://sra-downloadb.be-md.ncbi.nlm.nih.gov/sos1/sra-pub-zq-38/SRR015/15673/SRR15673551/SRR15673551.lite.1,SRX11970046,Neg18,AMPLICON,PCR,METAGENOMIC,PAIRED,0,0,ILLUMINA,Illumina MiSeq,SRP322898,PRJNA735440,,735440,SRS9979261,SAMN21032015,simple,256318,metagenome,Neg18,,,,,,,no,,,,,MURDOCH CHILDRENS RESEARCH INSTITUTE,SRA1286360,,public,F45E0A67282C20F36A4D72970CBBA461,8A01E52D003E61E39230F67F7518B8CD
SRR15673591,2021-10-07 00:00:27,2021-08-30 18:54:00,29217,16445080,29217,562,7,,https://sra-downloadb.be-md.ncbi.nlm.nih.gov/sos9/sra-pub-zq-924/SRR015/15673/SRR15673591/SRR15673591.lite.1,SRX11970006,Neg19,AMPLICON,PCR,METAGENOMIC,PAIRED,0,0,ILLUMINA,Illumina MiSeq,SRP322898,PRJNA735440,,735440,SRS9979221,SAMN21032016,simple,256318,metagenome,Neg19,,,,,,,no,,,,,MURDOCH CHILDRENS RESEARCH INSTITUTE,SRA1286360,,public,8393CC1A795B9A9E5BB5F7EF19C83B8F,167AF6A7E3FEB3DD2A91D0EA45B22813
SRR15673590,2021-10-07 00:00:27,2021-08-30 18:53:55,26313,14800419,26313,562,8,,https://sra-downloadb.be-md.ncbi.nlm.nih.gov/sos1/sra-pub-zq-38/SRR015/15673/SRR15673590/SRR15673590.lite.1,SRX11970007,Neg2,AMPLICON,PCR,METAGENOMIC,PAIRED,0,0,ILLUMINA,Illumina MiSeq,SRP322898,PRJNA735440,,735440,SRS9979223,SAMN21032031,simple,256318,metagenome,Neg2,,,,,,,no,,,,,MURDOCH CHILDRENS RESEARCH INSTITUTE,SRA1286360,,public,05D17AB8A8A8F2D9A39C32E3D2C6C142,4D8554A24860528ABA043634B725BFE6
SRR15673589,2021-10-07 00:00:27,2021-08-30 18:53:42,23048,12970958,23048,562,6,,https://sra-downloadb.be-md.ncbi.nlm.nih.gov/sos8/sra-pub-zq-818/SRR015/15673/SRR15673589/SRR15673589.lite.1,SRX11970008,Neg20,AMPLICON,PCR,METAGENOMIC,PAIRED,0,0,ILLUMINA,Illumina MiSeq,SRP322898,PRJNA735440,,735440,SRS9979224,SAMN21032017,simple,256318,metagenome,Neg20,,,,,,,no,,,,,MURDOCH CHILDRENS RESEARCH INSTITUTE,SRA1286360,,public,E3767B5D900123F18A21EC5BECD8190D,118ABEDF56E5B4AE206DF7C7B24A281E
SRR15673588,2021-10-07 00:00:27,2021-08-30 18:53:50,28132,15834695,28132,562,7,,https://sra-downloadb.be-md.ncbi.nlm.nih.gov/sos8/sra-pub-zq-820/SRR015/15673/SRR15673588/SRR15673588.lite.1,SRX11970009,Neg21,AMPLICON,PCR,METAGENOMIC,PAIRED,0,0,ILLUMINA,Illumina MiSeq,SRP322898,PRJNA735440,,735440,SRS9979225,SAMN21032018,simple,256318,metagenome,Neg21,,,,,,,no,,,,,MURDOCH CHILDRENS RESEARCH INSTITUTE,SRA1286360,,public,2AE63542E6696E87B951021CC9E4BC5A,7544B9425348702F56795029A92247CD
SRR15673587,2021-10-07 00:00:27,2021-08-30 18:53:54,32425,18248766,32425,562,8,,https://sra-downloadb.be-md.ncbi.nlm.nih.gov/sos9/sra-pub-zq-924/SRR015/15673/SRR15673587/SRR15673587.lite.1,SRX11970010,Neg22,AMPLICON,PCR,METAGENOMIC,PAIRED,0,0,ILLUMINA,Illumina MiSeq,SRP322898,PRJNA735440,,735440,SRS9979226,SAMN21032029,simple,256318,metagenome,Neg22,,,,,,,no,,,,,MURDOCH CHILDRENS RESEARCH INSTITUTE,SRA1286360,,public,030130201AE3D547EDDE7F872441B3E4,C8D73D2CF5BFDE230398C91A4E7DBEC8
SRR15673586,2021-10-07 00:00:27,2021-08-30 18:53:42,20550,11567740,20550,562,6,,https://sra-downloadb.be-md.ncbi.nlm.nih.gov/sos8/sra-pub-zq-820/SRR015/15673/SRR15673586/SRR15673586.lite.1,SRX11970011,Neg23,AMPLICON,PCR,METAGENOMIC,PAIRED,0,0,ILLUMINA,Illumina MiSeq,SRP322898,PRJNA735440,,735440,SRS9979227,SAMN21032019,simple,256318,metagenome,Neg23,,,,,,,no,,,,,MURDOCH CHILDRENS RESEARCH INSTITUTE,SRA1286360,,public,25FFF38B4DB38970E7AD0E73F2A85C4C,348D6E7B335D46EBDCFC60CACAAD104D
SRR15673585,2021-10-07 00:00:27,2021-08-30 18:53:46,42494,23922701,42494,562,12,,https://sra-downloadb.be-md.ncbi.nlm.nih.gov/sos13/sra-pub-zq-1301/SRR015/15673/SRR15673585/SRR15673585.lite.1,SRX11970012,Neg24,AMPLICON,PCR,METAGENOMIC,PAIRED,0,0,ILLUMINA,Illumina MiSeq,SRP322898,PRJNA735440,,735440,SRS9979228,SAMN21032020,simple,256318,metagenome,Neg24,,,,,,,no,,,,,MURDOCH CHILDRENS RESEARCH INSTITUTE,SRA1286360,,public,66D30C8518BF06B42EF30D24E91A62E4,5AF6A2691D35E350A725EE806FCF6A36
SRR15673584,2021-10-07 00:00:27,2021-08-30 18:53:48,42573,23963975,42573,562,11,,https://sra-downloadb.be-md.ncbi.nlm.nih.gov/sos8/sra-pub-zq-820/SRR015/15673/SRR15673584/SRR15673584.lite.1,SRX11970013,Neg25,AMPLICON,PCR,METAGENOMIC,PAIRED,0,0,ILLUMINA,Illumina MiSeq,SRP322898,PRJNA735440,,735440,SRS9979229,SAMN21032021,simple,256318,metagenome,Neg25,,,,,,,no,,,,,MURDOCH CHILDRENS RESEARCH INSTITUTE,SRA1286360,,public,D0D836C1260C883BA82ECE3C90B3185C,4CB2B4688E6A7C98BF50901CDA2CEBB2
SRR15673583,2021-10-07 00:00:27,2021-08-30 18:53:46,29009,16330069,29009,562,7,,https://sra-downloadb.be-md.ncbi.nlm.nih.gov/sos13/sra-pub-zq-1301/SRR015/15673/SRR15673583/SRR15673583.lite.1,SRX11970014,Neg26,AMPLICON,PCR,METAGENOMIC,PAIRED,0,0,ILLUMINA,Illumina MiSeq,SRP322898,PRJNA735440,,735440,SRS9979230,SAMN21032022,simple,256318,metagenome,Neg26,,,,,,,no,,,,,MURDOCH CHILDRENS RESEARCH INSTITUTE,SRA1286360,,public,9581DD03DC92131564EF3B9070BAE102,169731A11C95F569AE3F5F391AF45A66
SRR15673582,2021-10-07 00:00:27,2021-08-30 18:53:45,38155,21464108,38155,562,10,,https://sra-downloadb.be-md.ncbi.nlm.nih.gov/sos9/sra-pub-zq-922/SRR015/15673/SRR15673582/SRR15673582.lite.1,SRX11970015,Neg27,AMPLICON,PCR,METAGENOMIC,PAIRED,0,0,ILLUMINA,Illumina MiSeq,SRP322898,PRJNA735440,,735440,SRS9979231,SAMN21032023,simple,256318,metagenome,Neg27,,,,,,,no,,,,,MURDOCH CHILDRENS RESEARCH INSTITUTE,SRA1286360,,public,B164A74B05EEAB4A69B05F5C96A51BE3,626EDAB05145FC1360B216DD0C4200FA
SRR15673580,2021-10-07 00:00:27,2021-08-30 18:53:44,31275,17605632,31275,562,9,,https://sra-downloadb.be-md.ncbi.nlm.nih.gov/sos9/sra-pub-zq-922/SRR015/15673/SRR15673580/SRR15673580.lite.1,SRX11970017,Neg28,AMPLICON,PCR,METAGENOMIC,PAIRED,0,0,ILLUMINA,Illumina MiSeq,SRP322898,PRJNA735440,,735440,SRS9979233,SAMN21032027,simple,256318,metagenome,Neg28,,,,,,,no,,,,,MURDOCH CHILDRENS RESEARCH INSTITUTE,SRA1286360,,public,F04A30FFA88A28D45F344C1191A00DF0,C41E8186D08FE88617F4C2ACA9FEF07B
SRR15673579,2021-10-07 00:00:28,2021-08-30 18:53:22,7242,4075695,7242,562,2,,https://sra-downloadb.be-md.ncbi.nlm.nih.gov/sos9/sra-pub-zq-924/SRR015/15673/SRR15673579/SRR15673579.lite.1,SRX11970018,Neg29,AMPLICON,PCR,METAGENOMIC,PAIRED,0,0,ILLUMINA,Illumina MiSeq,SRP322898,PRJNA735440,,735440,SRS9979234,SAMN21032045,simple,256318,metagenome,Neg29,,,,,,,no,,,,,MURDOCH CHILDRENS RESEARCH INSTITUTE,SRA1286360,,public,AAB0970E78CB8CA924E15E0A86917318,3E24878F49D93357E306FA2C6A8972D1
SRR15673578,2021-10-07 00:00:28,2021-08-30 18:53:40,37037,20846425,37037,562,11,,https://sra-downloadb.be-md.ncbi.nlm.nih.gov/sos9/sra-pub-zq-922/SRR015/15673/SRR15673578/SRR15673578.lite.1,SRX11970019,Neg3,AMPLICON,PCR,METAGENOMIC,PAIRED,0,0,ILLUMINA,Illumina MiSeq,SRP322898,PRJNA735440,,735440,SRS9979235,SAMN21032032,simple,256318,metagenome,Neg3,,,,,,,no,,,,,MURDOCH CHILDRENS RESEARCH INSTITUTE,SRA1286360,,public,FF39B008178CEB145012031D0B9783A9,89901E4D2EFEF7AF89862EB5544230DF
SRR15673577,2021-10-07 00:00:28,2021-08-30 18:53:32,42896,24151667,42896,563,12,,https://sra-downloadb.be-md.ncbi.nlm.nih.gov/sos1/sra-pub-zq-38/SRR015/15673/SRR15673577/SRR15673577.lite.1,SRX11970020,Neg30,AMPLICON,PCR,METAGENOMIC,PAIRED,0,0,ILLUMINA,Illumina MiSeq,SRP322898,PRJNA735440,,735440,SRS9979236,SAMN21032024,simple,256318,metagenome,Neg30,,,,,,,no,,,,,MURDOCH CHILDRENS RESEARCH INSTITUTE,SRA1286360,,public,D595BCACFCCAE7D3D2EC02F720DBCAD3,6B92EA2CAB68F70518F105C3E39DA921
SRR15673576,2021-10-07 00:00:28,2021-08-30 18:53:41,31160,17535312,31160,562,8,,https://sra-downloadb.be-md.ncbi.nlm.nih.gov/sos8/sra-pub-zq-820/SRR015/15673/SRR15673576/SRR15673576.lite.1,SRX11970021,Neg31,AMPLICON,PCR,METAGENOMIC,PAIRED,0,0,ILLUMINA,Illumina MiSeq,SRP322898,PRJNA735440,,735440,SRS9979237,SAMN21032046,simple,256318,metagenome,Neg31,,,,,,,no,,,,,MURDOCH CHILDRENS RESEARCH INSTITUTE,SRA1286360,,public,A847A2D3AFA155C3F0FC5A4AC68354D9,81AE36C7C88EB23D137F993E30512BC6
SRR15673575,2021-10-07 00:00:28,2021-08-30 18:53:34,33249,18709292,33249,562,8,,https://sra-downloadb.be-md.ncbi.nlm.nih.gov/sos1/sra-pub-zq-38/SRR015/15673/SRR15673575/SRR15673575.lite.1,SRX11970022,Neg32,AMPLICON,PCR,METAGENOMIC,PAIRED,0,0,ILLUMINA,Illumina MiSeq,SRP322898,PRJNA735440,,735440,SRS9979238,SAMN21032047,simple,256318,metagenome,Neg32,,,,,,,no,,,,,MURDOCH CHILDRENS RESEARCH INSTITUTE,SRA1286360,,public,D46A5711BF2F1D22179CFED9B694A142,C8E8D3F3A8E9FE82E908FB756773110E
SRR15673574,2021-10-07 00:00:28,2021-08-30 18:53:23,20490,11532722,20490,562,5,,https://sra-downloadb.be-md.ncbi.nlm.nih.gov/sos1/sra-pub-zq-38/SRR015/15673/SRR15673574/SRR15673574.lite.1,SRX11970023,Neg33,AMPLICON,PCR,METAGENOMIC,PAIRED,0,0,ILLUMINA,Illumina MiSeq,SRP322898,PRJNA735440,,735440,SRS9979239,SAMN21032048,simple,256318,metagenome,Neg33,,,,,,,no,,,,,MURDOCH CHILDRENS RESEARCH INSTITUTE,SRA1286360,,public,B82F1B7C515DC929EFADC0453E034005,948679509A88907C9FE0C2E42B2830C9
SRR15673573,2021-10-07 00:00:28,2021-08-30 18:53:31,27152,15284047,27152,562,6,,https://sra-downloadb.be-md.ncbi.nlm.nih.gov/sos9/sra-pub-zq-924/SRR015/15673/SRR15673573/SRR15673573.lite.1,SRX11970024,Neg34,AMPLICON,PCR,METAGENOMIC,PAIRED,0,0,ILLUMINA,Illumina MiSeq,SRP322898,PRJNA735440,,735440,SRS9979240,SAMN21032049,simple,256318,metagenome,Neg34,,,,,,,no,,,,,MURDOCH CHILDRENS RESEARCH INSTITUTE,SRA1286360,,public,764E8C2D2A8C22B8FA9AF16832F4A043,3F49658F6ED467EC7B3A22B772EBBF8D
SRR15673572,2021-10-07 00:00:28,2021-08-30 18:53:34,30591,17213694,30591,562,7,,https://sra-downloadb.be-md.ncbi.nlm.nih.gov/sos8/sra-pub-zq-820/SRR015/15673/SRR15673572/SRR15673572.lite.1,SRX11970025,Neg35,AMPLICON,PCR,METAGENOMIC,PAIRED,0,0,ILLUMINA,Illumina MiSeq,SRP322898,PRJNA735440,,735440,SRS9979241,SAMN21032025,simple,256318,metagenome,Neg35,,,,,,,no,,,,,MURDOCH CHILDRENS RESEARCH INSTITUTE,SRA1286360,,public,48ED4D31977383CFA249D2ACA310BBE7,8258E6FB172F3A97C4B3722E330F9541
SRR15673571,2021-10-07 00:00:28,2021-08-30 18:53:33,24849,13987384,24849,562,6,,https://sra-downloadb.be-md.ncbi.nlm.nih.gov/sos9/sra-pub-zq-924/SRR015/15673/SRR15673571/SRR15673571.lite.1,SRX11970026,Neg36,AMPLICON,PCR,METAGENOMIC,PAIRED,0,0,ILLUMINA,Illumina MiSeq,SRP322898,PRJNA735440,,735440,SRS9979242,SAMN21032050,simple,256318,metagenome,Neg36,,,,,,,no,,,,,MURDOCH CHILDRENS RESEARCH INSTITUTE,SRA1286360,,public,AE53E724DB54DE1F1EE74AB57BC224E3,32690B45A88BDFE3DC50B2D2A3BDE556
SRR15673569,2021-10-07 00:00:28,2021-08-30 18:53:34,28551,16068102,28551,562,7,,https://sra-downloadb.be-md.ncbi.nlm.nih.gov/sos8/sra-pub-zq-820/SRR015/15673/SRR15673569/SRR15673569.lite.1,SRX11970028,Neg37,AMPLICON,PCR,METAGENOMIC,PAIRED,0,0,ILLUMINA,Illumina MiSeq,SRP322898,PRJNA735440,,735440,SRS9979245,SAMN21032026,simple,256318,metagenome,Neg37,,,,,,,no,,,,,MURDOCH CHILDRENS RESEARCH INSTITUTE,SRA1286360,,public,798CB37685E23F7440EE2497E229E87B,76C107EF64BB30AE870682049F6B4F6B
SRR15673568,2021-10-07 00:00:28,2021-08-30 18:53:36,30286,17048933,30286,562,7,,https://sra-downloadb.be-md.ncbi.nlm.nih.gov/sos1/sra-pub-zq-38/SRR015/15673/SRR15673568/SRR15673568.lite.1,SRX11970029,Neg38,AMPLICON,PCR,METAGENOMIC,PAIRED,0,0,ILLUMINA,Illumina MiSeq,SRP322898,PRJNA735440,,735440,SRS9979244,SAMN21032030,simple,256318,metagenome,Neg38,,,,,,,no,,,,,MURDOCH CHILDRENS RESEARCH INSTITUTE,SRA1286360,,public,0344A6852675423850407F71E38258DE,F292BE1FDF33C683C8DE03B8CB0B4749
SRR15673567,2021-10-07 00:00:28,2021-08-30 18:53:31,27943,15726547,27943,562,7,,https://sra-downloadb.be-md.ncbi.nlm.nih.gov/sos8/sra-pub-zq-820/SRR015/15673/SRR15673567/SRR15673567.lite.1,SRX11970030,Neg39,AMPLICON,PCR,METAGENOMIC,PAIRED,0,0,ILLUMINA,Illumina MiSeq,SRP322898,PRJNA735440,,735440,SRS9979246,SAMN21032028,simple,256318,metagenome,Neg39,,,,,,,no,,,,,MURDOCH CHILDRENS RESEARCH INSTITUTE,SRA1286360,,public,DA1BCA163E447D0AAB714DE0265A4974,C5C03C088A10B97C9E47A4E8F089F82E
SRR15673566,2021-10-07 00:00:28,2021-08-30 18:53:35,30794,17334101,30794,562,9,,https://sra-downloadb.be-md.ncbi.nlm.nih.gov/sos9/sra-pub-zq-924/SRR015/15673/SRR15673566/SRR15673566.lite.1,SRX11970031,Neg4,AMPLICON,PCR,METAGENOMIC,PAIRED,0,0,ILLUMINA,Illumina MiSeq,SRP322898,PRJNA735440,,735440,SRS9979247,SAMN21032033,simple,256318,metagenome,Neg4,,,,,,,no,,,,,MURDOCH CHILDRENS RESEARCH INSTITUTE,SRA1286360,,public,F8DDFF300E2B093D60F4572E50EB8B89,658737C7D818A1CA1102597E1649E4F3
SRR15673565,2021-10-07 00:00:28,2021-08-30 18:53:38,36641,20627863,36641,562,10,,https://sra-downloadb.be-md.ncbi.nlm.nih.gov/sos1/sra-pub-zq-38/SRR015/15673/SRR15673565/SRR15673565.lite.1,SRX11970032,Neg5,AMPLICON,PCR,METAGENOMIC,PAIRED,0,0,ILLUMINA,Illumina MiSeq,SRP322898,PRJNA735440,,735440,SRS9979248,SAMN21032034,simple,256318,metagenome,Neg5,,,,,,,no,,,,,MURDOCH CHILDRENS RESEARCH INSTITUTE,SRA1286360,,public,3357C52A854B47505DAD4AE195819F14,74C2178B3ED8DF00FA7EAEC20429D984
SRR15673564,2021-10-07 00:00:28,2021-08-30 18:53:33,37525,21112405,37525,562,11,,https://sra-downloadb.be-md.ncbi.nlm.nih.gov/sos9/sra-pub-zq-924/SRR015/15673/SRR15673564/SRR15673564.lite.1,SRX11970033,Neg6,AMPLICON,PCR,METAGENOMIC,PAIRED,0,0,ILLUMINA,Illumina MiSeq,SRP322898,PRJNA735440,,735440,SRS9979249,SAMN21032035,simple,256318,metagenome,Neg6,,,,,,,no,,,,,MURDOCH CHILDRENS RESEARCH INSTITUTE,SRA1286360,,public,412A3040DE0F4D994D9A639F34F78DC3,F1110F68539E185FEF07C0617C17A358
SRR15673563,2021-10-07 00:00:28,2021-08-30 18:53:31,29356,16516598,29356,562,8,,https://sra-downloadb.be-md.ncbi.nlm.nih.gov/sos1/sra-pub-zq-38/SRR015/15673/SRR15673563/SRR15673563.lite.1,SRX11970034,Neg7,AMPLICON,PCR,METAGENOMIC,PAIRED,0,0,ILLUMINA,Illumina MiSeq,SRP322898,PRJNA735440,,735440,SRS9979250,SAMN21032036,simple,256318,metagenome,Neg7,,,,,,,no,,,,,MURDOCH CHILDRENS RESEARCH INSTITUTE,SRA1286360,,public,CC4B47483F68278BC9B8790B0E7CAF2A,1C7A559CB316309D5ABE053DFF79E41D
SRR15673562,2021-10-07 00:00:28,2021-08-30 18:53:31,26316,14812973,26316,562,7,,https://sra-downloadb.be-md.ncbi.nlm.nih.gov/sos1/sra-pub-zq-38/SRR015/15673/SRR15673562/SRR15673562.lite.1,SRX11970035,Neg8,AMPLICON,PCR,METAGENOMIC,PAIRED,0,0,ILLUMINA,Illumina MiSeq,SRP322898,PRJNA735440,,735440,SRS9979252,SAMN21032037,simple,256318,metagenome,Neg8,,,,,,,no,,,,,MURDOCH CHILDRENS RESEARCH INSTITUTE,SRA1286360,,public,AE9901EDDE406BFCAA9A40DD39275D74,4644DDDB5BC744866E2AB590A754BA4A
SRR15673561,2021-10-07 00:00:28,2021-08-30 18:53:31,25881,14565549,25881,562,6,,https://sra-downloadb.be-md.ncbi.nlm.nih.gov/sos8/sra-pub-zq-818/SRR015/15673/SRR15673561/SRR15673561.lite.1,SRX11970036,Neg9,AMPLICON,PCR,METAGENOMIC,PAIRED,0,0,ILLUMINA,Illumina MiSeq,SRP322898,PRJNA735440,,735440,SRS9979251,SAMN21032038,simple,256318,metagenome,Neg9,,,,,,,no,,,,,MURDOCH CHILDRENS RESEARCH INSTITUTE,SRA1286360,,public,10672714785F63838E1D660C707E6379,7FAB9ADBFC4C65F8D2A80AD7C48BA8A4
SRR15673560,2021-10-07 00:00:28,2021-08-30 18:53:33,46095,25949233,46095,562,13,,https://sra-downloadb.be-md.ncbi.nlm.nih.gov/sos8/sra-pub-zq-820/SRR015/15673/SRR15673560/SRR15673560.lite.1,SRX11970037,Pos1,AMPLICON,PCR,METAGENOMIC,PAIRED,0,0,ILLUMINA,Illumina MiSeq,SRP322898,PRJNA735440,,735440,SRS9979253,SAMN21032009,simple,1235509,synthetic metagenome,Pos1,,,,,,,no,,,,,MURDOCH CHILDRENS RESEARCH INSTITUTE,SRA1286360,,public,20541D7FFB5B8008142B145199F60F54,A18A7D85AB38BF4C8A5F0DE3539E4610
SRR15673558,2021-10-07 00:00:28,2021-08-30 18:53:05,35712,20099375,35712,562,9,,https://sra-downloadb.be-md.ncbi.nlm.nih.gov/sos8/sra-pub-zq-820/SRR015/15673/SRR15673558/SRR15673558.lite.1,SRX11970039,Pos2,AMPLICON,PCR,METAGENOMIC,PAIRED,0,0,ILLUMINA,Illumina MiSeq,SRP322898,PRJNA735440,,735440,SRS9979255,SAMN21032010,simple,1235509,synthetic metagenome,Pos2,,,,,,,no,,,,,MURDOCH CHILDRENS RESEARCH INSTITUTE,SRA1286360,,public,EB8D35B23993EEC34843F4716694F903,04CF328F4E83EA745CA4D10A0068BCF7
SRR15673557,2021-10-07 00:00:28,2021-08-30 18:53:02,32478,18281578,32478,562,8,,https://sra-downloadb.be-md.ncbi.nlm.nih.gov/sos1/sra-pub-zq-38/SRR015/15673/SRR15673557/SRR15673557.lite.1,SRX11970040,Pos3,AMPLICON,PCR,METAGENOMIC,PAIRED,0,0,ILLUMINA,Illumina MiSeq,SRP322898,PRJNA735440,,735440,SRS9979257,SAMN21032011,simple,1235509,synthetic metagenome,Pos3,,,,,,,no,,,,,MURDOCH CHILDRENS RESEARCH INSTITUTE,SRA1286360,,public,18006B52088F3C4D71A391972C82A51C,2DA911D434BFD43C1318416A2399FF0F
SRR15673556,2021-10-07 00:00:28,2021-08-30 18:53:02,44565,25091998,44565,563,13,,https://sra-downloadb.be-md.ncbi.nlm.nih.gov/sos1/sra-pub-zq-38/SRR015/15673/SRR15673556/SRR15673556.lite.1,SRX11970041,Pos4,AMPLICON,PCR,METAGENOMIC,PAIRED,0,0,ILLUMINA,Illumina MiSeq,SRP322898,PRJNA735440,,735440,SRS9979256,SAMN21032012,simple,1235509,synthetic metagenome,Pos4,,,,,,,no,,,,,MURDOCH CHILDRENS RESEARCH INSTITUTE,SRA1286360,,public,D945770F1CEB5E59D12012B19B560826,B77AAC5AE2B094A68A93E005535BDB94
SRR14742410,2021-10-07 00:00:25,2021-06-06 09:42:03,36449,20495562,36449,562,11,,https://sra-downloadb.be-md.ncbi.nlm.nih.gov/sos8/sra-pub-zq-820/SRR014/14742/SRR14742410/SRR14742410.lite.1,SRX11076918,21V_D8,AMPLICON,PCR,METAGENOMIC,PAIRED,0,0,ILLUMINA,Illumina MiSeq,SRP322898,PRJNA735440,,735440,SRS9142840,SAMN19582176,simple,1632839,human vaginal metagenome,21V_D8,,,,,,,no,,,,,MURDOCH CHILDRENS RESEARCH INSTITUTE,SRA1241179,,public,5E84E5DBBE94AFA0E9377E5CD0AB3AFC,AFCBCE17D6C3BB2E83E3C66B6A87EC32
SRR14742401,2021-10-07 00:00:25,2021-06-06 09:41:53,33132,18640060,33132,562,9,,https://sra-downloadb.be-md.ncbi.nlm.nih.gov/sos9/sra-pub-zq-924/SRR014/14742/SRR14742401/SRR14742401.lite.1,SRX11076927,21V_End,AMPLICON,PCR,METAGENOMIC,PAIRED,0,0,ILLUMINA,Illumina MiSeq,SRP322898,PRJNA735440,,735440,SRS9142848,SAMN19582179,simple,1632839,human vaginal metagenome,21V_End,,,,,,,no,,,,,MURDOCH CHILDRENS RESEARCH INSTITUTE,SRA1241179,,public,65DCF2EB462B47713927803B4F5AF6E6,9AE86B5E8C0F6C818D830E48B79D9CE2
SRR14742404,2021-10-07 00:00:25,2021-06-06 09:42:01,40930,23044888,40930,563,11,,https://sra-downloadb.be-md.ncbi.nlm.nih.gov/sos9/sra-pub-zq-924/SRR014/14742/SRR14742404/SRR14742404.lite.1,SRX11076924,21V_W4,AMPLICON,PCR,METAGENOMIC,PAIRED,0,0,ILLUMINA,Illumina MiSeq,SRP322898,PRJNA735440,,735440,SRS9142844,SAMN19582177,simple,1632839,human vaginal metagenome,21V_W4,,,,,,,no,,,,,MURDOCH CHILDRENS RESEARCH INSTITUTE,SRA1241179,,public,7E770E485294E8DA58AE05DBC7B1DA79,F7CB69879D87BB91F731A27A86685AFC
SRR14742403,2021-10-07 00:00:25,2021-06-06 09:42:02,42637,24003727,42637,562,11,,https://sra-downloadb.be-md.ncbi.nlm.nih.gov/sos1/sra-pub-zq-38/SRR014/14742/SRR14742403/SRR14742403.lite.1,SRX11076925,21V_W8,AMPLICON,PCR,METAGENOMIC,PAIRED,0,0,ILLUMINA,Illumina MiSeq,SRP322898,PRJNA735440,,735440,SRS9142846,SAMN19582178,simple,1632839,human vaginal metagenome,21V_W8,,,,,,,no,,,,,MURDOCH CHILDRENS RESEARCH INSTITUTE,SRA1241179,,public,FAE5434D336E9750C2FD6B9984B4C294,2903480FA2405325BED451E3A770F7A2
SRR14742400,2021-10-07 00:00:25,2021-06-06 09:41:55,38545,21693908,38545,562,11,,https://sra-downloadb.be-md.ncbi.nlm.nih.gov/sos1/sra-pub-zq-38/SRR014/14742/SRR14742400/SRR14742400.lite.1,SRX11076928,22V_D0,AMPLICON,PCR,METAGENOMIC,PAIRED,0,0,ILLUMINA,Illumina MiSeq,SRP322898,PRJNA735440,,735440,SRS9142849,SAMN19582180,simple,1632839,human vaginal metagenome,22V_D0,,,,,,,no,,,,,MURDOCH CHILDRENS RESEARCH INSTITUTE,SRA1241179,,public,D516D4EC4C6A86190A068042D92E19EF,9DC8B277B885E8FB8E36D5ADFF91AEF6
SRR14742399,2021-10-07 00:00:25,2021-06-06 09:42:00,45930,25847719,45930,562,13,,https://sra-downloadb.be-md.ncbi.nlm.nih.gov/sos1/sra-pub-zq-38/SRR014/14742/SRR14742399/SRR14742399.lite.1,SRX11076929,22V_D8,AMPLICON,PCR,METAGENOMIC,PAIRED,0,0,ILLUMINA,Illumina MiSeq,SRP322898,PRJNA735440,,735440,SRS9143001,SAMN19582181,simple,1632839,human vaginal metagenome,22V_D8,,,,,,,no,,,,,MURDOCH CHILDRENS RESEARCH INSTITUTE,SRA1241179,,public,5600CCEB39562A9020AB46D4021EFD1A,26616CB2397BF73A2E7006E229BF0298
SRR14742396,2021-10-07 00:00:25,2021-06-06 09:41:58,34533,19425346,34533,562,10,,https://sra-downloadb.be-md.ncbi.nlm.nih.gov/sos8/sra-pub-zq-818/SRR014/14742/SRR14742396/SRR14742396.lite.1,SRX11076932,22V_End,AMPLICON,PCR,METAGENOMIC,PAIRED,0,0,ILLUMINA,Illumina MiSeq,SRP322898,PRJNA735440,,735440,SRS9142851,SAMN19582184,simple,1632839,human vaginal metagenome,22V_End,,,,,,,no,,,,,MURDOCH CHILDRENS RESEARCH INSTITUTE,SRA1241179,,public,AB943D4184802A1AFE5E41CC790ABBA9,89D49677B566E910396E5F7BF1A96927
SRR14742398,2021-10-07 00:00:25,2021-06-06 09:41:54,39824,22421700,39824,563,11,,https://sra-downloadb.be-md.ncbi.nlm.nih.gov/sos9/sra-pub-zq-922/SRR014/14742/SRR14742398/SRR14742398.lite.1,SRX11076930,22V_W4,AMPLICON,PCR,METAGENOMIC,PAIRED,0,0,ILLUMINA,Illumina MiSeq,SRP322898,PRJNA735440,,735440,SRS9142860,SAMN19582182,simple,1632839,human vaginal metagenome,22V_W4,,,,,,,no,,,,,MURDOCH CHILDRENS RESEARCH INSTITUTE,SRA1241179,,public,C566821B0D8F538BC2D7B32A0D9E3D3A,11353ECFF22CB6F3C8A4C8F2D7519C69
SRR14742397,2021-10-07 00:00:25,2021-06-06 09:41:52,31158,17532508,31158,562,9,,https://sra-downloadb.be-md.ncbi.nlm.nih.gov/sos9/sra-pub-zq-924/SRR014/14742/SRR14742397/SRR14742397.lite.1,SRX11076931,22V_W8,AMPLICON,PCR,METAGENOMIC,PAIRED,0,0,ILLUMINA,Illumina MiSeq,SRP322898,PRJNA735440,,735440,SRS9142850,SAMN19582183,simple,1632839,human vaginal metagenome,22V_W8,,,,,,,no,,,,,MURDOCH CHILDRENS RESEARCH INSTITUTE,SRA1241179,,public,240F1B96FF21F53E202C84069CE2D9DA,BCF53A002594070ACAB917800CD989E1
SRR14742395,2021-10-07 00:00:25,2021-06-06 09:41:55,45603,25660090,45603,562,14,,https://sra-downloadb.be-md.ncbi.nlm.nih.gov/sos9/sra-pub-zq-922/SRR014/14742/SRR14742395/SRR14742395.lite.1,SRX11076933,23V_D0,AMPLICON,PCR,METAGENOMIC,PAIRED,0,0,ILLUMINA,Illumina MiSeq,SRP322898,PRJNA735440,,735440,SRS9142852,SAMN19582185,simple,1632839,human vaginal metagenome,23V_D0,,,,,,,no,,,,,MURDOCH CHILDRENS RESEARCH INSTITUTE,SRA1241179,,public,12B4E7687DB4A58D9B512BA6F8D6490D,C49FFA12EEC79003EEFC8FEFBCCE1EBC
SRR14742394,2021-10-07 00:00:25,2021-06-06 09:41:53,29155,16413777,29155,562,8,,https://sra-downloadb.be-md.ncbi.nlm.nih.gov/sos8/sra-pub-zq-820/SRR014/14742/SRR14742394/SRR14742394.lite.1,SRX11076934,23V_D8,AMPLICON,PCR,METAGENOMIC,PAIRED,0,0,ILLUMINA,Illumina MiSeq,SRP322898,PRJNA735440,,735440,SRS9142853,SAMN19582186,simple,1632839,human vaginal metagenome,23V_D8,,,,,,,no,,,,,MURDOCH CHILDRENS RESEARCH INSTITUTE,SRA1241179,,public,24C7E4FCC5BD2E11F876031E46ECB359,0AE4537C3B18674071F0F9F8C74EA1D9
SRR14742367,2021-10-07 00:00:26,2021-06-06 09:41:42,38228,21503565,38228,562,10,,https://sra-downloadb.be-md.ncbi.nlm.nih.gov/sos1/sra-pub-zq-38/SRR014/14742/SRR14742367/SRR14742367.lite.1,SRX11076961,23V_End,AMPLICON,PCR,METAGENOMIC,PAIRED,0,0,ILLUMINA,Illumina MiSeq,SRP322898,PRJNA735440,,735440,SRS9142880,SAMN19582189,simple,1632839,human vaginal metagenome,23V_End,,,,,,,no,,,,,MURDOCH CHILDRENS RESEARCH INSTITUTE,SRA1241179,,public,AE201FDBA929787C4030089397587197,4502F161651AE307FCA024498B72D8D7
SRR14742393,2021-10-07 00:00:25,2021-06-06 09:41:53,39302,22120894,39302,562,11,,https://sra-downloadb.be-md.ncbi.nlm.nih.gov/sos1/sra-pub-zq-38/SRR014/14742/SRR14742393/SRR14742393.lite.1,SRX11076935,23V_W4,AMPLICON,PCR,METAGENOMIC,PAIRED,0,0,ILLUMINA,Illumina MiSeq,SRP322898,PRJNA735440,,735440,SRS9142854,SAMN19582187,simple,1632839,human vaginal metagenome,23V_W4,,,,,,,no,,,,,MURDOCH CHILDRENS RESEARCH INSTITUTE,SRA1241179,,public,07079EA59D7A91876AB1853F2F0E732E,E0563336B4762D38649BB9031528DD36
SRR14742392,2021-10-07 00:00:25,2021-06-06 09:41:52,32460,18269386,32460,562,9,,https://sra-downloadb.be-md.ncbi.nlm.nih.gov/sos1/sra-pub-zq-38/SRR014/14742/SRR14742392/SRR14742392.lite.1,SRX11076936,23V_W8,AMPLICON,PCR,METAGENOMIC,PAIRED,0,0,ILLUMINA,Illumina MiSeq,SRP322898,PRJNA735440,,735440,SRS9142855,SAMN19582188,simple,1632839,human vaginal metagenome,23V_W8,,,,,,,no,,,,,MURDOCH CHILDRENS RESEARCH INSTITUTE,SRA1241179,,public,498495F129FA638DF13BC1D94CE262A9,4397DBBB88103F3022FF2F10DDA2CD7C
SRR14742366,2021-10-07 00:00:26,2021-06-06 09:41:45,48254,27153397,48253,562,14,,https://sra-downloadb.be-md.ncbi.nlm.nih.gov/sos8/sra-pub-zq-820/SRR014/14742/SRR14742366/SRR14742366.lite.1,SRX11076962,27V_D0,AMPLICON,PCR,METAGENOMIC,PAIRED,0,0,ILLUMINA,Illumina MiSeq,SRP322898,PRJNA735440,,735440,SRS9142882,SAMN19582190,simple,1632839,human vaginal metagenome,27V_D0,,,,,,,no,,,,,MURDOCH CHILDRENS RESEARCH INSTITUTE,SRA1241179,,public,5F7154352991000568C850EC71863024,3A25E3B718FA8045ECE7A122E5ACD83A
SRR14742365,2021-10-07 00:00:26,2021-06-06 09:41:46,40406,22739492,40406,562,11,,https://sra-downloadb.be-md.ncbi.nlm.nih.gov/sos8/sra-pub-zq-820/SRR014/14742/SRR14742365/SRR14742365.lite.1,SRX11076963,27V_D8,AMPLICON,PCR,METAGENOMIC,PAIRED,0,0,ILLUMINA,Illumina MiSeq,SRP322898,PRJNA735440,,735440,SRS9142883,SAMN19582191,simple,1632839,human vaginal metagenome,27V_D8,,,,,,,no,,,,,MURDOCH CHILDRENS RESEARCH INSTITUTE,SRA1241179,,public,2FA941E3196FB27B78A141AD751933CC,6FF623265232123EE24C7C5612455592
SRR14742362,2021-10-07 00:00:26,2021-06-06 09:41:46,43959,24724419,43959,562,12,,https://sra-downloadb.be-md.ncbi.nlm.nih.gov/sos9/sra-pub-zq-922/SRR014/14742/SRR14742362/SRR14742362.lite.1,SRX11076966,27V_End,AMPLICON,PCR,METAGENOMIC,PAIRED,0,0,ILLUMINA,Illumina MiSeq,SRP322898,PRJNA735440,,735440,SRS9142886,SAMN19582194,simple,1632839,human vaginal metagenome,27V_End,,,,,,,no,,,,,MURDOCH CHILDRENS RESEARCH INSTITUTE,SRA1241179,,public,0D6DE11F144658F44E1B417C94947225,B6E5E3F5A78DD2F29889E9DCCB807B5A
SRR14742364,2021-10-07 00:00:26,2021-06-06 09:41:42,39508,22231212,39508,562,11,,https://sra-downloadb.be-md.ncbi.nlm.nih.gov/sos9/sra-pub-zq-924/SRR014/14742/SRR14742364/SRR14742364.lite.1,SRX11076964,27V_W4,AMPLICON,PCR,METAGENOMIC,PAIRED,0,0,ILLUMINA,Illumina MiSeq,SRP322898,PRJNA735440,,735440,SRS9142884,SAMN19582192,simple,1632839,human vaginal metagenome,27V_W4,,,,,,,no,,,,,MURDOCH CHILDRENS RESEARCH INSTITUTE,SRA1241179,,public,CF8ADDF9231BB3402F003D54454BAF9D,01AB5D50E3EA8DDC6426EEA658521F3E
SRR14742363,2021-10-07 00:00:26,2021-06-06 09:41:42,40348,22704512,40348,562,11,,https://sra-downloadb.be-md.ncbi.nlm.nih.gov/sos13/sra-pub-zq-1301/SRR014/14742/SRR14742363/SRR14742363.lite.1,SRX11076965,27V_W8,AMPLICON,PCR,METAGENOMIC,PAIRED,0,0,ILLUMINA,Illumina MiSeq,SRP322898,PRJNA735440,,735440,SRS9142885,SAMN19582193,simple,1632839,human vaginal metagenome,27V_W8,,,,,,,no,,,,,MURDOCH CHILDRENS RESEARCH INSTITUTE,SRA1241179,,public,D97A2412BFEFDEC88A9734370DE74187,605156B523F12150B0AD734002C9D777
SRR14742361,2021-10-07 00:00:26,2021-06-06 09:41:49,46603,26214112,46602,562,14,,https://sra-downloadb.be-md.ncbi.nlm.nih.gov/sos9/sra-pub-zq-922/SRR014/14742/SRR14742361/SRR14742361.lite.1,SRX11076967,28V_D0,AMPLICON,PCR,METAGENOMIC,PAIRED,0,0,ILLUMINA,Illumina MiSeq,SRP322898,PRJNA735440,,735440,SRS9142888,SAMN19582195,simple,1632839,human vaginal metagenome,28V_D0,,,,,,,no,,,,,MURDOCH CHILDRENS RESEARCH INSTITUTE,SRA1241179,,public,2774661BF2A3D1FAE963F7EAAC38AED7,C64C215534D6C5011CED39E0BCC0E146
SRR14742360,2021-10-07 00:00:26,2021-06-06 09:41:42,42415,23865016,42415,562,12,,https://sra-downloadb.be-md.ncbi.nlm.nih.gov/sos13/sra-pub-zq-1301/SRR014/14742/SRR14742360/SRR14742360.lite.1,SRX11076968,28V_D8,AMPLICON,PCR,METAGENOMIC,PAIRED,0,0,ILLUMINA,Illumina MiSeq,SRP322898,PRJNA735440,,735440,SRS9142887,SAMN19582196,simple,1632839,human vaginal metagenome,28V_D8,,,,,,,no,,,,,MURDOCH CHILDRENS RESEARCH INSTITUTE,SRA1241179,,public,382668BD5B54C3715F918FACC2D62914,037D69580AFDFBB40A4B840CA6CA0316
SRR14742356,2021-10-07 00:00:27,2021-06-06 09:41:40,43214,24303471,43214,562,12,,https://sra-downloadb.be-md.ncbi.nlm.nih.gov/sos9/sra-pub-zq-924/SRR014/14742/SRR14742356/SRR14742356.lite.1,SRX11076972,28V_End,AMPLICON,PCR,METAGENOMIC,PAIRED,0,0,ILLUMINA,Illumina MiSeq,SRP322898,PRJNA735440,,735440,SRS9142892,SAMN19582199,simple,1632839,human vaginal metagenome,28V_End,,,,,,,no,,,,,MURDOCH CHILDRENS RESEARCH INSTITUTE,SRA1241179,,public,33D8B07C9499804414EBF72884CA9D79,FDC277F5341D4BDCC480EEFE53CF71FA
SRR14742359,2021-10-07 00:00:26,2021-06-06 09:41:42,36410,20496057,36410,562,10,,https://sra-downloadb.be-md.ncbi.nlm.nih.gov/sos8/sra-pub-zq-820/SRR014/14742/SRR14742359/SRR14742359.lite.1,SRX11076969,28V_W4,AMPLICON,PCR,METAGENOMIC,PAIRED,0,0,ILLUMINA,Illumina MiSeq,SRP322898,PRJNA735440,,735440,SRS9142889,SAMN19582197,simple,1632839,human vaginal metagenome,28V_W4,,,,,,,no,,,,,MURDOCH CHILDRENS RESEARCH INSTITUTE,SRA1241179,,public,75716FAD6576A75FDC22FED1174A81CA,06E1206825C091FE09EBA92407C33CAE
SRR14742358,2021-10-07 00:00:27,2021-06-06 09:41:46,40192,22622228,40192,562,11,,https://sra-downloadb.be-md.ncbi.nlm.nih.gov/sos8/sra-pub-zq-818/SRR014/14742/SRR14742358/SRR14742358.lite.1,SRX11076970,28V_W8,AMPLICON,PCR,METAGENOMIC,PAIRED,0,0,ILLUMINA,Illumina MiSeq,SRP322898,PRJNA735440,,735440,SRS9142890,SAMN19582198,simple,1632839,human vaginal metagenome,28V_W8,,,,,,,no,,,,,MURDOCH CHILDRENS RESEARCH INSTITUTE,SRA1241179,,public,F4A51E70DD6453BF6ED02A52F3653541,270198576E701639F9078CC9C9028E2D
SRR14742355,2021-10-07 00:00:27,2021-06-06 09:41:40,42672,24021692,42672,562,13,,https://sra-downloadb.be-md.ncbi.nlm.nih.gov/sos1/sra-pub-zq-38/SRR014/14742/SRR14742355/SRR14742355.lite.1,SRX11076973,29V_D0,AMPLICON,PCR,METAGENOMIC,PAIRED,0,0,ILLUMINA,Illumina MiSeq,SRP322898,PRJNA735440,,735440,SRS9142893,SAMN19582200,simple,1632839,human vaginal metagenome,29V_D0,,,,,,,no,,,,,MURDOCH CHILDRENS RESEARCH INSTITUTE,SRA1241179,,public,D2A87D215220A6FC4BFE38A11DD720D7,BAFF30F21F0C31E729FF0B539FE4AB85
SRR14742354,2021-10-07 00:00:27,2021-06-06 09:41:37,34358,19336368,34358,562,9,,https://sra-downloadb.be-md.ncbi.nlm.nih.gov/sos9/sra-pub-zq-924/SRR014/14742/SRR14742354/SRR14742354.lite.1,SRX11076974,29V_D8,AMPLICON,PCR,METAGENOMIC,PAIRED,0,0,ILLUMINA,Illumina MiSeq,SRP322898,PRJNA735440,,735440,SRS9142894,SAMN19582201,simple,1632839,human vaginal metagenome,29V_D8,,,,,,,no,,,,,MURDOCH CHILDRENS RESEARCH INSTITUTE,SRA1241179,,public,4C7C7CA830D3E4E1AC5E8FB7E9B88E55,7F6655311204246785EFFB4EBF3D3161
SRR14742388,2021-10-07 00:00:25,2021-06-06 09:41:53,21649,12165313,21649,561,5,,https://sra-downloadb.be-md.ncbi.nlm.nih.gov/sos9/sra-pub-zq-924/SRR014/14742/SRR14742388/SRR14742388.lite.1,SRX11076940,35V_End,AMPLICON,PCR,METAGENOMIC,PAIRED,0,0,ILLUMINA,Illumina MiSeq,SRP322898,PRJNA735440,,735440,SRS9142859,SAMN19582220,simple,1632839,human vaginal metagenome,35V_End,,,,,,,no,,,,,MURDOCH CHILDRENS RESEARCH INSTITUTE,SRA1241179,,public,3240F2BDE5DEB7528984723C09E525AF,EA4A0D953B332EF3848A81B43F645080
SRR14742391,2021-10-07 00:00:25,2021-06-06 09:41:58,28635,16111643,28635,562,7,,https://sra-downloadb.be-md.ncbi.nlm.nih.gov/sos8/sra-pub-zq-820/SRR014/14742/SRR14742391/SRR14742391.lite.1,SRX11076937,35V_W4,AMPLICON,PCR,METAGENOMIC,PAIRED,0,0,ILLUMINA,Illumina MiSeq,SRP322898,PRJNA735440,,735440,SRS9142856,SAMN19582218,simple,1632839,human vaginal metagenome,35V_W4,,,,,,,no,,,,,MURDOCH CHILDRENS RESEARCH INSTITUTE,SRA1241179,,public,BABF3415274C451FDA2774E3AA47026C,AE3175538439E1D60808921761ADEADA
SRR14742389,2021-10-07 00:00:25,2021-06-06 09:41:56,29065,16347872,29065,562,7,,https://sra-downloadb.be-md.ncbi.nlm.nih.gov/sos1/sra-pub-zq-38/SRR014/14742/SRR14742389/SRR14742389.lite.1,SRX11076939,35V_W8,AMPLICON,PCR,METAGENOMIC,PAIRED,0,0,ILLUMINA,Illumina MiSeq,SRP322898,PRJNA735440,,735440,SRS9142858,SAMN19582219,simple,1632839,human vaginal metagenome,35V_W8,,,,,,,no,,,,,MURDOCH CHILDRENS RESEARCH INSTITUTE,SRA1241179,,public,4F729E3F4D2E641F800CE331762060E6,3143CE7509AFC789AED6D7C84D10F885
SRR14742387,2021-10-07 00:00:25,2021-06-06 09:41:51,40507,22779029,40507,562,11,,https://sra-downloadb.be-md.ncbi.nlm.nih.gov/sos1/sra-pub-zq-38/SRR014/14742/SRR14742387/SRR14742387.lite.1,SRX11076941,37V_D0,AMPLICON,PCR,METAGENOMIC,PAIRED,0,0,ILLUMINA,Illumina MiSeq,SRP322898,PRJNA735440,,735440,SRS9142861,SAMN19582221,simple,1632839,human vaginal metagenome,37V_D0,,,,,,,no,,,,,MURDOCH CHILDRENS RESEARCH INSTITUTE,SRA1241179,,public,DBB8819F8895ABB820CD02FD854FDFA7,293EEC2808A10CD02503049CBC6BA164
SRR14742386,2021-10-07 00:00:26,2021-06-06 09:41:56,34771,19573526,34771,562,9,,https://sra-downloadb.be-md.ncbi.nlm.nih.gov/sos9/sra-pub-zq-924/SRR014/14742/SRR14742386/SRR14742386.lite.1,SRX11076942,37V_D8,AMPLICON,PCR,METAGENOMIC,PAIRED,0,0,ILLUMINA,Illumina MiSeq,SRP322898,PRJNA735440,,735440,SRS9142862,SAMN19582222,simple,1632839,human vaginal metagenome,37V_D8,,,,,,,no,,,,,MURDOCH CHILDRENS RESEARCH INSTITUTE,SRA1241179,,public,2317254C76C6E04068C7C39238CDEB37,F3F65C606423ADC086116D8FFAF6930E
SRR14742383,2021-10-07 00:00:26,2021-06-06 09:41:51,30820,17319609,30820,561,8,,https://sra-downloadb.be-md.ncbi.nlm.nih.gov/sos1/sra-pub-zq-38/SRR014/14742/SRR14742383/SRR14742383.lite.1,SRX11076945,37V_End,AMPLICON,PCR,METAGENOMIC,PAIRED,0,0,ILLUMINA,Illumina MiSeq,SRP322898,PRJNA735440,,735440,SRS9142865,SAMN19582225,simple,1632839,human vaginal metagenome,37V_End,,,,,,,no,,,,,MURDOCH CHILDRENS RESEARCH INSTITUTE,SRA1241179,,public,1979C7DAD9DB6B3C38ADC3E6FBD375F2,8BB29EA3A1EA54386029CF5E2CEF8DC6
SRR14742385,2021-10-07 00:00:26,2021-06-06 09:41:58,28189,15865459,28189,562,7,,https://sra-downloadb.be-md.ncbi.nlm.nih.gov/sos9/sra-pub-zq-924/SRR014/14742/SRR14742385/SRR14742385.lite.1,SRX11076943,37V_W4,AMPLICON,PCR,METAGENOMIC,PAIRED,0,0,ILLUMINA,Illumina MiSeq,SRP322898,PRJNA735440,,735440,SRS9142863,SAMN19582223,simple,1632839,human vaginal metagenome,37V_W4,,,,,,,no,,,,,MURDOCH CHILDRENS RESEARCH INSTITUTE,SRA1241179,,public,BCF8AFBC608E174DECBC89EC95B719DD,AF76603A68555C65FC79FE172B019664
SRR14742384,2021-10-07 00:00:26,2021-06-06 09:41:53,24250,13617180,24250,561,6,,https://sra-downloadb.be-md.ncbi.nlm.nih.gov/sos1/sra-pub-zq-38/SRR014/14742/SRR14742384/SRR14742384.lite.1,SRX11076944,37V_W8,AMPLICON,PCR,METAGENOMIC,PAIRED,0,0,ILLUMINA,Illumina MiSeq,SRP322898,PRJNA735440,,735440,SRS9142864,SAMN19582224,simple,1632839,human vaginal metagenome,37V_W8,,,,,,,no,,,,,MURDOCH CHILDRENS RESEARCH INSTITUTE,SRA1241179,,public,FCF4621C26DFA3D468ECA94D9BFF0638,822D32269BAAEAD13693D3E1B37B140C
SRR14742382,2021-10-07 00:00:26,2021-06-06 09:41:52,27128,15237597,27128,561,7,,https://sra-downloadb.be-md.ncbi.nlm.nih.gov/sos9/sra-pub-zq-924/SRR014/14742/SRR14742382/SRR14742382.lite.1,SRX11076946,38V_D0,AMPLICON,PCR,METAGENOMIC,PAIRED,0,0,ILLUMINA,Illumina MiSeq,SRP322898,PRJNA735440,,735440,SRS9142866,SAMN19582226,simple,1632839,human vaginal metagenome,38V_D0,,,,,,,no,,,,,MURDOCH CHILDRENS RESEARCH INSTITUTE,SRA1241179,,public,6138211A646E8B7CC55A1C04DEC1EA8E,ADC6BA934B978BF6B46DFCCBE9650619
SRR14742381,2021-10-07 00:00:26,2021-06-06 09:42:01,33024,18581506,33024,562,8,,https://sra-downloadb.be-md.ncbi.nlm.nih.gov/sos1/sra-pub-zq-38/SRR014/14742/SRR14742381/SRR14742381.lite.1,SRX11076947,38V_D8,AMPLICON,PCR,METAGENOMIC,PAIRED,0,0,ILLUMINA,Illumina MiSeq,SRP322898,PRJNA735440,,735440,SRS9142867,SAMN19582227,simple,1632839,human vaginal metagenome,38V_D8,,,,,,,no,,,,,MURDOCH CHILDRENS RESEARCH INSTITUTE,SRA1241179,,public,298C48F974234EDD7FD6880696AC23E0,FE114FFB2C376E2B24C575C641CE439D
SRR14742377,2021-10-07 00:00:26,2021-06-06 09:41:53,26857,15059743,26857,560,7,,https://sra-downloadb.be-md.ncbi.nlm.nih.gov/sos9/sra-pub-zq-924/SRR014/14742/SRR14742377/SRR14742377.lite.1,SRX11076951,38V_End,AMPLICON,PCR,METAGENOMIC,PAIRED,0,0,ILLUMINA,Illumina MiSeq,SRP322898,PRJNA735440,,735440,SRS9142871,SAMN19582230,simple,1632839,human vaginal metagenome,38V_End,,,,,,,no,,,,,MURDOCH CHILDRENS RESEARCH INSTITUTE,SRA1241179,,public,7F9E5BE7906ED1BD044271578D62CF92,85F9EBCE5AA8E0B3B01F206BA16CB568
SRR14742380,2021-10-07 00:00:26,2021-06-06 09:41:59,26667,14987891,26667,562,6,,https://sra-downloadb.be-md.ncbi.nlm.nih.gov/sos9/sra-pub-zq-924/SRR014/14742/SRR14742380/SRR14742380.lite.1,SRX11076948,38V_W4,AMPLICON,PCR,METAGENOMIC,PAIRED,0,0,ILLUMINA,Illumina MiSeq,SRP322898,PRJNA735440,,735440,SRS9142868,SAMN19582228,simple,1632839,human vaginal metagenome,38V_W4,,,,,,,no,,,,,MURDOCH CHILDRENS RESEARCH INSTITUTE,SRA1241179,,public,FF1930B893E42F434EEEF11459214FDA,701AF1F25E0A53129EFBDBEB60344000
SRR14742378,2021-10-07 00:00:26,2021-06-06 09:41:52,32595,18342080,32595,562,8,,https://sra-downloadb.be-md.ncbi.nlm.nih.gov/sos9/sra-pub-zq-924/SRR014/14742/SRR14742378/SRR14742378.lite.1,SRX11076950,38V_W8,AMPLICON,PCR,METAGENOMIC,PAIRED,0,0,ILLUMINA,Illumina MiSeq,SRP322898,PRJNA735440,,735440,SRS9142870,SAMN19582229,simple,1632839,human vaginal metagenome,38V_W8,,,,,,,no,,,,,MURDOCH CHILDRENS RESEARCH INSTITUTE,SRA1241179,,public,A8B7C6012A654A10954DBFF7B671C5B8,7AFC442B3256668227EAE2DE7C3EA705
SRR14742376,2021-10-07 00:00:26,2021-06-06 09:41:56,40598,22822529,40598,562,11,,https://sra-downloadb.be-md.ncbi.nlm.nih.gov/sos9/sra-pub-zq-922/SRR014/14742/SRR14742376/SRR14742376.lite.1,SRX11076952,40V_D0,AMPLICON,PCR,METAGENOMIC,PAIRED,0,0,ILLUMINA,Illumina MiSeq,SRP322898,PRJNA735440,,735440,SRS9142872,SAMN19582231,simple,1632839,human vaginal metagenome,40V_D0,,,,,,,no,,,,,MURDOCH CHILDRENS RESEARCH INSTITUTE,SRA1241179,,public,D42CB985D5AD1E35F1530D0DC590FF47,64ACAC405ADB9259521A83A59DD1BDEC
SRR14742375,2021-10-07 00:00:26,2021-06-06 09:41:53,30882,17376305,30882,562,8,,https://sra-downloadb.be-md.ncbi.nlm.nih.gov/sos9/sra-pub-zq-924/SRR014/14742/SRR14742375/SRR14742375.lite.1,SRX11076953,40V_D8,AMPLICON,PCR,METAGENOMIC,PAIRED,0,0,ILLUMINA,Illumina MiSeq,SRP322898,PRJNA735440,,735440,SRS9142873,SAMN19582232,simple,1632839,human vaginal metagenome,40V_D8,,,,,,,no,,,,,MURDOCH CHILDRENS RESEARCH INSTITUTE,SRA1241179,,public,3F49E55A591E219968E196626B2A13B9,02DF0DD2461BD335ECFE9279A6B65A30
SRR14742372,2021-10-07 00:00:26,2021-06-06 09:41:51,27255,15328343,27255,562,7,,https://sra-downloadb.be-md.ncbi.nlm.nih.gov/sos8/sra-pub-zq-820/SRR014/14742/SRR14742372/SRR14742372.lite.1,SRX11076956,40V_End,AMPLICON,PCR,METAGENOMIC,PAIRED,0,0,ILLUMINA,Illumina MiSeq,SRP322898,PRJNA735440,,735440,SRS9142875,SAMN19582235,simple,1632839,human vaginal metagenome,40V_End,,,,,,,no,,,,,MURDOCH CHILDRENS RESEARCH INSTITUTE,SRA1241179,,public,371F83E18582D87ABEEE83206753BCD2,60F91B58B880E6955CD4D3F85A0CF436
SRR14742374,2021-10-07 00:00:26,2021-06-06 09:41:47,35074,19719261,35074,562,9,,https://sra-downloadb.be-md.ncbi.nlm.nih.gov/sos9/sra-pub-zq-924/SRR014/14742/SRR14742374/SRR14742374.lite.1,SRX11076954,40V_W4,AMPLICON,PCR,METAGENOMIC,PAIRED,0,0,ILLUMINA,Illumina MiSeq,SRP322898,PRJNA735440,,735440,SRS9142874,SAMN19582233,simple,1632839,human vaginal metagenome,40V_W4,,,,,,,no,,,,,MURDOCH CHILDRENS RESEARCH INSTITUTE,SRA1241179,,public,047924F0A3397D5CA9A898435E26C9D6,95553AD033DD7031E21FC6A5F082F8F3
SRR14742373,2021-10-07 00:00:26,2021-06-06 09:41:53,38617,21733649,38617,562,10,,https://sra-downloadb.be-md.ncbi.nlm.nih.gov/sos1/sra-pub-zq-38/SRR014/14742/SRR14742373/SRR14742373.lite.1,SRX11076955,40V_W8,AMPLICON,PCR,METAGENOMIC,PAIRED,0,0,ILLUMINA,Illumina MiSeq,SRP322898,PRJNA735440,,735440,SRS9142876,SAMN19582234,simple,1632839,human vaginal metagenome,40V_W8,,,,,,,no,,,,,MURDOCH CHILDRENS RESEARCH INSTITUTE,SRA1241179,,public,7D2A1C1A4CC81295612FAF19DE654887,46D05BB48D246F09F6AC01EA90111161
SRR14742371,2021-10-07 00:00:26,2021-06-06 09:41:48,25222,14193214,25222,562,7,,https://sra-downloadb.be-md.ncbi.nlm.nih.gov/sos9/sra-pub-zq-922/SRR014/14742/SRR14742371/SRR14742371.lite.1,SRX11076957,41V_D0,AMPLICON,PCR,METAGENOMIC,PAIRED,0,0,ILLUMINA,Illumina MiSeq,SRP322898,PRJNA735440,,735440,SRS9142877,SAMN19582236,simple,1632839,human vaginal metagenome,41V_D0,,,,,,,no,,,,,MURDOCH CHILDRENS RESEARCH INSTITUTE,SRA1241179,,public,5FBD8A5EA38D40DACC547ED38EEEB67D,C34B0EB95A11DE301186BF1DED623479
SRR14742370,2021-10-07 00:00:26,2021-06-06 09:41:48,29018,16329312,29018,562,8,,https://sra-downloadb.be-md.ncbi.nlm.nih.gov/sos8/sra-pub-zq-820/SRR014/14742/SRR14742370/SRR14742370.lite.1,SRX11076958,41V_D8,AMPLICON,PCR,METAGENOMIC,PAIRED,0,0,ILLUMINA,Illumina MiSeq,SRP322898,PRJNA735440,,735440,SRS9142878,SAMN19582237,simple,1632839,human vaginal metagenome,41V_D8,,,,,,,no,,,,,MURDOCH CHILDRENS RESEARCH INSTITUTE,SRA1241179,,public,4E666683342565488C9998B0196B2446,9A4DB351A7878B649299E345913B60AB
SRR14742369,2021-10-07 00:00:26,2021-06-06 09:41:45,25242,14198084,25242,562,6,,https://sra-downloadb.be-md.ncbi.nlm.nih.gov/sos13/sra-pub-zq-1301/SRR014/14742/SRR14742369/SRR14742369.lite.1,SRX11076959,41V_W4,AMPLICON,PCR,METAGENOMIC,PAIRED,0,0,ILLUMINA,Illumina MiSeq,SRP322898,PRJNA735440,,735440,SRS9142879,SAMN19582238,simple,1632839,human vaginal metagenome,41V_W4,,,,,,,no,,,,,MURDOCH CHILDRENS RESEARCH INSTITUTE,SRA1241179,,public,3D8640EC96D9D8B545C39267DC45BD3F,CB22EE3B688D8114DBF99C5B8312599A
SRR14742402,2021-10-07 00:00:25,2021-06-06 09:41:56,48265,27156552,48265,562,15,,https://sra-downloadb.be-md.ncbi.nlm.nih.gov/sos9/sra-pub-zq-924/SRR014/14742/SRR14742402/SRR14742402.lite.1,SRX11076926,4V_D0,AMPLICON,PCR,METAGENOMIC,PAIRED,0,0,ILLUMINA,Illumina MiSeq,SRP322898,PRJNA735440,,735440,SRS9142847,SAMN19582143,simple,1632839,human vaginal metagenome,4V_D0,,,,,,,no,,,,,MURDOCH CHILDRENS RESEARCH INSTITUTE,SRA1241179,,public,1579EF10092B27178F604C3E3DEF4D5F,829D22DE1D9A3EBE27A960BA19945C94
SRR14742368,2021-10-07 00:00:26,2021-06-06 09:41:44,24125,13579431,24125,562,6,,https://sra-downloadb.be-md.ncbi.nlm.nih.gov/sos13/sra-pub-zq-1301/SRR014/14742/SRR14742368/SRR14742368.lite.1,SRX11076960,4V_D8,AMPLICON,PCR,METAGENOMIC,PAIRED,0,0,ILLUMINA,Illumina MiSeq,SRP322898,PRJNA735440,,735440,SRS9142881,SAMN19582144,simple,1632839,human vaginal metagenome,4V_D8,,,,,,,no,,,,,MURDOCH CHILDRENS RESEARCH INSTITUTE,SRA1241179,,public,B1747547DD448E544148735A26A4098F,5F06FA9082401D18EC080FC146707FDA
SRR14742390,2021-10-07 00:00:25,2021-06-06 09:41:57,40393,22738630,40393,562,11,,https://sra-downloadb.be-md.ncbi.nlm.nih.gov/sos13/sra-pub-zq-1301/SRR014/14742/SRR14742390/SRR14742390.lite.1,SRX11076938,4V_End,AMPLICON,PCR,METAGENOMIC,PAIRED,0,0,ILLUMINA,Illumina MiSeq,SRP322898,PRJNA735440,,735440,SRS9142857,SAMN19582147,simple,1632839,human vaginal metagenome,4V_End,,,,,,,no,,,,,MURDOCH CHILDRENS RESEARCH INSTITUTE,SRA1241179,,public,C87452AF2B5C00F8FE65E253C0AA11F3,11ACE0618C66A0C5CFF03B92BA1F3658
SRR14742379,2021-10-07 00:00:26,2021-06-06 09:41:48,39073,21981571,39073,562,10,,https://sra-downloadb.be-md.ncbi.nlm.nih.gov/sos9/sra-pub-zq-924/SRR014/14742/SRR14742379/SRR14742379.lite.1,SRX11076949,4V_R,AMPLICON,PCR,METAGENOMIC,PAIRED,0,0,ILLUMINA,Illumina MiSeq,SRP322898,PRJNA735440,,735440,SRS9142869,SAMN19582148,simple,1632839,human vaginal metagenome,4V_R,,,,,,,no,,,,,MURDOCH CHILDRENS RESEARCH INSTITUTE,SRA1241179,,public,FD6CC87B198A8E2B078E2B0A0D85F9C5,A7E58628EAD527C30BB2267EEC3011B8
SRR14742357,2021-10-07 00:00:27,2021-06-06 09:41:41,42410,23876728,42410,562,11,,https://sra-downloadb.be-md.ncbi.nlm.nih.gov/sos8/sra-pub-zq-818/SRR014/14742/SRR14742357/SRR14742357.lite.1,SRX11076971,4V_W4,AMPLICON,PCR,METAGENOMIC,PAIRED,0,0,ILLUMINA,Illumina MiSeq,SRP322898,PRJNA735440,,735440,SRS9142891,SAMN19582145,simple,1632839,human vaginal metagenome,4V_W4,,,,,,,no,,,,,MURDOCH CHILDRENS RESEARCH INSTITUTE,SRA1241179,,public,A8D2CF57EDCAA355CA8CCA906EE6AA13,104E52D7E6101394AFF6E51904332248
SRR14742413,2021-10-07 00:00:25,2021-06-06 09:41:57,38714,21780028,38714,562,11,,https://sra-downloadb.be-md.ncbi.nlm.nih.gov/sos9/sra-pub-zq-924/SRR014/14742/SRR14742413/SRR14742413.lite.1,SRX11076915,50P_D0,AMPLICON,PCR,METAGENOMIC,PAIRED,0,0,ILLUMINA,Illumina MiSeq,SRP322898,PRJNA735440,,735440,SRS9142835,SAMN19582388,simple,1842734,human reproductive system metagenome,50P_D0,,,,,,,no,,,,,MURDOCH CHILDRENS RESEARCH INSTITUTE,SRA1241179,,public,8C934A0C6B5DA8B1F71CC774AB87E86D,48AE350A29AA0C82D9D8032643416F65
SRR14742411,2021-10-07 00:00:25,2021-06-06 09:42:00,32510,18294961,32510,562,8,,https://sra-downloadb.be-md.ncbi.nlm.nih.gov/sos8/sra-pub-zq-818/SRR014/14742/SRR14742411/SRR14742411.lite.1,SRX11076917,50P_D8,AMPLICON,PCR,METAGENOMIC,PAIRED,0,0,ILLUMINA,Illumina MiSeq,SRP322898,PRJNA735440,,735440,SRS9142838,SAMN19582389,simple,1842734,human reproductive system metagenome,50P_D8,,,,,,,no,,,,,MURDOCH CHILDRENS RESEARCH INSTITUTE,SRA1241179,,public,AE91F15583E1699A911A672A0C28A7A7,429768B815FC2237E9DDED9E598B17D0
SRR14742406,2021-10-07 00:00:25,2021-06-06 09:41:57,33451,18811482,33451,562,9,,https://sra-downloadb.be-md.ncbi.nlm.nih.gov/sos13/sra-pub-zq-1301/SRR014/14742/SRR14742406/SRR14742406.lite.1,SRX11076922,50P_End,AMPLICON,PCR,METAGENOMIC,PAIRED,0,0,ILLUMINA,Illumina MiSeq,SRP322898,PRJNA735440,,735440,SRS9142843,SAMN19582391,simple,1842734,human reproductive system metagenome,50P_End,,,,,,,no,,,,,MURDOCH CHILDRENS RESEARCH INSTITUTE,SRA1241179,,public,E1E24552141B1A71C5994611A945085B,0C18D11B9213BD9D4D93DDC1C4FC511E
SRR14742408,2021-10-07 00:00:25,2021-06-06 09:42:01,32500,18295441,32500,562,9,,https://sra-downloadb.be-md.ncbi.nlm.nih.gov/sos9/sra-pub-zq-924/SRR014/14742/SRR14742408/SRR14742408.lite.1,SRX11076920,50P_W4,AMPLICON,PCR,METAGENOMIC,PAIRED,0,0,ILLUMINA,Illumina MiSeq,SRP322898,PRJNA735440,,735440,SRS9142841,SAMN19582390,simple,1842734,human reproductive system metagenome,50P_W4,,,,,,,no,,,,,MURDOCH CHILDRENS RESEARCH INSTITUTE,SRA1241179,,public,4DAB18A8BDA1E5BE25477A92FEAD7CE4,7BC1945A7F1A2DB4C0AFF1EECF8FE1BE
SRR14742412,2021-10-07 00:00:25,2021-06-06 09:41:57,29963,16866599,29963,562,8,,https://sra-downloadb.be-md.ncbi.nlm.nih.gov/sos9/sra-pub-zq-924/SRR014/14742/SRR14742412/SRR14742412.lite.1,SRX11076916,50U_D0,AMPLICON,PCR,METAGENOMIC,PAIRED,0,0,ILLUMINA,Illumina MiSeq,SRP322898,PRJNA735440,,735440,SRS9142837,SAMN19582510,simple,2516875,human urinary tract metagenome,50U_D0,,,,,,,no,,,,,MURDOCH CHILDRENS RESEARCH INSTITUTE,SRA1241179,,public,7EAC7377BEC744FC3DBB39C210135B26,BD481EB372A05C438AC3D2A808501337
SRR14742409,2021-10-07 00:00:25,2021-06-06 09:41:59,38416,21608518,38416,562,11,,https://sra-downloadb.be-md.ncbi.nlm.nih.gov/sos9/sra-pub-zq-924/SRR014/14742/SRR14742409/SRR14742409.lite.1,SRX11076919,50U_D8,AMPLICON,PCR,METAGENOMIC,PAIRED,0,0,ILLUMINA,Illumina MiSeq,SRP322898,PRJNA735440,,735440,SRS9142839,SAMN19582511,simple,2516875,human urinary tract metagenome,50U_D8,,,,,,,no,,,,,MURDOCH CHILDRENS RESEARCH INSTITUTE,SRA1241179,,public,5A0015CEC01B22DE6927EF11660B7CFA,D39AE0422E14C658DA2D5AB3C5331B95
SRR14742405,2021-10-07 00:00:25,2021-06-06 09:42:02,42698,24023399,42698,562,12,,https://sra-downloadb.be-md.ncbi.nlm.nih.gov/sos8/sra-pub-zq-818/SRR014/14742/SRR14742405/SRR14742405.lite.1,SRX11076923,50U_End,AMPLICON,PCR,METAGENOMIC,PAIRED,0,0,ILLUMINA,Illumina MiSeq,SRP322898,PRJNA735440,,735440,SRS9142845,SAMN19582513,simple,2516875,human urinary tract metagenome,50U_End,,,,,,,no,,,,,MURDOCH CHILDRENS RESEARCH INSTITUTE,SRA1241179,,public,688776FEE1E5B08CE2F1A086DCB4F2F6,EF5F111D0E83B984D4941267B63BDEE2
SRR14742407,2021-10-07 00:00:25,2021-06-06 09:42:02,31070,17484951,31070,562,8,,https://sra-downloadb.be-md.ncbi.nlm.nih.gov/sos9/sra-pub-zq-924/SRR014/14742/SRR14742407/SRR14742407.lite.1,SRX11076921,50U_W4,AMPLICON,PCR,METAGENOMIC,PAIRED,0,0,ILLUMINA,Illumina MiSeq,SRP322898,PRJNA735440,,735440,SRS9142842,SAMN19582512,simple,2516875,human urinary tract metagenome,50U_W4,,,,,,,no,,,,,MURDOCH CHILDRENS RESEARCH INSTITUTE,SRA1241179,,public,3DFD6C50543EDADFD56B0A69EB3AC2B4,771277B57422E24308A4AEAB9EE098C6
SRR14742089,2021-10-07 00:00:23,2021-06-06 09:39:52,27228,15314073,27228,562,7,,https://sra-downloadb.be-md.ncbi.nlm.nih.gov/sos8/sra-pub-zq-818/SRR014/14742/SRR14742089/SRR14742089.lite.1,SRX11076863,20V_D8,AMPLICON,PCR,METAGENOMIC,PAIRED,0,0,ILLUMINA,Illumina MiSeq,SRP322898,PRJNA735440,,735440,SRS9142786,SAMN19582171,simple,1632839,human vaginal metagenome,20V_D8,,,,,,,no,,,,,MURDOCH CHILDRENS RESEARCH INSTITUTE,SRA1241179,,public,5721AAFB41AECAA814A196DDDAECDB37,0E41DA4528259A4FC97525CDF291F634
SRR14742056,2021-10-07 00:00:24,2021-06-06 09:35:30,35465,19966411,35465,562,9,,https://sra-downloadb.be-md.ncbi.nlm.nih.gov/sos13/sra-pub-zq-1301/SRR014/14742/SRR14742056/SRR14742056.lite.1,SRX11076896,20V_End,AMPLICON,PCR,METAGENOMIC,PAIRED,0,0,ILLUMINA,Illumina MiSeq,SRP322898,PRJNA735440,,735440,SRS9142817,SAMN19582174,simple,1632839,human vaginal metagenome,20V_End,,,,,,,no,,,,,MURDOCH CHILDRENS RESEARCH INSTITUTE,SRA1241179,,public,BA8B5C0535BCDD711FC505BDC3AEEA5E,0EA9FEC2EE2072B4DD47B48EA141FC64
SRR14742078,2021-10-07 00:00:24,2021-06-06 09:40:07,37865,21317938,37865,562,10,,https://sra-downloadb.be-md.ncbi.nlm.nih.gov/sos9/sra-pub-zq-924/SRR014/14742/SRR14742078/SRR14742078.lite.1,SRX11076874,20V_W4,AMPLICON,PCR,METAGENOMIC,PAIRED,0,0,ILLUMINA,Illumina MiSeq,SRP322898,PRJNA735440,,735440,SRS9142796,SAMN19582172,simple,1632839,human vaginal metagenome,20V_W4,,,,,,,no,,,,,MURDOCH CHILDRENS RESEARCH INSTITUTE,SRA1241179,,public,4A2C913644C5EA855F7AEBB0EC95E2A0,B6F0861A0F2EC1A34C02E66A77810623
SRR14742067,2021-10-07 00:00:24,2021-06-06 09:39:57,38060,21427006,38060,562,10,,https://sra-downloadb.be-md.ncbi.nlm.nih.gov/sos8/sra-pub-zq-820/SRR014/14742/SRR14742067/SRR14742067.lite.1,SRX11076885,20V_W8,AMPLICON,PCR,METAGENOMIC,PAIRED,0,0,ILLUMINA,Illumina MiSeq,SRP322898,PRJNA735440,,735440,SRS9142808,SAMN19582173,simple,1632839,human vaginal metagenome,20V_W8,,,,,,,no,,,,,MURDOCH CHILDRENS RESEARCH INSTITUTE,SRA1241179,,public,503AAA33B24F98D453A028FBFDF8D218,2AFC51CDBEC6C82DA1C7AD69C0E94D85
SRR14742045,2021-10-07 00:00:24,2021-06-06 09:35:30,52579,29586820,52579,562,16,,https://sra-downloadb.be-md.ncbi.nlm.nih.gov/sos8/sra-pub-zq-820/SRR014/14742/SRR14742045/SRR14742045.lite.1,SRX11076907,21V_D0,AMPLICON,PCR,METAGENOMIC,PAIRED,0,0,ILLUMINA,Illumina MiSeq,SRP322898,PRJNA735440,,735440,SRS9142828,SAMN19582175,simple,1632839,human vaginal metagenome,21V_D0,,,,,,,no,,,,,MURDOCH CHILDRENS RESEARCH INSTITUTE,SRA1241179,,public,8BF19519A7EAC030A32BEB57B69C66BC,0B3FC05E5EEA86C342361A0C5194ADBA
SRR14742097,2021-10-07 00:00:23,2021-06-06 09:39:53,33735,18992394,33735,562,8,,https://sra-downloadb.be-md.ncbi.nlm.nih.gov/sos1/sra-pub-zq-38/SRR014/14742/SRR14742097/SRR14742097.lite.1,SRX11076855,40U_End,AMPLICON,PCR,METAGENOMIC,PAIRED,0,0,ILLUMINA,Illumina MiSeq,SRP322898,PRJNA735440,,735440,SRS9142778,SAMN19582482,simple,2516875,human urinary tract metagenome,40U_End,,,,,,,no,,,,,MURDOCH CHILDRENS RESEARCH INSTITUTE,SRA1241179,,public,B523F8A4E5679BCDFACB0D0A8CDB7B10,1FDD337048C4BD0BE5F75F4B6B25BAB8
SRR14742096,2021-10-07 00:00:23,2021-06-06 09:39:54,42724,24017163,42724,562,12,,https://sra-downloadb.be-md.ncbi.nlm.nih.gov/sos8/sra-pub-zq-820/SRR014/14742/SRR14742096/SRR14742096.lite.1,SRX11076856,41P_D0,AMPLICON,PCR,METAGENOMIC,PAIRED,0,0,ILLUMINA,Illumina MiSeq,SRP322898,PRJNA735440,,735440,SRS9142779,SAMN19582361,simple,1842734,human reproductive system metagenome,41P_D0,,,,,,,no,,,,,MURDOCH CHILDRENS RESEARCH INSTITUTE,SRA1241179,,public,16382C246E3B59E8ACB395D99C27E8B3,DEA489222F900DE024344A0B1E25AD0F
SRR14742094,2021-10-07 00:00:23,2021-06-06 09:39:56,25781,14509470,25781,562,6,,https://sra-downloadb.be-md.ncbi.nlm.nih.gov/sos9/sra-pub-zq-924/SRR014/14742/SRR14742094/SRR14742094.lite.1,SRX11076858,41P_D8,AMPLICON,PCR,METAGENOMIC,PAIRED,0,0,ILLUMINA,Illumina MiSeq,SRP322898,PRJNA735440,,735440,SRS9142781,SAMN19582362,simple,1842734,human reproductive system metagenome,41P_D8,,,,,,,no,,,,,MURDOCH CHILDRENS RESEARCH INSTITUTE,SRA1241179,,public,80A5E229D1E8F60B1387C6C9B15DE007,A61BF5EB8BC45D7F49D329FC90E504EF
SRR14742092,2021-10-07 00:00:23,2021-06-06 09:39:53,33981,19119651,33981,562,9,,https://sra-downloadb.be-md.ncbi.nlm.nih.gov/sos13/sra-pub-zq-1301/SRR014/14742/SRR14742092/SRR14742092.lite.1,SRX11076860,41P_End,AMPLICON,PCR,METAGENOMIC,PAIRED,0,0,ILLUMINA,Illumina MiSeq,SRP322898,PRJNA735440,,735440,SRS9142783,SAMN19582363,simple,1842734,human reproductive system metagenome,41P_End,,,,,,,no,,,,,MURDOCH CHILDRENS RESEARCH INSTITUTE,SRA1241179,,public,3CF75AB2BCB8618ABA98DDCF6DCBC18E,E3786314713FBCA215380AD77AC30EE4
SRR14742095,2021-10-07 00:00:23,2021-06-06 09:39:57,35229,19826936,35229,562,10,,https://sra-downloadb.be-md.ncbi.nlm.nih.gov/sos9/sra-pub-zq-924/SRR014/14742/SRR14742095/SRR14742095.lite.1,SRX11076857,41U_D0,AMPLICON,PCR,METAGENOMIC,PAIRED,0,0,ILLUMINA,Illumina MiSeq,SRP322898,PRJNA735440,,735440,SRS9142780,SAMN19582483,simple,2516875,human urinary tract metagenome,41U_D0,,,,,,,no,,,,,MURDOCH CHILDRENS RESEARCH INSTITUTE,SRA1241179,,public,3F3294408BC356633BB358FB6ABAD2B0,FC332FDE253B5B7AA2ED7D2B0C15BED8
SRR14742093,2021-10-07 00:00:23,2021-06-06 09:40:05,31168,17545568,31168,562,8,,https://sra-downloadb.be-md.ncbi.nlm.nih.gov/sos9/sra-pub-zq-922/SRR014/14742/SRR14742093/SRR14742093.lite.1,SRX11076859,41U_D8,AMPLICON,PCR,METAGENOMIC,PAIRED,0,0,ILLUMINA,Illumina MiSeq,SRP322898,PRJNA735440,,735440,SRS9142782,SAMN19582484,simple,2516875,human urinary tract metagenome,41U_D8,,,,,,,no,,,,,MURDOCH CHILDRENS RESEARCH INSTITUTE,SRA1241179,,public,F428C57E2D36D2266A4E2F88B4756593,9226F55DFEE8ABF9B7AB5EB06B720B35
SRR14742091,2021-10-07 00:00:23,2021-06-06 09:40:03,37268,20980177,37268,562,10,,https://sra-downloadb.be-md.ncbi.nlm.nih.gov/sos1/sra-pub-zq-38/SRR014/14742/SRR14742091/SRR14742091.lite.1,SRX11076861,41U_End,AMPLICON,PCR,METAGENOMIC,PAIRED,0,0,ILLUMINA,Illumina MiSeq,SRP322898,PRJNA735440,,735440,SRS9142784,SAMN19582485,simple,2516875,human urinary tract metagenome,41U_End,,,,,,,no,,,,,MURDOCH CHILDRENS RESEARCH INSTITUTE,SRA1241179,,public,C524D839530E98F923E3DF5693806E31,D8D63C6F8B9DBA7A569ED5E730DC8FEB
SRR14742090,2021-10-07 00:00:23,2021-06-06 09:40:06,38000,21388888,38000,562,11,,https://sra-downloadb.be-md.ncbi.nlm.nih.gov/sos9/sra-pub-zq-924/SRR014/14742/SRR14742090/SRR14742090.lite.1,SRX11076862,43P_D0,AMPLICON,PCR,METAGENOMIC,PAIRED,0,0,ILLUMINA,Illumina MiSeq,SRP322898,PRJNA735440,,735440,SRS9142785,SAMN19582364,simple,1842734,human reproductive system metagenome,43P_D0,,,,,,,no,,,,,MURDOCH CHILDRENS RESEARCH INSTITUTE,SRA1241179,,public,04879FC579E5E580F6ED546F96148C4C,A238BF0CFA2070F0741514B5AF07A6AD
SRR14742088,2021-10-07 00:00:24,2021-06-06 09:39:54,22336,12565840,22336,562,5,,https://sra-downloadb.be-md.ncbi.nlm.nih.gov/sos9/sra-pub-zq-922/SRR014/14742/SRR14742088/SRR14742088.lite.1,SRX11076864,43P_D8,AMPLICON,PCR,METAGENOMIC,PAIRED,0,0,ILLUMINA,Illumina MiSeq,SRP322898,PRJNA735440,,735440,SRS9142787,SAMN19582365,simple,1842734,human reproductive system metagenome,43P_D8,,,,,,,no,,,,,MURDOCH CHILDRENS RESEARCH INSTITUTE,SRA1241179,,public,EF1100E21408672D8679EA34E49628FB,91FEF2B59DDDD9F62D7054E72CA796AA
SRR14742081,2021-10-07 00:00:24,2021-06-06 09:39:56,28917,16279828,28917,562,8,,https://sra-downloadb.be-md.ncbi.nlm.nih.gov/sos9/sra-pub-zq-924/SRR014/14742/SRR14742081/SRR14742081.lite.1,SRX11076871,43P_End,AMPLICON,PCR,METAGENOMIC,PAIRED,0,0,ILLUMINA,Illumina MiSeq,SRP322898,PRJNA735440,,735440,SRS9142793,SAMN19582368,simple,1842734,human reproductive system metagenome,43P_End,,,,,,,no,,,,,MURDOCH CHILDRENS RESEARCH INSTITUTE,SRA1241179,,public,89B7C6C7D27E5EE6278D964A7C6C9232,929B119A945DB311057263644C7E5610
SRR14742085,2021-10-07 00:00:24,2021-06-06 09:40:03,45641,25701046,45641,563,13,,https://sra-downloadb.be-md.ncbi.nlm.nih.gov/sos9/sra-pub-zq-924/SRR014/14742/SRR14742085/SRR14742085.lite.1,SRX11076867,43P_W4,AMPLICON,PCR,METAGENOMIC,PAIRED,0,0,ILLUMINA,Illumina MiSeq,SRP322898,PRJNA735440,,735440,SRS9142790,SAMN19582366,simple,1842734,human reproductive system metagenome,43P_W4,,,,,,,no,,,,,MURDOCH CHILDRENS RESEARCH INSTITUTE,SRA1241179,,public,15882C4D8B1E17599DB46D1F66596109,A7FC855C1060AD095749024C07E39396
SRR14742083,2021-10-07 00:00:24,2021-06-06 09:40:04,39568,22276568,39568,562,11,,https://sra-downloadb.be-md.ncbi.nlm.nih.gov/sos8/sra-pub-zq-818/SRR014/14742/SRR14742083/SRR14742083.lite.1,SRX11076869,43P_W8,AMPLICON,PCR,METAGENOMIC,PAIRED,0,0,ILLUMINA,Illumina MiSeq,SRP322898,PRJNA735440,,735440,SRS9142792,SAMN19582367,simple,1842734,human reproductive system metagenome,43P_W8,,,,,,,no,,,,,MURDOCH CHILDRENS RESEARCH INSTITUTE,SRA1241179,,public,FF31EB5E2C3CE2BD2843FEBF1414A969,CDE0248D25E4EC4D5260B56BA5C8770C
SRR14742086,2021-10-07 00:00:24,2021-06-06 09:39:59,28432,15997704,28432,562,7,,https://sra-downloadb.be-md.ncbi.nlm.nih.gov/sos9/sra-pub-zq-924/SRR014/14742/SRR14742086/SRR14742086.lite.1,SRX11076866,43U_D0,AMPLICON,PCR,METAGENOMIC,PAIRED,0,0,ILLUMINA,Illumina MiSeq,SRP322898,PRJNA735440,,735440,SRS9142789,SAMN19582487,simple,2516875,human urinary tract metagenome,43U_D0,,,,,,,no,,,,,MURDOCH CHILDRENS RESEARCH INSTITUTE,SRA1241179,,public,598C8DB2AB867EC78B47B2C36C296502,0F9A0F5225515EDDEFF481266C4CF74A
SRR14742087,2021-10-07 00:00:24,2021-06-06 09:39:51,33669,18940150,33669,562,9,,https://sra-downloadb.be-md.ncbi.nlm.nih.gov/sos9/sra-pub-zq-924/SRR014/14742/SRR14742087/SRR14742087.lite.1,SRX11076865,43U_D8,AMPLICON,PCR,METAGENOMIC,PAIRED,0,0,ILLUMINA,Illumina MiSeq,SRP322898,PRJNA735440,,735440,SRS9142788,SAMN19582486,simple,2516875,human urinary tract metagenome,43U_D8,,,,,,,no,,,,,MURDOCH CHILDRENS RESEARCH INSTITUTE,SRA1241179,,public,916C134A3F4077CB9526ABF285BA9DC3,9F6ACC09AA18FE9F45B8B5F1F4C9363B
SRR14742080,2021-10-07 00:00:24,2021-06-06 09:39:51,31543,17741672,31543,562,8,,https://sra-downloadb.be-md.ncbi.nlm.nih.gov/sos9/sra-pub-zq-924/SRR014/14742/SRR14742080/SRR14742080.lite.1,SRX11076872,43U_End,AMPLICON,PCR,METAGENOMIC,PAIRED,0,0,ILLUMINA,Illumina MiSeq,SRP322898,PRJNA735440,,735440,SRS9142795,SAMN19582490,simple,2516875,human urinary tract metagenome,43U_End,,,,,,,no,,,,,MURDOCH CHILDRENS RESEARCH INSTITUTE,SRA1241179,,public,783041CFEBF8B1027ABC03E857FEE679,6CD2E1AC0AA08776CA609D70BBE69426
SRR14742084,2021-10-07 00:00:24,2021-06-06 09:39:51,32858,18486955,32858,562,9,,https://sra-downloadb.be-md.ncbi.nlm.nih.gov/sos9/sra-pub-zq-924/SRR014/14742/SRR14742084/SRR14742084.lite.1,SRX11076868,43U_W4,AMPLICON,PCR,METAGENOMIC,PAIRED,0,0,ILLUMINA,Illumina MiSeq,SRP322898,PRJNA735440,,735440,SRS9142791,SAMN19582488,simple,2516875,human urinary tract metagenome,43U_W4,,,,,,,no,,,,,MURDOCH CHILDRENS RESEARCH INSTITUTE,SRA1241179,,public,7F1DF3BD6842F584B2AEFC5DA112FA35,FC7933C915BCBC610F5A3B3F5C6AE3E1
SRR14742082,2021-10-07 00:00:24,2021-06-06 09:39:57,33669,18943992,33669,562,9,,https://sra-downloadb.be-md.ncbi.nlm.nih.gov/sos13/sra-pub-zq-1301/SRR014/14742/SRR14742082/SRR14742082.lite.1,SRX11076870,43U_W8,AMPLICON,PCR,METAGENOMIC,PAIRED,0,0,ILLUMINA,Illumina MiSeq,SRP322898,PRJNA735440,,735440,SRS9142794,SAMN19582489,simple,2516875,human urinary tract metagenome,43U_W8,,,,,,,no,,,,,MURDOCH CHILDRENS RESEARCH INSTITUTE,SRA1241179,,public,C67B19B601245EFFA57F9563F00FDB66,3E43859537C64B8DEE6C0F586A414FD8
SRR14742079,2021-10-07 00:00:24,2021-06-06 09:39:57,29675,16699632,29675,562,8,,https://sra-downloadb.be-md.ncbi.nlm.nih.gov/sos9/sra-pub-zq-924/SRR014/14742/SRR14742079/SRR14742079.lite.1,SRX11076873,44P_D0,AMPLICON,PCR,METAGENOMIC,PAIRED,0,0,ILLUMINA,Illumina MiSeq,SRP322898,PRJNA735440,,735440,SRS9142797,SAMN19582369,simple,1842734,human reproductive system metagenome,44P_D0,,,,,,,no,,,,,MURDOCH CHILDRENS RESEARCH INSTITUTE,SRA1241179,,public,13A81276274C2D5A05DAF4A9B33CCEDE,3CECF8E015AA1A58EF1C044FB7BEFE1A
SRR14742076,2021-10-07 00:00:24,2021-06-06 09:40:04,25919,14577913,25919,562,7,,https://sra-downloadb.be-md.ncbi.nlm.nih.gov/sos9/sra-pub-zq-922/SRR014/14742/SRR14742076/SRR14742076.lite.1,SRX11076876,44P_D8,AMPLICON,PCR,METAGENOMIC,PAIRED,0,0,ILLUMINA,Illumina MiSeq,SRP322898,PRJNA735440,,735440,SRS9142799,SAMN19582370,simple,1842734,human reproductive system metagenome,44P_D8,,,,,,,no,,,,,MURDOCH CHILDRENS RESEARCH INSTITUTE,SRA1241179,,public,1B999B340DB1C15C32F3443E1336B083,667E0BE73C59F7D67344C3E5E0513A49
SRR14742070,2021-10-07 00:00:24,2021-06-06 09:39:52,33124,18646113,33124,562,9,,https://sra-downloadb.be-md.ncbi.nlm.nih.gov/sos13/sra-pub-zq-1301/SRR014/14742/SRR14742070/SRR14742070.lite.1,SRX11076882,44P_End,AMPLICON,PCR,METAGENOMIC,PAIRED,0,0,ILLUMINA,Illumina MiSeq,SRP322898,PRJNA735440,,735440,SRS9142805,SAMN19582373,simple,1842734,human reproductive system metagenome,44P_End,,,,,,,no,,,,,MURDOCH CHILDRENS RESEARCH INSTITUTE,SRA1241179,,public,74776A944EC1BA9945EB675E6C96D07F,681F6E5AE7ED3B33261D83ED51649CFE
SRR14742074,2021-10-07 00:00:24,2021-06-06 09:39:52,40137,22561296,40137,562,11,,https://sra-downloadb.be-md.ncbi.nlm.nih.gov/sos9/sra-pub-zq-924/SRR014/14742/SRR14742074/SRR14742074.lite.1,SRX11076878,44P_W4,AMPLICON,PCR,METAGENOMIC,PAIRED,0,0,ILLUMINA,Illumina MiSeq,SRP322898,PRJNA735440,,735440,SRS9142801,SAMN19582371,simple,1842734,human reproductive system metagenome,44P_W4,,,,,,,no,,,,,MURDOCH CHILDRENS RESEARCH INSTITUTE,SRA1241179,,public,81B3B4CA2055E2AD1C044C180836BF34,CD6EF5D83A0635097F1534966DC3FC7E
SRR14742072,2021-10-07 00:00:24,2021-06-06 09:40:04,23642,13302813,23642,562,6,,https://sra-downloadb.be-md.ncbi.nlm.nih.gov/sos8/sra-pub-zq-818/SRR014/14742/SRR14742072/SRR14742072.lite.1,SRX11076880,44P_W8,AMPLICON,PCR,METAGENOMIC,PAIRED,0,0,ILLUMINA,Illumina MiSeq,SRP322898,PRJNA735440,,735440,SRS9142803,SAMN19582372,simple,1842734,human reproductive system metagenome,44P_W8,,,,,,,no,,,,,MURDOCH CHILDRENS RESEARCH INSTITUTE,SRA1241179,,public,6A67186E19A3C738AF08557E8F19AA50,7C9EF7ED7C29DF5D0B5276E94D531CC6
SRR14742077,2021-10-07 00:00:24,2021-06-06 09:39:53,36328,20440262,36328,562,10,,https://sra-downloadb.be-md.ncbi.nlm.nih.gov/sos8/sra-pub-zq-820/SRR014/14742/SRR14742077/SRR14742077.lite.1,SRX11076875,44U_D0,AMPLICON,PCR,METAGENOMIC,PAIRED,0,0,ILLUMINA,Illumina MiSeq,SRP322898,PRJNA735440,,735440,SRS9142798,SAMN19582491,simple,2516875,human urinary tract metagenome,44U_D0,,,,,,,no,,,,,MURDOCH CHILDRENS RESEARCH INSTITUTE,SRA1241179,,public,F8709E6CF55AE1734BA241DA64CFAF43,513F941CE8BB69BA85D5BC2A53302E14
SRR14742075,2021-10-07 00:00:24,2021-06-06 09:40:04,24618,13748005,24618,558,6,,https://sra-downloadb.be-md.ncbi.nlm.nih.gov/sos9/sra-pub-zq-924/SRR014/14742/SRR14742075/SRR14742075.lite.1,SRX11076877,44U_D8,AMPLICON,PCR,METAGENOMIC,PAIRED,0,0,ILLUMINA,Illumina MiSeq,SRP322898,PRJNA735440,,735440,SRS9142800,SAMN19582492,simple,2516875,human urinary tract metagenome,44U_D8,,,,,,,no,,,,,MURDOCH CHILDRENS RESEARCH INSTITUTE,SRA1241179,,public,5730BAED34666A426C5B88557F4F6C6C,E338CEB5223D8B552AEE7031E862AF62
SRR14742069,2021-10-07 00:00:24,2021-06-06 09:40:05,29562,16622877,29562,562,7,,https://sra-downloadb.be-md.ncbi.nlm.nih.gov/sos9/sra-pub-zq-924/SRR014/14742/SRR14742069/SRR14742069.lite.1,SRX11076883,44U_End,AMPLICON,PCR,METAGENOMIC,PAIRED,0,0,ILLUMINA,Illumina MiSeq,SRP322898,PRJNA735440,,735440,SRS9142806,SAMN19582495,simple,2516875,human urinary tract metagenome,44U_End,,,,,,,no,,,,,MURDOCH CHILDRENS RESEARCH INSTITUTE,SRA1241179,,public,F7CE3873435846BE4DD605F48AE985B6,110D71CA2FE592006AF8DF222E62A811
SRR14742073,2021-10-07 00:00:24,2021-06-06 09:39:59,37669,21139508,37669,561,10,,https://sra-downloadb.be-md.ncbi.nlm.nih.gov/sos13/sra-pub-zq-1301/SRR014/14742/SRR14742073/SRR14742073.lite.1,SRX11076879,44U_W4,AMPLICON,PCR,METAGENOMIC,PAIRED,0,0,ILLUMINA,Illumina MiSeq,SRP322898,PRJNA735440,,735440,SRS9142802,SAMN19582493,simple,2516875,human urinary tract metagenome,44U_W4,,,,,,,no,,,,,MURDOCH CHILDRENS RESEARCH INSTITUTE,SRA1241179,,public,DA22B86AA082377590052E04622C9442,506FF4C4E0A7AE2617A5E9D7C1203A68
SRR14742071,2021-10-07 00:00:24,2021-06-06 09:39:57,36488,20525297,36488,562,10,,https://sra-downloadb.be-md.ncbi.nlm.nih.gov/sos8/sra-pub-zq-820/SRR014/14742/SRR14742071/SRR14742071.lite.1,SRX11076881,44U_W8,AMPLICON,PCR,METAGENOMIC,PAIRED,0,0,ILLUMINA,Illumina MiSeq,SRP322898,PRJNA735440,,735440,SRS9142804,SAMN19582494,simple,2516875,human urinary tract metagenome,44U_W8,,,,,,,no,,,,,MURDOCH CHILDRENS RESEARCH INSTITUTE,SRA1241179,,public,50B2B590272ACFFEFAD97782D0F35105,8F793D84AE823D8262E50B755E2AFB2D
SRR14742068,2021-10-07 00:00:24,2021-06-06 09:39:57,52553,29568930,52553,562,15,,https://sra-downloadb.be-md.ncbi.nlm.nih.gov/sos1/sra-pub-zq-38/SRR014/14742/SRR14742068/SRR14742068.lite.1,SRX11076884,45P_D0,AMPLICON,PCR,METAGENOMIC,PAIRED,0,0,ILLUMINA,Illumina MiSeq,SRP322898,PRJNA735440,,735440,SRS9142807,SAMN19582374,simple,1842734,human reproductive system metagenome,45P_D0,,,,,,,no,,,,,MURDOCH CHILDRENS RESEARCH INSTITUTE,SRA1241179,,public,9E00113D3CFB78B2522B25AB7379AE3E,F328D7B7BC8B584269A844454C0DFFCF
SRR14742065,2021-10-07 00:00:24,2021-06-06 09:39:50,26055,14641579,26055,561,7,,https://sra-downloadb.be-md.ncbi.nlm.nih.gov/sos1/sra-pub-zq-38/SRR014/14742/SRR14742065/SRR14742065.lite.1,SRX11076887,45P_D8,AMPLICON,PCR,METAGENOMIC,PAIRED,0,0,ILLUMINA,Illumina MiSeq,SRP322898,PRJNA735440,,735440,SRS9142809,SAMN19582375,simple,1842734,human reproductive system metagenome,45P_D8,,,,,,,no,,,,,MURDOCH CHILDRENS RESEARCH INSTITUTE,SRA1241179,,public,BDD4308F4FD85B86111352C656750BE6,2E86B56C47E1678C24E70EE14DDA989C
SRR14742059,2021-10-07 00:00:24,2021-06-06 09:39:53,31755,17860376,31755,562,9,,https://sra-downloadb.be-md.ncbi.nlm.nih.gov/sos1/sra-pub-zq-38/SRR014/14742/SRR14742059/SRR14742059.lite.1,SRX11076893,45P_End,AMPLICON,PCR,METAGENOMIC,PAIRED,0,0,ILLUMINA,Illumina MiSeq,SRP322898,PRJNA735440,,735440,SRS9143000,SAMN19582378,simple,1842734,human reproductive system metagenome,45P_End,,,,,,,no,,,,,MURDOCH CHILDRENS RESEARCH INSTITUTE,SRA1241179,,public,32F87CA18922D00B6E915F98BD8FD18C,766E0389E9C629BDBDEC0D34708E551D
SRR14742063,2021-10-07 00:00:24,2021-06-06 09:39:52,35181,19793567,35181,562,10,,https://sra-downloadb.be-md.ncbi.nlm.nih.gov/sos1/sra-pub-zq-38/SRR014/14742/SRR14742063/SRR14742063.lite.1,SRX11076889,45P_W4,AMPLICON,PCR,METAGENOMIC,PAIRED,0,0,ILLUMINA,Illumina MiSeq,SRP322898,PRJNA735440,,735440,SRS9142812,SAMN19582376,simple,1842734,human reproductive system metagenome,45P_W4,,,,,,,no,,,,,MURDOCH CHILDRENS RESEARCH INSTITUTE,SRA1241179,,public,6F8294257782C014A981D607C51924F0,F312C75D5D17F0CCC01D2113D6DDA8EF
SRR14742061,2021-10-07 00:00:24,2021-06-06 09:39:56,32388,18213177,32388,562,9,,https://sra-downloadb.be-md.ncbi.nlm.nih.gov/sos8/sra-pub-zq-818/SRR014/14742/SRR14742061/SRR14742061.lite.1,SRX11076891,45P_W8,AMPLICON,PCR,METAGENOMIC,PAIRED,0,0,ILLUMINA,Illumina MiSeq,SRP322898,PRJNA735440,,735440,SRS9142814,SAMN19582377,simple,1842734,human reproductive system metagenome,45P_W8,,,,,,,no,,,,,MURDOCH CHILDRENS RESEARCH INSTITUTE,SRA1241179,,public,2D0CF9A6AEAA02FF823AFB157B239B4B,6C2C17FA4689B87AB8603CA9A91A19B6
SRR14742066,2021-10-07 00:00:24,2021-06-06 09:40:05,36996,20812050,36996,562,10,,https://sra-downloadb.be-md.ncbi.nlm.nih.gov/sos9/sra-pub-zq-924/SRR014/14742/SRR14742066/SRR14742066.lite.1,SRX11076886,45U_D0,AMPLICON,PCR,METAGENOMIC,PAIRED,0,0,ILLUMINA,Illumina MiSeq,SRP322898,PRJNA735440,,735440,SRS9142810,SAMN19582496,simple,2516875,human urinary tract metagenome,45U_D0,,,,,,,no,,,,,MURDOCH CHILDRENS RESEARCH INSTITUTE,SRA1241179,,public,306B103E0A4EE6AA34B39B4D9A130592,339A11F15F4937F662122FB4C08C9943
SRR14742064,2021-10-07 00:00:24,2021-06-06 09:39:54,34922,19606126,34922,561,9,,https://sra-downloadb.be-md.ncbi.nlm.nih.gov/sos8/sra-pub-zq-820/SRR014/14742/SRR14742064/SRR14742064.lite.1,SRX11076888,45U_D8,AMPLICON,PCR,METAGENOMIC,PAIRED,0,0,ILLUMINA,Illumina MiSeq,SRP322898,PRJNA735440,,735440,SRS9142811,SAMN19582497,simple,2516875,human urinary tract metagenome,45U_D8,,,,,,,no,,,,,MURDOCH CHILDRENS RESEARCH INSTITUTE,SRA1241179,,public,E19CA3A88B1444293CA405383AAFB575,0370D0183283534DAF75D5B71D1A13EE
SRR14742058,2021-10-07 00:00:24,2021-06-06 09:39:53,41601,23400801,41601,562,12,,https://sra-downloadb.be-md.ncbi.nlm.nih.gov/sos8/sra-pub-zq-818/SRR014/14742/SRR14742058/SRR14742058.lite.1,SRX11076894,45U_End,AMPLICON,PCR,METAGENOMIC,PAIRED,0,0,ILLUMINA,Illumina MiSeq,SRP322898,PRJNA735440,,735440,SRS9142815,SAMN19582500,simple,2516875,human urinary tract metagenome,45U_End,,,,,,,no,,,,,MURDOCH CHILDRENS RESEARCH INSTITUTE,SRA1241179,,public,E3847563A887688D18C68E36AFF69893,BDEF57436AA3759545596C2B3A2DA458
SRR14742062,2021-10-07 00:00:24,2021-06-06 09:39:52,29732,16735551,29732,562,7,,https://sra-downloadb.be-md.ncbi.nlm.nih.gov/sos9/sra-pub-zq-924/SRR014/14742/SRR14742062/SRR14742062.lite.1,SRX11076890,45U_W4,AMPLICON,PCR,METAGENOMIC,PAIRED,0,0,ILLUMINA,Illumina MiSeq,SRP322898,PRJNA735440,,735440,SRS9142813,SAMN19582498,simple,2516875,human urinary tract metagenome,45U_W4,,,,,,,no,,,,,MURDOCH CHILDRENS RESEARCH INSTITUTE,SRA1241179,,public,2532CAEBDD96EA70460D5BA24259E86A,EABA7A47A7CF117D8D67A8E29CA013E0
SRR14742060,2021-10-07 00:00:24,2021-06-06 09:40:06,44808,25211006,44808,562,13,,https://sra-downloadb.be-md.ncbi.nlm.nih.gov/sos9/sra-pub-zq-924/SRR014/14742/SRR14742060/SRR14742060.lite.1,SRX11076892,45U_W8,AMPLICON,PCR,METAGENOMIC,PAIRED,0,0,ILLUMINA,Illumina MiSeq,SRP322898,PRJNA735440,,735440,SRS9142999,SAMN19582499,simple,2516875,human urinary tract metagenome,45U_W8,,,,,,,no,,,,,MURDOCH CHILDRENS RESEARCH INSTITUTE,SRA1241179,,public,63C93BA54681273EDF389410564EF81A,C4D455BA9CE06CFE880849439A43C417
SRR14742057,2021-10-07 00:00:24,2021-06-06 09:39:53,35685,20073431,35685,562,10,,https://sra-downloadb.be-md.ncbi.nlm.nih.gov/sos1/sra-pub-zq-38/SRR014/14742/SRR14742057/SRR14742057.lite.1,SRX11076895,46P_D0,AMPLICON,PCR,METAGENOMIC,PAIRED,0,0,ILLUMINA,Illumina MiSeq,SRP322898,PRJNA735440,,735440,SRS9142816,SAMN19582379,simple,1842734,human reproductive system metagenome,46P_D0,,,,,,,no,,,,,MURDOCH CHILDRENS RESEARCH INSTITUTE,SRA1241179,,public,C0517ECA23309A52E37090DAE968306C,170183B2C35AA7B4CE271DD42940AE17
SRR14742054,2021-10-07 00:00:24,2021-06-06 09:35:35,29623,16672180,29623,562,8,,https://sra-downloadb.be-md.ncbi.nlm.nih.gov/sos8/sra-pub-zq-820/SRR014/14742/SRR14742054/SRR14742054.lite.1,SRX11076898,46P_D8,AMPLICON,PCR,METAGENOMIC,PAIRED,0,0,ILLUMINA,Illumina MiSeq,SRP322898,PRJNA735440,,735440,SRS9142819,SAMN19582380,simple,1842734,human reproductive system metagenome,46P_D8,,,,,,,no,,,,,MURDOCH CHILDRENS RESEARCH INSTITUTE,SRA1241179,,public,9D0D767394E1DBBBEB81D58385251D48,E2F330D0C8AE043D873A26BCA692D686
SRR14742050,2021-10-07 00:00:24,2021-06-06 09:35:30,25583,14399621,25583,562,7,,https://sra-downloadb.be-md.ncbi.nlm.nih.gov/sos1/sra-pub-zq-38/SRR014/14742/SRR14742050/SRR14742050.lite.1,SRX11076902,46P_End,AMPLICON,PCR,METAGENOMIC,PAIRED,0,0,ILLUMINA,Illumina MiSeq,SRP322898,PRJNA735440,,735440,SRS9142823,SAMN19582382,simple,1842734,human reproductive system metagenome,46P_End,,,,,,,no,,,,,MURDOCH CHILDRENS RESEARCH INSTITUTE,SRA1241179,,public,3F49D45505A5DE325807D693B509419B,7AD6BC9C4E23E10EF127CE2509D0A3A2
SRR14742052,2021-10-07 00:00:24,2021-06-06 09:35:48,32255,18151029,32255,562,9,,https://sra-downloadb.be-md.ncbi.nlm.nih.gov/sos8/sra-pub-zq-818/SRR014/14742/SRR14742052/SRR14742052.lite.1,SRX11076900,46P_W4,AMPLICON,PCR,METAGENOMIC,PAIRED,0,0,ILLUMINA,Illumina MiSeq,SRP322898,PRJNA735440,,735440,SRS9142821,SAMN19582381,simple,1842734,human reproductive system metagenome,46P_W4,,,,,,,no,,,,,MURDOCH CHILDRENS RESEARCH INSTITUTE,SRA1241179,,public,719EEB047B3F0B0CB66E6259DB411458,EBE6657A097B9F3A87F746250DB12CD9
SRR14742055,2021-10-07 00:00:24,2021-06-06 09:35:33,33087,18614038,33087,562,9,,https://sra-downloadb.be-md.ncbi.nlm.nih.gov/sos9/sra-pub-zq-924/SRR014/14742/SRR14742055/SRR14742055.lite.1,SRX11076897,46U_D0,AMPLICON,PCR,METAGENOMIC,PAIRED,0,0,ILLUMINA,Illumina MiSeq,SRP322898,PRJNA735440,,735440,SRS9142818,SAMN19582501,simple,2516875,human urinary tract metagenome,46U_D0,,,,,,,no,,,,,MURDOCH CHILDRENS RESEARCH INSTITUTE,SRA1241179,,public,B8EB6F84033A26E0A53BD888E27A64A6,F384E407D3FB077F6F22D22A89712368
SRR14742053,2021-10-07 00:00:24,2021-06-06 09:35:31,33025,18568325,33025,562,9,,https://sra-downloadb.be-md.ncbi.nlm.nih.gov/sos1/sra-pub-zq-38/SRR014/14742/SRR14742053/SRR14742053.lite.1,SRX11076899,46U_D8,AMPLICON,PCR,METAGENOMIC,PAIRED,0,0,ILLUMINA,Illumina MiSeq,SRP322898,PRJNA735440,,735440,SRS9142820,SAMN19582502,simple,2516875,human urinary tract metagenome,46U_D8,,,,,,,no,,,,,MURDOCH CHILDRENS RESEARCH INSTITUTE,SRA1241179,,public,1B1B8BFBFBB3A790569F099B4247997A,2E2D56743E3F39BB09055F16183C9E97
SRR14742049,2021-10-07 00:00:24,2021-06-06 09:35:31,35634,20038787,35634,562,10,,https://sra-downloadb.be-md.ncbi.nlm.nih.gov/sos13/sra-pub-zq-1301/SRR014/14742/SRR14742049/SRR14742049.lite.1,SRX11076903,46U_End,AMPLICON,PCR,METAGENOMIC,PAIRED,0,0,ILLUMINA,Illumina MiSeq,SRP322898,PRJNA735440,,735440,SRS9142824,SAMN19582504,simple,2516875,human urinary tract metagenome,46U_End,,,,,,,no,,,,,MURDOCH CHILDRENS RESEARCH INSTITUTE,SRA1241179,,public,D00DBD332061E3E4CFB3A8EAA2236AB7,60C30A6B6801A3868E1A74C650EA10E4
SRR14742051,2021-10-07 00:00:24,2021-06-06 09:35:36,33451,18812824,33451,562,9,,https://sra-downloadb.be-md.ncbi.nlm.nih.gov/sos9/sra-pub-zq-924/SRR014/14742/SRR14742051/SRR14742051.lite.1,SRX11076901,46U_W4,AMPLICON,PCR,METAGENOMIC,PAIRED,0,0,ILLUMINA,Illumina MiSeq,SRP322898,PRJNA735440,,735440,SRS9142822,SAMN19582503,simple,2516875,human urinary tract metagenome,46U_W4,,,,,,,no,,,,,MURDOCH CHILDRENS RESEARCH INSTITUTE,SRA1241179,,public,002B3CB45DD42DA077E282B09B208713,9234D777132EF314F7CB4C2CA31E98B0
SRR14742048,2021-10-07 00:00:24,2021-06-06 09:35:30,44186,24848528,44184,562,12,,https://sra-downloadb.be-md.ncbi.nlm.nih.gov/sos9/sra-pub-zq-924/SRR014/14742/SRR14742048/SRR14742048.lite.1,SRX11076904,47P_D0,AMPLICON,PCR,METAGENOMIC,PAIRED,0,0,ILLUMINA,Illumina MiSeq,SRP322898,PRJNA735440,,735440,SRS9142825,SAMN19582383,simple,1842734,human reproductive system metagenome,47P_D0,,,,,,,no,,,,,MURDOCH CHILDRENS RESEARCH INSTITUTE,SRA1241179,,public,F94C95AAA8FC0E68F29384723690AC09,E93776507C7703D0115B84E6606CE38E
SRR14742046,2021-10-07 00:00:24,2021-06-06 09:35:22,26956,15166248,26956,562,6,,https://sra-downloadb.be-md.ncbi.nlm.nih.gov/sos9/sra-pub-zq-924/SRR014/14742/SRR14742046/SRR14742046.lite.1,SRX11076906,47P_D8,AMPLICON,PCR,METAGENOMIC,PAIRED,0,0,ILLUMINA,Illumina MiSeq,SRP322898,PRJNA735440,,735440,SRS9142827,SAMN19582384,simple,1842734,human reproductive system metagenome,47P_D8,,,,,,,no,,,,,MURDOCH CHILDRENS RESEARCH INSTITUTE,SRA1241179,,public,B4808EEE48CF73091BF74749601ED6A1,BCDAEE14CEEC1181F8321B4E678D0285
SRR14742039,2021-10-07 00:00:25,2021-06-06 09:35:19,27879,15692120,27879,562,7,,https://sra-downloadb.be-md.ncbi.nlm.nih.gov/sos1/sra-pub-zq-38/SRR014/14742/SRR14742039/SRR14742039.lite.1,SRX11076913,47P_End,AMPLICON,PCR,METAGENOMIC,PAIRED,0,0,ILLUMINA,Illumina MiSeq,SRP322898,PRJNA735440,,735440,SRS9142834,SAMN19582387,simple,1842734,human reproductive system metagenome,47P_End,,,,,,,no,,,,,MURDOCH CHILDRENS RESEARCH INSTITUTE,SRA1241179,,public,8909834BA8AE3F924FCDB7A76432F229,6B5792C0EC47CC2D5D798FCAF0D46613
SRR14742043,2021-10-07 00:00:25,2021-06-06 09:35:18,32804,18466391,32804,562,9,,https://sra-downloadb.be-md.ncbi.nlm.nih.gov/sos13/sra-pub-zq-1301/SRR014/14742/SRR14742043/SRR14742043.lite.1,SRX11076909,47P_W4,AMPLICON,PCR,METAGENOMIC,PAIRED,0,0,ILLUMINA,Illumina MiSeq,SRP322898,PRJNA735440,,735440,SRS9142829,SAMN19582385,simple,1842734,human reproductive system metagenome,47P_W4,,,,,,,no,,,,,MURDOCH CHILDRENS RESEARCH INSTITUTE,SRA1241179,,public,C5C91391DC0CFC6840B800336D180A1F,8AD13BF413A73CD112814A06F5847165
SRR14742041,2021-10-07 00:00:25,2021-06-06 09:35:24,24711,13894805,24711,562,6,,https://sra-downloadb.be-md.ncbi.nlm.nih.gov/sos13/sra-pub-zq-1301/SRR014/14742/SRR14742041/SRR14742041.lite.1,SRX11076911,47P_W8,AMPLICON,PCR,METAGENOMIC,PAIRED,0,0,ILLUMINA,Illumina MiSeq,SRP322898,PRJNA735440,,735440,SRS9142832,SAMN19582386,simple,1842734,human reproductive system metagenome,47P_W8,,,,,,,no,,,,,MURDOCH CHILDRENS RESEARCH INSTITUTE,SRA1241179,,public,8670903DD74AA15EEA0CDBC424D3ED90,C8FC8A058EB691C84F48A6C59E25C526
SRR14742047,2021-10-07 00:00:24,2021-06-06 09:35:30,25652,14439916,25652,562,7,,https://sra-downloadb.be-md.ncbi.nlm.nih.gov/sos9/sra-pub-zq-924/SRR014/14742/SRR14742047/SRR14742047.lite.1,SRX11076905,47U_D0,AMPLICON,PCR,METAGENOMIC,PAIRED,0,0,ILLUMINA,Illumina MiSeq,SRP322898,PRJNA735440,,735440,SRS9142826,SAMN19582505,simple,2516875,human urinary tract metagenome,47U_D0,,,,,,,no,,,,,MURDOCH CHILDRENS RESEARCH INSTITUTE,SRA1241179,,public,1609776B57B6376C2EBEAED7423F925F,3EBB055280FB7241629BF2CF9C9D94BA
SRR14742044,2021-10-07 00:00:25,2021-06-06 09:35:18,35514,19960422,35514,562,9,,https://sra-downloadb.be-md.ncbi.nlm.nih.gov/sos9/sra-pub-zq-924/SRR014/14742/SRR14742044/SRR14742044.lite.1,SRX11076908,47U_D8,AMPLICON,PCR,METAGENOMIC,PAIRED,0,0,ILLUMINA,Illumina MiSeq,SRP322898,PRJNA735440,,735440,SRS9142830,SAMN19582506,simple,2516875,human urinary tract metagenome,47U_D8,,,,,,,no,,,,,MURDOCH CHILDRENS RESEARCH INSTITUTE,SRA1241179,,public,88F9937C776BCB084042AF9387AA3CAA,9050A64B37816C6BECF152628B46A555
SRR14742337,2021-10-07 00:00:25,2021-06-06 09:41:34,27515,15482323,27515,562,7,,https://sra-downloadb.be-md.ncbi.nlm.nih.gov/sos9/sra-pub-zq-924/SRR014/14742/SRR14742337/SRR14742337.lite.1,SRX11076914,47U_End,AMPLICON,PCR,METAGENOMIC,PAIRED,0,0,ILLUMINA,Illumina MiSeq,SRP322898,PRJNA735440,,735440,SRS9142836,SAMN19582509,simple,2516875,human urinary tract metagenome,47U_End,,,,,,,no,,,,,MURDOCH CHILDRENS RESEARCH INSTITUTE,SRA1241179,,public,F7B1D7B26A97C19D8C542E0DC077FB23,C6A4732BEF5E1530ACBF804F8CE7193F
SRR14742042,2021-10-07 00:00:25,2021-06-06 09:35:25,32401,18237198,32401,562,8,,https://sra-downloadb.be-md.ncbi.nlm.nih.gov/sos13/sra-pub-zq-1301/SRR014/14742/SRR14742042/SRR14742042.lite.1,SRX11076910,47U_W4,AMPLICON,PCR,METAGENOMIC,PAIRED,0,0,ILLUMINA,Illumina MiSeq,SRP322898,PRJNA735440,,735440,SRS9142831,SAMN19582507,simple,2516875,human urinary tract metagenome,47U_W4,,,,,,,no,,,,,MURDOCH CHILDRENS RESEARCH INSTITUTE,SRA1241179,,public,71410D043E763DEC9AFED4DEC14C21C3,63A0F567BF8BB12B2172DB477873C901
SRR14742040,2021-10-07 00:00:25,2021-06-06 09:35:19,28206,15875009,28206,562,7,,https://sra-downloadb.be-md.ncbi.nlm.nih.gov/sos1/sra-pub-zq-38/SRR014/14742/SRR14742040/SRR14742040.lite.1,SRX11076912,47U_W8,AMPLICON,PCR,METAGENOMIC,PAIRED,0,0,ILLUMINA,Illumina MiSeq,SRP322898,PRJNA735440,,735440,SRS9142833,SAMN19582508,simple,2516875,human urinary tract metagenome,47U_W8,,,,,,,no,,,,,MURDOCH CHILDRENS RESEARCH INSTITUTE,SRA1241179,,public,FCE5BE0706775A472D38E620970D2006,5BAEC019D75A667F6DE89A5406AEB36D
SRR14742156,2021-10-07 00:00:22,2021-06-06 09:40:31,43676,24579132,43676,562,13,,https://sra-downloadb.be-md.ncbi.nlm.nih.gov/sos9/sra-pub-zq-924/SRR014/14742/SRR14742156/SRR14742156.lite.1,SRX11076796,18V_D0,AMPLICON,PCR,METAGENOMIC,PAIRED,0,0,ILLUMINA,Illumina MiSeq,SRP322898,PRJNA735440,,735440,SRS9142721,SAMN19582165,simple,1632839,human vaginal metagenome,18V_D0,,,,,,,no,,,,,MURDOCH CHILDRENS RESEARCH INSTITUTE,SRA1241179,,public,5ABFD3D6893D9BCFFDAAB53715F54F5A,3E14E6DB56E94848FFC414CA831B5537
SRR14742145,2021-10-07 00:00:22,2021-06-06 09:40:30,27623,15545674,27623,562,7,,https://sra-downloadb.be-md.ncbi.nlm.nih.gov/sos9/sra-pub-zq-924/SRR014/14742/SRR14742145/SRR14742145.lite.1,SRX11076807,18V_D8,AMPLICON,PCR,METAGENOMIC,PAIRED,0,0,ILLUMINA,Illumina MiSeq,SRP322898,PRJNA735440,,735440,SRS9142732,SAMN19582166,simple,1632839,human vaginal metagenome,18V_D8,,,,,,,no,,,,,MURDOCH CHILDRENS RESEARCH INSTITUTE,SRA1241179,,public,9CAD0D1320BFB121A89E059DFFE3086C,884C27871BCFE2C9FA9F10941DB0F390
SRR14742111,2021-10-07 00:00:23,2021-06-06 09:39:58,33772,19006545,33772,562,9,,https://sra-downloadb.be-md.ncbi.nlm.nih.gov/sos9/sra-pub-zq-924/SRR014/14742/SRR14742111/SRR14742111.lite.1,SRX11076841,18V_End,AMPLICON,PCR,METAGENOMIC,PAIRED,0,0,ILLUMINA,Illumina MiSeq,SRP322898,PRJNA735440,,735440,SRS9142764,SAMN19582169,simple,1632839,human vaginal metagenome,18V_End,,,,,,,no,,,,,MURDOCH CHILDRENS RESEARCH INSTITUTE,SRA1241179,,public,665062A460C290A8C623E619F78A2F5B,4CC8AADF4C5DA084DBBCDCAC735E35BB
SRR14742134,2021-10-07 00:00:22,2021-06-06 09:40:24,28757,16188583,28757,562,8,,https://sra-downloadb.be-md.ncbi.nlm.nih.gov/sos8/sra-pub-zq-820/SRR014/14742/SRR14742134/SRR14742134.lite.1,SRX11076818,18V_W4,AMPLICON,PCR,METAGENOMIC,PAIRED,0,0,ILLUMINA,Illumina MiSeq,SRP322898,PRJNA735440,,735440,SRS9142743,SAMN19582167,simple,1632839,human vaginal metagenome,18V_W4,,,,,,,no,,,,,MURDOCH CHILDRENS RESEARCH INSTITUTE,SRA1241179,,public,A18D482E55B8595982488870BDD79520,564212A263A9B313773B8E57619B0359
SRR14742123,2021-10-07 00:00:23,2021-06-06 09:40:05,34039,19160155,34039,562,9,,https://sra-downloadb.be-md.ncbi.nlm.nih.gov/sos13/sra-pub-zq-1301/SRR014/14742/SRR14742123/SRR14742123.lite.1,SRX11076829,18V_W8,AMPLICON,PCR,METAGENOMIC,PAIRED,0,0,ILLUMINA,Illumina MiSeq,SRP322898,PRJNA735440,,735440,SRS9142754,SAMN19582168,simple,1632839,human vaginal metagenome,18V_W8,,,,,,,no,,,,,MURDOCH CHILDRENS RESEARCH INSTITUTE,SRA1241179,,public,15E841C529169CB15C7DCCAD695EC836,87DD20FC67EC8CA793FEDE87A544057C
SRR14742100,2021-10-07 00:00:23,2021-06-06 09:39:57,41776,23512964,41775,562,12,,https://sra-downloadb.be-md.ncbi.nlm.nih.gov/sos9/sra-pub-zq-924/SRR014/14742/SRR14742100/SRR14742100.lite.1,SRX11076852,20V_D0,AMPLICON,PCR,METAGENOMIC,PAIRED,0,0,ILLUMINA,Illumina MiSeq,SRP322898,PRJNA735440,,735440,SRS9142776,SAMN19582170,simple,1632839,human vaginal metagenome,20V_D0,,,,,,,no,,,,,MURDOCH CHILDRENS RESEARCH INSTITUTE,SRA1241179,,public,6218FDA530EF6BC629F290171668C8C2,9327F28CA4810F471650C9DCA14D51E5
SRR14742157,2021-10-07 00:00:22,2021-06-06 09:40:34,50429,28395268,50429,563,15,,https://sra-downloadb.be-md.ncbi.nlm.nih.gov/sos8/sra-pub-zq-820/SRR014/14742/SRR14742157/SRR14742157.lite.1,SRX11076795,30P_D0,AMPLICON,PCR,METAGENOMIC,PAIRED,0,0,ILLUMINA,Illumina MiSeq,SRP322898,PRJNA735440,,735440,SRS9142720,SAMN19582334,simple,1842734,human reproductive system metagenome,30P_D0,,,,,,,no,,,,,MURDOCH CHILDRENS RESEARCH INSTITUTE,SRA1241179,,public,6ADC0C56A438CB7BED411FA30B614162,AD7750BD1CDE21E92F66BF8E53E45375
SRR14742154,2021-10-07 00:00:22,2021-06-06 09:40:31,25683,14453474,25683,562,7,,https://sra-downloadb.be-md.ncbi.nlm.nih.gov/sos1/sra-pub-zq-38/SRR014/14742/SRR14742154/SRR14742154.lite.1,SRX11076798,30P_D8,AMPLICON,PCR,METAGENOMIC,PAIRED,0,0,ILLUMINA,Illumina MiSeq,SRP322898,PRJNA735440,,735440,SRS9142723,SAMN19582335,simple,1842734,human reproductive system metagenome,30P_D8,,,,,,,no,,,,,MURDOCH CHILDRENS RESEARCH INSTITUTE,SRA1241179,,public,8521395777F86DCED7453E2C2E371137,C95FDF4192065670128ABF815C75DE06
SRR14742148,2021-10-07 00:00:22,2021-06-06 09:40:30,38755,21836751,38755,563,11,,https://sra-downloadb.be-md.ncbi.nlm.nih.gov/sos8/sra-pub-zq-818/SRR014/14742/SRR14742148/SRR14742148.lite.1,SRX11076804,30P_End,AMPLICON,PCR,METAGENOMIC,PAIRED,0,0,ILLUMINA,Illumina MiSeq,SRP322898,PRJNA735440,,735440,SRS9142730,SAMN19582338,simple,1842734,human reproductive system metagenome,30P_End,,,,,,,no,,,,,MURDOCH CHILDRENS RESEARCH INSTITUTE,SRA1241179,,public,E8C45020C922C6A1578ADCDC6C58E517,B760ADE1D4F0D66AAE2726DF941708C5
SRR14742152,2021-10-07 00:00:22,2021-06-06 09:40:33,54422,30625954,54421,562,16,,https://sra-downloadb.be-md.ncbi.nlm.nih.gov/sos13/sra-pub-zq-1301/SRR014/14742/SRR14742152/SRR14742152.lite.1,SRX11076800,30P_W4,AMPLICON,PCR,METAGENOMIC,PAIRED,0,0,ILLUMINA,Illumina MiSeq,SRP322898,PRJNA735440,,735440,SRS9142725,SAMN19582336,simple,1842734,human reproductive system metagenome,30P_W4,,,,,,,no,,,,,MURDOCH CHILDRENS RESEARCH INSTITUTE,SRA1241179,,public,466BFFB9B97A6D29589289051DF78235,29C24E836ED045812E5D5C0F19BC4FDB
SRR14742150,2021-10-07 00:00:22,2021-06-06 09:40:31,55373,31168180,55373,562,16,,https://sra-downloadb.be-md.ncbi.nlm.nih.gov/sos8/sra-pub-zq-818/SRR014/14742/SRR14742150/SRR14742150.lite.1,SRX11076802,30P_W8,AMPLICON,PCR,METAGENOMIC,PAIRED,0,0,ILLUMINA,Illumina MiSeq,SRP322898,PRJNA735440,,735440,SRS9142726,SAMN19582337,simple,1842734,human reproductive system metagenome,30P_W8,,,,,,,no,,,,,MURDOCH CHILDRENS RESEARCH INSTITUTE,SRA1241179,,public,1F186DEB8C463D1D2B1C0E52C43FEED7,BE90930B0F2CDDB0B4A81E3D659053C7
SRR14742155,2021-10-07 00:00:22,2021-06-06 09:40:30,34246,19278779,34246,562,10,,https://sra-downloadb.be-md.ncbi.nlm.nih.gov/sos1/sra-pub-zq-38/SRR014/14742/SRR14742155/SRR14742155.lite.1,SRX11076797,30U_D0,AMPLICON,PCR,METAGENOMIC,PAIRED,0,0,ILLUMINA,Illumina MiSeq,SRP322898,PRJNA735440,,735440,SRS9142722,SAMN19582456,simple,2516875,human urinary tract metagenome,30U_D0,,,,,,,no,,,,,MURDOCH CHILDRENS RESEARCH INSTITUTE,SRA1241179,,public,74D4DA2628CDD86DD7094B1F5671C959,470213F97FB364CB5943183CEAC47A31
SRR14742153,2021-10-07 00:00:22,2021-06-06 09:40:31,27988,15744022,27988,562,8,,https://sra-downloadb.be-md.ncbi.nlm.nih.gov/sos9/sra-pub-zq-924/SRR014/14742/SRR14742153/SRR14742153.lite.1,SRX11076799,30U_D8,AMPLICON,PCR,METAGENOMIC,PAIRED,0,0,ILLUMINA,Illumina MiSeq,SRP322898,PRJNA735440,,735440,SRS9142724,SAMN19582457,simple,2516875,human urinary tract metagenome,30U_D8,,,,,,,no,,,,,MURDOCH CHILDRENS RESEARCH INSTITUTE,SRA1241179,,public,0D7AE2E206016C4CCE0E2134DE002301,7E8E051B4B05939A3FAB9E5343DA4806
SRR14742147,2021-10-07 00:00:22,2021-06-06 09:40:28,30719,17223716,30719,560,9,,https://sra-downloadb.be-md.ncbi.nlm.nih.gov/sos9/sra-pub-zq-924/SRR014/14742/SRR14742147/SRR14742147.lite.1,SRX11076805,30U_End,AMPLICON,PCR,METAGENOMIC,PAIRED,0,0,ILLUMINA,Illumina MiSeq,SRP322898,PRJNA735440,,735440,SRS9142729,SAMN19582460,simple,2516875,human urinary tract metagenome,30U_End,,,,,,,no,,,,,MURDOCH CHILDRENS RESEARCH INSTITUTE,SRA1241179,,public,F8E5BB4EF19749BCC18B562CCEBDA8E6,90CA830FDAC1C16C133EED3AAC011F18
SRR14742151,2021-10-07 00:00:22,2021-06-06 09:40:31,53451,30029878,53451,561,16,,https://sra-downloadb.be-md.ncbi.nlm.nih.gov/sos9/sra-pub-zq-924/SRR014/14742/SRR14742151/SRR14742151.lite.1,SRX11076801,30U_W4,AMPLICON,PCR,METAGENOMIC,PAIRED,0,0,ILLUMINA,Illumina MiSeq,SRP322898,PRJNA735440,,735440,SRS9142727,SAMN19582458,simple,2516875,human urinary tract metagenome,30U_W4,,,,,,,no,,,,,MURDOCH CHILDRENS RESEARCH INSTITUTE,SRA1241179,,public,350A882E49F178B7E3C260B80489F32F,0C7E1E695B7E3EE51B7427214A48D0E6
SRR14742149,2021-10-07 00:00:22,2021-06-06 09:40:29,43209,24309086,43202,562,12,,https://sra-downloadb.be-md.ncbi.nlm.nih.gov/sos13/sra-pub-zq-1301/SRR014/14742/SRR14742149/SRR14742149.lite.1,SRX11076803,30U_W8,AMPLICON,PCR,METAGENOMIC,PAIRED,0,0,ILLUMINA,Illumina MiSeq,SRP322898,PRJNA735440,,735440,SRS9142728,SAMN19582459,simple,2516875,human urinary tract metagenome,30U_W8,,,,,,,no,,,,,MURDOCH CHILDRENS RESEARCH INSTITUTE,SRA1241179,,public,B96390DF4D21B359256C9795E9BB9707,0612BBFFA1F1C75C2420E6237EF44ADB
SRR14742146,2021-10-07 00:00:22,2021-06-06 09:40:30,39019,21948914,39019,562,11,,https://sra-downloadb.be-md.ncbi.nlm.nih.gov/sos9/sra-pub-zq-924/SRR014/14742/SRR14742146/SRR14742146.lite.1,SRX11076806,31P_D0,AMPLICON,PCR,METAGENOMIC,PAIRED,0,0,ILLUMINA,Illumina MiSeq,SRP322898,PRJNA735440,,735440,SRS9142731,SAMN19582339,simple,1842734,human reproductive system metagenome,31P_D0,,,,,,,no,,,,,MURDOCH CHILDRENS RESEARCH INSTITUTE,SRA1241179,,public,C17DD927CC7278F74D4396A6E16D2FE0,DE439D0378E90EE6450BBA16D9BC8FFC
SRR14742143,2021-10-07 00:00:22,2021-06-06 09:40:29,40944,23028567,40944,562,11,,https://sra-downloadb.be-md.ncbi.nlm.nih.gov/sos8/sra-pub-zq-818/SRR014/14742/SRR14742143/SRR14742143.lite.1,SRX11076809,31P_D8,AMPLICON,PCR,METAGENOMIC,PAIRED,0,0,ILLUMINA,Illumina MiSeq,SRP322898,PRJNA735440,,735440,SRS9142734,SAMN19582340,simple,1842734,human reproductive system metagenome,31P_D8,,,,,,,no,,,,,MURDOCH CHILDRENS RESEARCH INSTITUTE,SRA1241179,,public,C56D8A4FA14905934A4B60C4696C0D14,A64DE8662E70A45E0AF101446DA8FE68
SRR14742137,2021-10-07 00:00:22,2021-06-06 09:40:32,46256,26016424,46256,562,13,,https://sra-downloadb.be-md.ncbi.nlm.nih.gov/sos13/sra-pub-zq-1301/SRR014/14742/SRR14742137/SRR14742137.lite.1,SRX11076815,31P_End,AMPLICON,PCR,METAGENOMIC,PAIRED,0,0,ILLUMINA,Illumina MiSeq,SRP322898,PRJNA735440,,735440,SRS9142740,SAMN19582343,simple,1842734,human reproductive system metagenome,31P_End,,,,,,,no,,,,,MURDOCH CHILDRENS RESEARCH INSTITUTE,SRA1241179,,public,549B5A7C84F03BA93AF7B0A423908EC9,747ACCF6810C0DDC4424EB5637674312
SRR14742141,2021-10-07 00:00:22,2021-06-06 09:40:30,37308,20984417,37308,562,10,,https://sra-downloadb.be-md.ncbi.nlm.nih.gov/sos13/sra-pub-zq-1301/SRR014/14742/SRR14742141/SRR14742141.lite.1,SRX11076811,31P_W4,AMPLICON,PCR,METAGENOMIC,PAIRED,0,0,ILLUMINA,Illumina MiSeq,SRP322898,PRJNA735440,,735440,SRS9142736,SAMN19582341,simple,1842734,human reproductive system metagenome,31P_W4,,,,,,,no,,,,,MURDOCH CHILDRENS RESEARCH INSTITUTE,SRA1241179,,public,D4B497F538B266019038F08550504942,6761F739F9CED2343F1CB74985E284C2
SRR14742139,2021-10-07 00:00:22,2021-06-06 09:40:29,34234,19253817,34234,562,9,,https://sra-downloadb.be-md.ncbi.nlm.nih.gov/sos8/sra-pub-zq-820/SRR014/14742/SRR14742139/SRR14742139.lite.1,SRX11076813,31P_W8,AMPLICON,PCR,METAGENOMIC,PAIRED,0,0,ILLUMINA,Illumina MiSeq,SRP322898,PRJNA735440,,735440,SRS9142738,SAMN19582342,simple,1842734,human reproductive system metagenome,31P_W8,,,,,,,no,,,,,MURDOCH CHILDRENS RESEARCH INSTITUTE,SRA1241179,,public,5A455C1CF807BE31C70370D0AEC8A2B4,AEF16DBB722A00A08999AAE1384CA22A
SRR14742144,2021-10-07 00:00:22,2021-06-06 09:40:29,21540,12121728,21540,562,5,,https://sra-downloadb.be-md.ncbi.nlm.nih.gov/sos13/sra-pub-zq-1301/SRR014/14742/SRR14742144/SRR14742144.lite.1,SRX11076808,31U_D0,AMPLICON,PCR,METAGENOMIC,PAIRED,0,0,ILLUMINA,Illumina MiSeq,SRP322898,PRJNA735440,,735440,SRS9142733,SAMN19582461,simple,2516875,human urinary tract metagenome,31U_D0,,,,,,,no,,,,,MURDOCH CHILDRENS RESEARCH INSTITUTE,SRA1241179,,public,B2F4CA28F60F6486E2A6DBDCDE4653DB,472DF022768332611A254EAB420D682C
SRR14742142,2021-10-07 00:00:22,2021-06-06 09:40:29,29029,16337594,29029,562,6,,https://sra-downloadb.be-md.ncbi.nlm.nih.gov/sos1/sra-pub-zq-38/SRR014/14742/SRR14742142/SRR14742142.lite.1,SRX11076810,31U_D8,AMPLICON,PCR,METAGENOMIC,PAIRED,0,0,ILLUMINA,Illumina MiSeq,SRP322898,PRJNA735440,,735440,SRS9142735,SAMN19582462,simple,2516875,human urinary tract metagenome,31U_D8,,,,,,,no,,,,,MURDOCH CHILDRENS RESEARCH INSTITUTE,SRA1241179,,public,00E9458A2B501CC8FEE90E66F2863901,187EAFA0FD188F0F572746D96D18767B
SRR14742136,2021-10-07 00:00:22,2021-06-06 09:40:29,41602,23362971,41602,561,12,,https://sra-downloadb.be-md.ncbi.nlm.nih.gov/sos13/sra-pub-zq-1301/SRR014/14742/SRR14742136/SRR14742136.lite.1,SRX11076816,31U_End,AMPLICON,PCR,METAGENOMIC,PAIRED,0,0,ILLUMINA,Illumina MiSeq,SRP322898,PRJNA735440,,735440,SRS9142741,SAMN19582465,simple,2516875,human urinary tract metagenome,31U_End,,,,,,,no,,,,,MURDOCH CHILDRENS RESEARCH INSTITUTE,SRA1241179,,public,7F91A9BA4D43FF7B2643BECACF8E4572,D9837FAF90E0C24E7C1CE9BD01D22F5B
SRR14742140,2021-10-07 00:00:22,2021-06-06 09:40:29,35003,19695952,35003,562,8,,https://sra-downloadb.be-md.ncbi.nlm.nih.gov/sos9/sra-pub-zq-924/SRR014/14742/SRR14742140/SRR14742140.lite.1,SRX11076812,31U_W4,AMPLICON,PCR,METAGENOMIC,PAIRED,0,0,ILLUMINA,Illumina MiSeq,SRP322898,PRJNA735440,,735440,SRS9142737,SAMN19582463,simple,2516875,human urinary tract metagenome,31U_W4,,,,,,,no,,,,,MURDOCH CHILDRENS RESEARCH INSTITUTE,SRA1241179,,public,995BE882E2167BEE97F8DD5D4244D2FD,16F4AD57A10223F0EF50F841AF69AAEA
SRR14742138,2021-10-07 00:00:22,2021-06-06 09:40:32,37896,21282230,37896,561,10,,https://sra-downloadb.be-md.ncbi.nlm.nih.gov/sos9/sra-pub-zq-924/SRR014/14742/SRR14742138/SRR14742138.lite.1,SRX11076814,31U_W8,AMPLICON,PCR,METAGENOMIC,PAIRED,0,0,ILLUMINA,Illumina MiSeq,SRP322898,PRJNA735440,,735440,SRS9142739,SAMN19582464,simple,2516875,human urinary tract metagenome,31U_W8,,,,,,,no,,,,,MURDOCH CHILDRENS RESEARCH INSTITUTE,SRA1241179,,public,17B9637EA90179CAD70BFA2ED06DDD09,A2E5F0390E56630573DEA190F28E4D2F
SRR14742135,2021-10-07 00:00:22,2021-06-06 09:40:27,39104,21982936,39102,562,11,,https://sra-downloadb.be-md.ncbi.nlm.nih.gov/sos8/sra-pub-zq-818/SRR014/14742/SRR14742135/SRR14742135.lite.1,SRX11076817,35P_D0,AMPLICON,PCR,METAGENOMIC,PAIRED,0,0,ILLUMINA,Illumina MiSeq,SRP322898,PRJNA735440,,735440,SRS9142742,SAMN19582344,simple,1842734,human reproductive system metagenome,35P_D0,,,,,,,no,,,,,MURDOCH CHILDRENS RESEARCH INSTITUTE,SRA1241179,,public,2EA4E880D35E35A76A5743BA73A4F5BB,F0B08EFFFD24373E8CE5F96935223AA1
SRR14742132,2021-10-07 00:00:22,2021-06-06 09:40:24,34055,19159445,34055,562,9,,https://sra-downloadb.be-md.ncbi.nlm.nih.gov/sos1/sra-pub-zq-38/SRR014/14742/SRR14742132/SRR14742132.lite.1,SRX11076820,35P_D8,AMPLICON,PCR,METAGENOMIC,PAIRED,0,0,ILLUMINA,Illumina MiSeq,SRP322898,PRJNA735440,,735440,SRS9142745,SAMN19582345,simple,1842734,human reproductive system metagenome,35P_D8,,,,,,,no,,,,,MURDOCH CHILDRENS RESEARCH INSTITUTE,SRA1241179,,public,1537568C6956D031D5A4A12FFECA9562,A23373AE7E16D0EEFB65C0D59DEC0E5F
SRR14742130,2021-10-07 00:00:22,2021-06-06 09:40:04,38992,21929913,38992,562,10,,https://sra-downloadb.be-md.ncbi.nlm.nih.gov/sos13/sra-pub-zq-1301/SRR014/14742/SRR14742130/SRR14742130.lite.1,SRX11076822,35P_End,AMPLICON,PCR,METAGENOMIC,PAIRED,0,0,ILLUMINA,Illumina MiSeq,SRP322898,PRJNA735440,,735440,SRS9142747,SAMN19582346,simple,1842734,human reproductive system metagenome,35P_End,,,,,,,no,,,,,MURDOCH CHILDRENS RESEARCH INSTITUTE,SRA1241179,,public,79EEE43BE90476D17C8469CD5839B3E9,D56B3B5CA82E47A52ABEAD3BB3E13678
SRR14742133,2021-10-07 00:00:22,2021-06-06 09:40:25,40249,22624574,40249,562,11,,https://sra-downloadb.be-md.ncbi.nlm.nih.gov/sos1/sra-pub-zq-38/SRR014/14742/SRR14742133/SRR14742133.lite.1,SRX11076819,35U_D0,AMPLICON,PCR,METAGENOMIC,PAIRED,0,0,ILLUMINA,Illumina MiSeq,SRP322898,PRJNA735440,,735440,SRS9142744,SAMN19582466,simple,2516875,human urinary tract metagenome,35U_D0,,,,,,,no,,,,,MURDOCH CHILDRENS RESEARCH INSTITUTE,SRA1241179,,public,ABBFF36052E8B46FE4886758244F5C66,5832850B7E3A56F75647ECB242E93A8D
SRR14742131,2021-10-07 00:00:22,2021-06-06 09:40:03,29257,16368138,29257,559,8,,https://sra-downloadb.be-md.ncbi.nlm.nih.gov/sos8/sra-pub-zq-820/SRR014/14742/SRR14742131/SRR14742131.lite.1,SRX11076821,35U_D8,AMPLICON,PCR,METAGENOMIC,PAIRED,0,0,ILLUMINA,Illumina MiSeq,SRP322898,PRJNA735440,,735440,SRS9142746,SAMN19582467,simple,2516875,human urinary tract metagenome,35U_D8,,,,,,,no,,,,,MURDOCH CHILDRENS RESEARCH INSTITUTE,SRA1241179,,public,9F53B670D5B78D6AAF73DC119D07D65D,2274E96D435E89AEC3F0954130002E74
SRR14742129,2021-10-07 00:00:23,2021-06-06 09:39:55,31864,17904246,31864,561,8,,https://sra-downloadb.be-md.ncbi.nlm.nih.gov/sos9/sra-pub-zq-924/SRR014/14742/SRR14742129/SRR14742129.lite.1,SRX11076823,35U_End,AMPLICON,PCR,METAGENOMIC,PAIRED,0,0,ILLUMINA,Illumina MiSeq,SRP322898,PRJNA735440,,735440,SRS9142748,SAMN19582468,simple,2516875,human urinary tract metagenome,35U_End,,,,,,,no,,,,,MURDOCH CHILDRENS RESEARCH INSTITUTE,SRA1241179,,public,12535F7D29624071ED31FBA1B39DDC76,B9773B9724914676C70C0B726E43E425
SRR14742128,2021-10-07 00:00:23,2021-06-06 09:40:09,45618,25674470,45618,562,13,,https://sra-downloadb.be-md.ncbi.nlm.nih.gov/sos13/sra-pub-zq-1301/SRR014/14742/SRR14742128/SRR14742128.lite.1,SRX11076824,37P_D0,AMPLICON,PCR,METAGENOMIC,PAIRED,0,0,ILLUMINA,Illumina MiSeq,SRP322898,PRJNA735440,,735440,SRS9142749,SAMN19582347,simple,1842734,human reproductive system metagenome,37P_D0,,,,,,,no,,,,,MURDOCH CHILDRENS RESEARCH INSTITUTE,SRA1241179,,public,1C7CE4A55CA008A50F46BD01F3FE0D32,84B7957C9BA62A6C773FFC3230E47063
SRR14742126,2021-10-07 00:00:23,2021-06-06 09:39:55,25280,14226537,25280,562,6,,https://sra-downloadb.be-md.ncbi.nlm.nih.gov/sos1/sra-pub-zq-38/SRR014/14742/SRR14742126/SRR14742126.lite.1,SRX11076826,37P_D8,AMPLICON,PCR,METAGENOMIC,PAIRED,0,0,ILLUMINA,Illumina MiSeq,SRP322898,PRJNA735440,,735440,SRS9142750,SAMN19582348,simple,1842734,human reproductive system metagenome,37P_D8,,,,,,,no,,,,,MURDOCH CHILDRENS RESEARCH INSTITUTE,SRA1241179,,public,41ADA66E4CAA6AC05A14DD9765263509,29C9E749A20A74B3E93FF355B68D180B
SRR14742119,2021-10-07 00:00:23,2021-06-06 09:39:58,34483,19407714,34483,562,9,,https://sra-downloadb.be-md.ncbi.nlm.nih.gov/sos1/sra-pub-zq-38/SRR014/14742/SRR14742119/SRR14742119.lite.1,SRX11076833,37P_End,AMPLICON,PCR,METAGENOMIC,PAIRED,0,0,ILLUMINA,Illumina MiSeq,SRP322898,PRJNA735440,,735440,SRS9142758,SAMN19582351,simple,1842734,human reproductive system metagenome,37P_End,,,,,,,no,,,,,MURDOCH CHILDRENS RESEARCH INSTITUTE,SRA1241179,,public,89A78800AB1B9532C4132EC99C6D9581,CFCCEC6C9B27E25737C1961AFCE43E00
SRR14742124,2021-10-07 00:00:23,2021-06-06 09:39:55,23854,13414582,23854,562,6,,https://sra-downloadb.be-md.ncbi.nlm.nih.gov/sos8/sra-pub-zq-820/SRR014/14742/SRR14742124/SRR14742124.lite.1,SRX11076828,37P_W4,AMPLICON,PCR,METAGENOMIC,PAIRED,0,0,ILLUMINA,Illumina MiSeq,SRP322898,PRJNA735440,,735440,SRS9142753,SAMN19582349,simple,1842734,human reproductive system metagenome,37P_W4,,,,,,,no,,,,,MURDOCH CHILDRENS RESEARCH INSTITUTE,SRA1241179,,public,BE47232D2E3CC905ED6D6CA1C7ECA214,AE97BD2BCE570E17D49D006CF15B9C0D
SRR14742121,2021-10-07 00:00:23,2021-06-06 09:40:07,27005,15186112,27005,562,7,,https://sra-downloadb.be-md.ncbi.nlm.nih.gov/sos1/sra-pub-zq-38/SRR014/14742/SRR14742121/SRR14742121.lite.1,SRX11076831,37P_W8,AMPLICON,PCR,METAGENOMIC,PAIRED,0,0,ILLUMINA,Illumina MiSeq,SRP322898,PRJNA735440,,735440,SRS9142756,SAMN19582350,simple,1842734,human reproductive system metagenome,37P_W8,,,,,,,no,,,,,MURDOCH CHILDRENS RESEARCH INSTITUTE,SRA1241179,,public,BDC8F83494E75817369C7353C45F518F,4FF2E2FE1ED01D27BB469FCB60F19051
SRR14742127,2021-10-07 00:00:23,2021-06-06 09:40:05,24925,14024385,24925,562,5,,https://sra-downloadb.be-md.ncbi.nlm.nih.gov/sos9/sra-pub-zq-924/SRR014/14742/SRR14742127/SRR14742127.lite.1,SRX11076825,37U_D0,AMPLICON,PCR,METAGENOMIC,PAIRED,0,0,ILLUMINA,Illumina MiSeq,SRP322898,PRJNA735440,,735440,SRS9142751,SAMN19582469,simple,2516875,human urinary tract metagenome,37U_D0,,,,,,,no,,,,,MURDOCH CHILDRENS RESEARCH INSTITUTE,SRA1241179,,public,6FC6EF3B8C51206A6A7AB67FCD63CB8C,368E69A3C9E16D20B33889384BDB49BF
SRR14742125,2021-10-07 00:00:23,2021-06-06 09:39:54,33485,18838340,33485,562,9,,https://sra-downloadb.be-md.ncbi.nlm.nih.gov/sos13/sra-pub-zq-1301/SRR014/14742/SRR14742125/SRR14742125.lite.1,SRX11076827,37U_D8,AMPLICON,PCR,METAGENOMIC,PAIRED,0,0,ILLUMINA,Illumina MiSeq,SRP322898,PRJNA735440,,735440,SRS9142752,SAMN19582470,simple,2516875,human urinary tract metagenome,37U_D8,,,,,,,no,,,,,MURDOCH CHILDRENS RESEARCH INSTITUTE,SRA1241179,,public,D7F0E7EAA3FBB70301736D2DB049B69E,6AB1824069FFA42B905FADA44E02CDD3
SRR14742118,2021-10-07 00:00:23,2021-06-06 09:39:57,27191,15315093,27191,563,7,,https://sra-downloadb.be-md.ncbi.nlm.nih.gov/sos9/sra-pub-zq-924/SRR014/14742/SRR14742118/SRR14742118.lite.1,SRX11076834,37U_End,AMPLICON,PCR,METAGENOMIC,PAIRED,0,0,ILLUMINA,Illumina MiSeq,SRP322898,PRJNA735440,,735440,SRS9142997,SAMN19582473,simple,2516875,human urinary tract metagenome,37U_End,,,,,,,no,,,,,MURDOCH CHILDRENS RESEARCH INSTITUTE,SRA1241179,,public,DDA3E66981B05C0AE1E3A19F10C12452,60D0806BEE1214EF9EAA1244D55C8084
SRR14742122,2021-10-07 00:00:23,2021-06-06 09:39:54,28930,16284611,28930,562,7,,https://sra-downloadb.be-md.ncbi.nlm.nih.gov/sos9/sra-pub-zq-924/SRR014/14742/SRR14742122/SRR14742122.lite.1,SRX11076830,37U_W4,AMPLICON,PCR,METAGENOMIC,PAIRED,0,0,ILLUMINA,Illumina MiSeq,SRP322898,PRJNA735440,,735440,SRS9142755,SAMN19582471,simple,2516875,human urinary tract metagenome,37U_W4,,,,,,,no,,,,,MURDOCH CHILDRENS RESEARCH INSTITUTE,SRA1241179,,public,40D406E983BCD98F5023435F85E3D57E,E369EC82213B944B7F8168FE8227C5AC
SRR14742120,2021-10-07 00:00:23,2021-06-06 09:39:59,36404,20492187,36404,562,9,,https://sra-downloadb.be-md.ncbi.nlm.nih.gov/sos1/sra-pub-zq-38/SRR014/14742/SRR14742120/SRR14742120.lite.1,SRX11076832,37U_W8,AMPLICON,PCR,METAGENOMIC,PAIRED,0,0,ILLUMINA,Illumina MiSeq,SRP322898,PRJNA735440,,735440,SRS9142757,SAMN19582472,simple,2516875,human urinary tract metagenome,37U_W8,,,,,,,no,,,,,MURDOCH CHILDRENS RESEARCH INSTITUTE,SRA1241179,,public,9FB0AD1E04059BC3388090A4D2621596,43435D13346C72D616B447E0B739EC82
SRR14742117,2021-10-07 00:00:23,2021-06-06 09:39:52,25431,14315915,25431,562,7,,https://sra-downloadb.be-md.ncbi.nlm.nih.gov/sos1/sra-pub-zq-38/SRR014/14742/SRR14742117/SRR14742117.lite.1,SRX11076835,38P_D0,AMPLICON,PCR,METAGENOMIC,PAIRED,0,0,ILLUMINA,Illumina MiSeq,SRP322898,PRJNA735440,,735440,SRS9142759,SAMN19582352,simple,1842734,human reproductive system metagenome,38P_D0,,,,,,,no,,,,,MURDOCH CHILDRENS RESEARCH INSTITUTE,SRA1241179,,public,DA550627FDF602463C91A454D80B39F0,E264C5DFCDAECFD391115253296EB782
SRR14742115,2021-10-07 00:00:23,2021-06-06 09:39:55,29588,16648550,29588,562,7,,https://sra-downloadb.be-md.ncbi.nlm.nih.gov/sos8/sra-pub-zq-820/SRR014/14742/SRR14742115/SRR14742115.lite.1,SRX11076837,38P_D8,AMPLICON,PCR,METAGENOMIC,PAIRED,0,0,ILLUMINA,Illumina MiSeq,SRP322898,PRJNA735440,,735440,SRS9142761,SAMN19582353,simple,1842734,human reproductive system metagenome,38P_D8,,,,,,,no,,,,,MURDOCH CHILDRENS RESEARCH INSTITUTE,SRA1241179,,public,D7623D87C8B6381CC730B4FB6DE702BA,7E05BB502B9E18D65A09BC972353E3EA
SRR14742109,2021-10-07 00:00:23,2021-06-06 09:40:03,24360,13709134,24360,562,6,,https://sra-downloadb.be-md.ncbi.nlm.nih.gov/sos9/sra-pub-zq-924/SRR014/14742/SRR14742109/SRR14742109.lite.1,SRX11076843,38P_End,AMPLICON,PCR,METAGENOMIC,PAIRED,0,0,ILLUMINA,Illumina MiSeq,SRP322898,PRJNA735440,,735440,SRS9142766,SAMN19582355,simple,1842734,human reproductive system metagenome,38P_End,,,,,,,no,,,,,MURDOCH CHILDRENS RESEARCH INSTITUTE,SRA1241179,,public,E9C621A63F393EE00185064E5218E7FC,7630DDE9B19F5591F12ECE09E15C21D6
SRR14742113,2021-10-07 00:00:23,2021-06-06 09:39:59,31190,17541808,31190,562,8,,https://sra-downloadb.be-md.ncbi.nlm.nih.gov/sos8/sra-pub-zq-818/SRR014/14742/SRR14742113/SRR14742113.lite.1,SRX11076839,38P_W4,AMPLICON,PCR,METAGENOMIC,PAIRED,0,0,ILLUMINA,Illumina MiSeq,SRP322898,PRJNA735440,,735440,SRS9142762,SAMN19582354,simple,1842734,human reproductive system metagenome,38P_W4,,,,,,,no,,,,,MURDOCH CHILDRENS RESEARCH INSTITUTE,SRA1241179,,public,A44244059575E68767C256234CC47A5F,E1E12E3BA60404FCEEC4A682E80E4295
SRR14742116,2021-10-07 00:00:23,2021-06-06 09:40:02,32358,18187202,32358,562,9,,https://sra-downloadb.be-md.ncbi.nlm.nih.gov/sos8/sra-pub-zq-820/SRR014/14742/SRR14742116/SRR14742116.lite.1,SRX11076836,38U_D0,AMPLICON,PCR,METAGENOMIC,PAIRED,0,0,ILLUMINA,Illumina MiSeq,SRP322898,PRJNA735440,,735440,SRS9142760,SAMN19582474,simple,2516875,human urinary tract metagenome,38U_D0,,,,,,,no,,,,,MURDOCH CHILDRENS RESEARCH INSTITUTE,SRA1241179,,public,D7F8372C1498CFF73C5DEB5C3F16DA33,544C52AC7E98125BB3171888C7232FE0
SRR14742114,2021-10-07 00:00:23,2021-06-06 09:40:00,51060,28717123,51060,562,13,,https://sra-downloadb.be-md.ncbi.nlm.nih.gov/sos1/sra-pub-zq-38/SRR014/14742/SRR14742114/SRR14742114.lite.1,SRX11076838,38U_D8,AMPLICON,PCR,METAGENOMIC,PAIRED,0,0,ILLUMINA,Illumina MiSeq,SRP322898,PRJNA735440,,735440,SRS9142998,SAMN19582475,simple,2516875,human urinary tract metagenome,38U_D8,,,,,,,no,,,,,MURDOCH CHILDRENS RESEARCH INSTITUTE,SRA1241179,,public,780B43A9C3EDC1ECD138A36EDD9E4995,5F593E1C06ABA487AD3580DCD42D4F67
SRR14742108,2021-10-07 00:00:23,2021-06-06 09:40:04,34105,19175109,34105,562,9,,https://sra-downloadb.be-md.ncbi.nlm.nih.gov/sos13/sra-pub-zq-1301/SRR014/14742/SRR14742108/SRR14742108.lite.1,SRX11076844,38U_End,AMPLICON,PCR,METAGENOMIC,PAIRED,0,0,ILLUMINA,Illumina MiSeq,SRP322898,PRJNA735440,,735440,SRS9142767,SAMN19582477,simple,2516875,human urinary tract metagenome,38U_End,,,,,,,no,,,,,MURDOCH CHILDRENS RESEARCH INSTITUTE,SRA1241179,,public,401C82FAA88E6F379AC061645C45EA2E,6C37CAABB846D322DCEDCA5526B0017A
SRR14742110,2021-10-07 00:00:23,2021-06-06 09:40:05,32470,18264564,32470,562,9,,https://sra-downloadb.be-md.ncbi.nlm.nih.gov/sos9/sra-pub-zq-924/SRR014/14742/SRR14742110/SRR14742110.lite.1,SRX11076842,38U_W4,AMPLICON,PCR,METAGENOMIC,PAIRED,0,0,ILLUMINA,Illumina MiSeq,SRP322898,PRJNA735440,,735440,SRS9142765,SAMN19582476,simple,2516875,human urinary tract metagenome,38U_W4,,,,,,,no,,,,,MURDOCH CHILDRENS RESEARCH INSTITUTE,SRA1241179,,public,CE9ECD7B81CDE05F1119FB4F4CCB5DA8,9C8707AEF98F69EC0E22EBDF67DDDB21
SRR14742112,2021-10-07 00:00:23,2021-06-06 09:40:04,41441,23330402,41439,562,11,,https://sra-downloadb.be-md.ncbi.nlm.nih.gov/sos9/sra-pub-zq-922/SRR014/14742/SRR14742112/SRR14742112.lite.1,SRX11076840,3V_End,AMPLICON,PCR,METAGENOMIC,PAIRED,0,0,ILLUMINA,Illumina MiSeq,SRP322898,PRJNA735440,,735440,SRS9142763,SAMN19582142,simple,1632839,human vaginal metagenome,3V_End,,,,,,,no,,,,,MURDOCH CHILDRENS RESEARCH INSTITUTE,SRA1241179,,public,0694FC1AD1BCFE564D412F0FEEBEEDDB,BB29BDAB80F32BC08C64C3ECC284185B
SRR14742107,2021-10-07 00:00:23,2021-06-06 09:39:57,38075,21433357,38074,562,10,,https://sra-downloadb.be-md.ncbi.nlm.nih.gov/sos9/sra-pub-zq-924/SRR014/14742/SRR14742107/SRR14742107.lite.1,SRX11076845,40P_D0,AMPLICON,PCR,METAGENOMIC,PAIRED,0,0,ILLUMINA,Illumina MiSeq,SRP322898,PRJNA735440,,735440,SRS9142768,SAMN19582356,simple,1842734,human reproductive system metagenome,40P_D0,,,,,,,no,,,,,MURDOCH CHILDRENS RESEARCH INSTITUTE,SRA1241179,,public,98C4449F96143FA132710276C7FBE6B3,DA5E8B5DE39E07EF83E80BE927FCA8F7
SRR14742105,2021-10-07 00:00:23,2021-06-06 09:39:58,27764,15625193,27764,562,7,,https://sra-downloadb.be-md.ncbi.nlm.nih.gov/sos8/sra-pub-zq-820/SRR014/14742/SRR14742105/SRR14742105.lite.1,SRX11076847,40P_D8,AMPLICON,PCR,METAGENOMIC,PAIRED,0,0,ILLUMINA,Illumina MiSeq,SRP322898,PRJNA735440,,735440,SRS9142771,SAMN19582357,simple,1842734,human reproductive system metagenome,40P_D8,,,,,,,no,,,,,MURDOCH CHILDRENS RESEARCH INSTITUTE,SRA1241179,,public,1F8D9D32B83D9242A0166E6A26530633,A0C27BD999C7300308A55B4F23ACC940
SRR14742098,2021-10-07 00:00:23,2021-06-06 09:39:59,32578,18332103,32578,562,9,,https://sra-downloadb.be-md.ncbi.nlm.nih.gov/sos1/sra-pub-zq-38/SRR014/14742/SRR14742098/SRR14742098.lite.1,SRX11076854,40P_End,AMPLICON,PCR,METAGENOMIC,PAIRED,0,0,ILLUMINA,Illumina MiSeq,SRP322898,PRJNA735440,,735440,SRS9142777,SAMN19582360,simple,1842734,human reproductive system metagenome,40P_End,,,,,,,no,,,,,MURDOCH CHILDRENS RESEARCH INSTITUTE,SRA1241179,,public,2D9E18701EDCCB91AC46E338FB58F48E,1BBD6330610136962F7967C273B1D6C9
SRR14742103,2021-10-07 00:00:23,2021-06-06 09:39:58,33740,18987050,33740,562,9,,https://sra-downloadb.be-md.ncbi.nlm.nih.gov/sos8/sra-pub-zq-818/SRR014/14742/SRR14742103/SRR14742103.lite.1,SRX11076849,40P_W4,AMPLICON,PCR,METAGENOMIC,PAIRED,0,0,ILLUMINA,Illumina MiSeq,SRP322898,PRJNA735440,,735440,SRS9142772,SAMN19582358,simple,1842734,human reproductive system metagenome,40P_W4,,,,,,,no,,,,,MURDOCH CHILDRENS RESEARCH INSTITUTE,SRA1241179,,public,8EB8B7CF3BB48C36F975221285A22A57,1BB7E5DD06ED52FD5CA623E36E63DCAD
SRR14742101,2021-10-07 00:00:23,2021-06-06 09:39:58,47545,26746949,47545,562,13,,https://sra-downloadb.be-md.ncbi.nlm.nih.gov/sos9/sra-pub-zq-924/SRR014/14742/SRR14742101/SRR14742101.lite.1,SRX11076851,40P_W8,AMPLICON,PCR,METAGENOMIC,PAIRED,0,0,ILLUMINA,Illumina MiSeq,SRP322898,PRJNA735440,,735440,SRS9142774,SAMN19582359,simple,1842734,human reproductive system metagenome,40P_W8,,,,,,,no,,,,,MURDOCH CHILDRENS RESEARCH INSTITUTE,SRA1241179,,public,54CDAEEA4A52F4CA8169683769844C16,EECD6F43D83EACE146947FFC83B7C0BB
SRR14742106,2021-10-07 00:00:23,2021-06-06 09:39:59,45863,25814210,45863,562,13,,https://sra-downloadb.be-md.ncbi.nlm.nih.gov/sos1/sra-pub-zq-38/SRR014/14742/SRR14742106/SRR14742106.lite.1,SRX11076846,40U_D0,AMPLICON,PCR,METAGENOMIC,PAIRED,0,0,ILLUMINA,Illumina MiSeq,SRP322898,PRJNA735440,,735440,SRS9142769,SAMN19582478,simple,2516875,human urinary tract metagenome,40U_D0,,,,,,,no,,,,,MURDOCH CHILDRENS RESEARCH INSTITUTE,SRA1241179,,public,7D59E8B8D873722AB518946AFE6F8125,334F26094A7079D87EE9B703BA58AA9A
SRR14742104,2021-10-07 00:00:23,2021-06-06 09:40:07,38214,21502705,38214,562,10,,https://sra-downloadb.be-md.ncbi.nlm.nih.gov/sos8/sra-pub-zq-818/SRR014/14742/SRR14742104/SRR14742104.lite.1,SRX11076848,40U_D8,AMPLICON,PCR,METAGENOMIC,PAIRED,0,0,ILLUMINA,Illumina MiSeq,SRP322898,PRJNA735440,,735440,SRS9142770,SAMN19582479,simple,2516875,human urinary tract metagenome,40U_D8,,,,,,,no,,,,,MURDOCH CHILDRENS RESEARCH INSTITUTE,SRA1241179,,public,AF855FC29810FABD01760994E1308803,ED52064CFFECAC3428F02B71B24A7AAA
SRR14742102,2021-10-07 00:00:23,2021-06-06 09:40:03,38209,21503672,38209,562,9,,https://sra-downloadb.be-md.ncbi.nlm.nih.gov/sos8/sra-pub-zq-820/SRR014/14742/SRR14742102/SRR14742102.lite.1,SRX11076850,40U_W4,AMPLICON,PCR,METAGENOMIC,PAIRED,0,0,ILLUMINA,Illumina MiSeq,SRP322898,PRJNA735440,,735440,SRS9142773,SAMN19582480,simple,2516875,human urinary tract metagenome,40U_W4,,,,,,,no,,,,,MURDOCH CHILDRENS RESEARCH INSTITUTE,SRA1241179,,public,847A006E61D9A436B5FB3C07592A323B,08154AB3BF468A2029CBDF4BD48EABF9
SRR14742099,2021-10-07 00:00:23,2021-06-06 09:39:51,34793,19569954,34793,562,9,,https://sra-downloadb.be-md.ncbi.nlm.nih.gov/sos9/sra-pub-zq-924/SRR014/14742/SRR14742099/SRR14742099.lite.1,SRX11076853,40U_W8,AMPLICON,PCR,METAGENOMIC,PAIRED,0,0,ILLUMINA,Illumina MiSeq,SRP322898,PRJNA735440,,735440,SRS9142775,SAMN19582481,simple,2516875,human urinary tract metagenome,40U_W8,,,,,,,no,,,,,MURDOCH CHILDRENS RESEARCH INSTITUTE,SRA1241179,,public,5AF78636402CCEA8655C5424DCD37C7F,843062AC01F1ADC0551FAA0B2B64C43E
SRR14742211,2021-10-07 00:00:21,2021-06-06 09:41:01,42018,23646375,42018,562,12,,https://sra-downloadb.be-md.ncbi.nlm.nih.gov/sos1/sra-pub-zq-38/SRR014/14742/SRR14742211/SRR14742211.lite.1,SRX11076741,12V_End,AMPLICON,PCR,METAGENOMIC,PAIRED,0,0,ILLUMINA,Illumina MiSeq,SRP322898,PRJNA735440,,735440,SRS9142668,SAMN19582160,simple,1632839,human vaginal metagenome,12V_End,,,,,,,no,,,,,MURDOCH CHILDRENS RESEARCH INSTITUTE,SRA1241179,,public,F62ED99865EB8B0D8920BE4B131BE67B,BA221BBC4EB9813BB0B731FD1F8F1498
SRR14742200,2021-10-07 00:00:21,2021-06-06 09:40:52,49111,27628700,49111,562,14,,https://sra-downloadb.be-md.ncbi.nlm.nih.gov/sos13/sra-pub-zq-1301/SRR014/14742/SRR14742200/SRR14742200.lite.1,SRX11076752,15V_D0,AMPLICON,PCR,METAGENOMIC,PAIRED,0,0,ILLUMINA,Illumina MiSeq,SRP322898,PRJNA735440,,735440,SRS9142679,SAMN19582161,simple,1632839,human vaginal metagenome,15V_D0,,,,,,,no,,,,,MURDOCH CHILDRENS RESEARCH INSTITUTE,SRA1241179,,public,FD4E6F05BABF5A88F0F92137F3A803F6,5844C532528EE30415CBF53B3A44574A
SRR14742189,2021-10-07 00:00:21,2021-06-06 09:40:43,34214,19259015,34214,562,9,,https://sra-downloadb.be-md.ncbi.nlm.nih.gov/sos9/sra-pub-zq-924/SRR014/14742/SRR14742189/SRR14742189.lite.1,SRX11076763,15V_D8,AMPLICON,PCR,METAGENOMIC,PAIRED,0,0,ILLUMINA,Illumina MiSeq,SRP322898,PRJNA735440,,735440,SRS9142690,SAMN19582162,simple,1632839,human vaginal metagenome,15V_D8,,,,,,,no,,,,,MURDOCH CHILDRENS RESEARCH INSTITUTE,SRA1241179,,public,2AD15E959B4FD175404A6045515092DB,862AC54C60A8A499F9CE7803B0F6B37E
SRR14742167,2021-10-07 00:00:22,2021-06-06 09:40:37,50625,28470389,50623,562,15,,https://sra-downloadb.be-md.ncbi.nlm.nih.gov/sos9/sra-pub-zq-924/SRR014/14742/SRR14742167/SRR14742167.lite.1,SRX11076785,15V_End,AMPLICON,PCR,METAGENOMIC,PAIRED,0,0,ILLUMINA,Illumina MiSeq,SRP322898,PRJNA735440,,735440,SRS9142712,SAMN19582164,simple,1632839,human vaginal metagenome,15V_End,,,,,,,no,,,,,MURDOCH CHILDRENS RESEARCH INSTITUTE,SRA1241179,,public,779FC99292AB486E47934F568AD1EA8A,961647C0A8565E5E7F0D5B5B5B769733
SRR14742178,2021-10-07 00:00:21,2021-06-06 09:40:39,29982,16871114,29982,562,8,,https://sra-downloadb.be-md.ncbi.nlm.nih.gov/sos9/sra-pub-zq-924/SRR014/14742/SRR14742178/SRR14742178.lite.1,SRX11076774,15V_W4,AMPLICON,PCR,METAGENOMIC,PAIRED,0,0,ILLUMINA,Illumina MiSeq,SRP322898,PRJNA735440,,735440,SRS9142701,SAMN19582163,simple,1632839,human vaginal metagenome,15V_W4,,,,,,,no,,,,,MURDOCH CHILDRENS RESEARCH INSTITUTE,SRA1241179,,public,008F2726659C82F471C9E520332D9E07,9492F852EAC795EED09EDFC3D6779CAA
SRR14742214,2021-10-07 00:00:20,2021-06-06 09:40:53,36322,20449104,36322,562,10,,https://sra-downloadb.be-md.ncbi.nlm.nih.gov/sos9/sra-pub-zq-924/SRR014/14742/SRR14742214/SRR14742214.lite.1,SRX11076738,21P_End,AMPLICON,PCR,METAGENOMIC,PAIRED,0,0,ILLUMINA,Illumina MiSeq,SRP322898,PRJNA735440,,735440,SRS9142665,SAMN19582308,simple,1842734,human reproductive system metagenome,21P_End,,,,,,,no,,,,,MURDOCH CHILDRENS RESEARCH INSTITUTE,SRA1241179,,public,4B6C17EDC8DDE6992433784C1AB6E5AF,F3A70ECAE2B909168BB5B31176ECDF77
SRR14742216,2021-10-07 00:00:20,2021-06-06 09:40:52,41175,23178527,41175,562,11,,https://sra-downloadb.be-md.ncbi.nlm.nih.gov/sos1/sra-pub-zq-38/SRR014/14742/SRR14742216/SRR14742216.lite.1,SRX11076736,21P_W8,AMPLICON,PCR,METAGENOMIC,PAIRED,0,0,ILLUMINA,Illumina MiSeq,SRP322898,PRJNA735440,,735440,SRS9142663,SAMN19582307,simple,1842734,human reproductive system metagenome,21P_W8,,,,,,,no,,,,,MURDOCH CHILDRENS RESEARCH INSTITUTE,SRA1241179,,public,C067F206DD80D10AF093808AF0A00393,67438B740DE46C24BAA10C4DD949D0B9
SRR14742213,2021-10-07 00:00:21,2021-06-06 09:41:06,41256,23216768,41256,562,12,,https://sra-downloadb.be-md.ncbi.nlm.nih.gov/sos1/sra-pub-zq-38/SRR014/14742/SRR14742213/SRR14742213.lite.1,SRX11076739,21U_End,AMPLICON,PCR,METAGENOMIC,PAIRED,0,0,ILLUMINA,Illumina MiSeq,SRP322898,PRJNA735440,,735440,SRS9142666,SAMN19582430,simple,2516875,human urinary tract metagenome,21U_End,,,,,,,no,,,,,MURDOCH CHILDRENS RESEARCH INSTITUTE,SRA1241179,,public,18D926FE0A5771D9B3DEBF5A465BED2D,9F89FAB02A31274317629022BDCFEA40
SRR14742217,2021-10-07 00:00:20,2021-06-06 09:41:07,47243,26567206,47243,562,14,,https://sra-downloadb.be-md.ncbi.nlm.nih.gov/sos13/sra-pub-zq-1301/SRR014/14742/SRR14742217/SRR14742217.lite.1,SRX11076735,21U_W4,AMPLICON,PCR,METAGENOMIC,PAIRED,0,0,ILLUMINA,Illumina MiSeq,SRP322898,PRJNA735440,,735440,SRS9142661,SAMN19582428,simple,2516875,human urinary tract metagenome,21U_W4,,,,,,,no,,,,,MURDOCH CHILDRENS RESEARCH INSTITUTE,SRA1241179,,public,1494A8C18C8AC5170E6FC249A0A3BED7,708FF9A986578DB116C2E4F37296EB2E
SRR14742215,2021-10-07 00:00:20,2021-06-06 09:40:53,51275,28856183,51275,562,15,,https://sra-downloadb.be-md.ncbi.nlm.nih.gov/sos1/sra-pub-zq-38/SRR014/14742/SRR14742215/SRR14742215.lite.1,SRX11076737,21U_W8,AMPLICON,PCR,METAGENOMIC,PAIRED,0,0,ILLUMINA,Illumina MiSeq,SRP322898,PRJNA735440,,735440,SRS9142664,SAMN19582429,simple,2516875,human urinary tract metagenome,21U_W8,,,,,,,no,,,,,MURDOCH CHILDRENS RESEARCH INSTITUTE,SRA1241179,,public,DA93120A2975B820388B064C4DE53CF6,F7B323E3B00DB94DC52B16DDB269882F
SRR14742212,2021-10-07 00:00:21,2021-06-06 09:40:58,51137,28782014,51136,562,16,,https://sra-downloadb.be-md.ncbi.nlm.nih.gov/sos9/sra-pub-zq-922/SRR014/14742/SRR14742212/SRR14742212.lite.1,SRX11076740,22P_D0,AMPLICON,PCR,METAGENOMIC,PAIRED,0,0,ILLUMINA,Illumina MiSeq,SRP322898,PRJNA735440,,735440,SRS9142667,SAMN19582309,simple,1842734,human reproductive system metagenome,22P_D0,,,,,,,no,,,,,MURDOCH CHILDRENS RESEARCH INSTITUTE,SRA1241179,,public,B75AC34C3CD2A8C36AF775EE4DBEF975,151A79359518A2EAEF05A754C9306B81
SRR14742209,2021-10-07 00:00:21,2021-06-06 09:40:51,52059,29281125,52059,562,16,,https://sra-downloadb.be-md.ncbi.nlm.nih.gov/sos1/sra-pub-zq-38/SRR014/14742/SRR14742209/SRR14742209.lite.1,SRX11076743,22P_D8,AMPLICON,PCR,METAGENOMIC,PAIRED,0,0,ILLUMINA,Illumina MiSeq,SRP322898,PRJNA735440,,735440,SRS9142670,SAMN19582310,simple,1842734,human reproductive system metagenome,22P_D8,,,,,,,no,,,,,MURDOCH CHILDRENS RESEARCH INSTITUTE,SRA1241179,,public,09FCA4156850A282D250B2551D4E5C20,0EC4229888889BB44E2C11DFEFC41A43
SRR14742203,2021-10-07 00:00:21,2021-06-06 09:40:49,55090,31004400,55090,562,16,,https://sra-downloadb.be-md.ncbi.nlm.nih.gov/sos9/sra-pub-zq-922/SRR014/14742/SRR14742203/SRR14742203.lite.1,SRX11076749,22P_End,AMPLICON,PCR,METAGENOMIC,PAIRED,0,0,ILLUMINA,Illumina MiSeq,SRP322898,PRJNA735440,,735440,SRS9142675,SAMN19582313,simple,1842734,human reproductive system metagenome,22P_End,,,,,,,no,,,,,MURDOCH CHILDRENS RESEARCH INSTITUTE,SRA1241179,,public,374C276CC6E7FD7AC15490260C1D76D7,BD54B0933116697E0E57F786C5887A02
SRR14742207,2021-10-07 00:00:21,2021-06-06 09:40:55,49537,27899243,49537,563,15,,https://sra-downloadb.be-md.ncbi.nlm.nih.gov/sos8/sra-pub-zq-820/SRR014/14742/SRR14742207/SRR14742207.lite.1,SRX11076745,22P_W4,AMPLICON,PCR,METAGENOMIC,PAIRED,0,0,ILLUMINA,Illumina MiSeq,SRP322898,PRJNA735440,,735440,SRS9142672,SAMN19582311,simple,1842734,human reproductive system metagenome,22P_W4,,,,,,,no,,,,,MURDOCH CHILDRENS RESEARCH INSTITUTE,SRA1241179,,public,01246A4A51D5760552AB1BCD62BA6B68,29C581E44374F63F2F195F6BDCE9510A
SRR14742205,2021-10-07 00:00:21,2021-06-06 09:40:48,37246,20960435,37246,562,10,,https://sra-downloadb.be-md.ncbi.nlm.nih.gov/sos13/sra-pub-zq-1301/SRR014/14742/SRR14742205/SRR14742205.lite.1,SRX11076747,22P_W8,AMPLICON,PCR,METAGENOMIC,PAIRED,0,0,ILLUMINA,Illumina MiSeq,SRP322898,PRJNA735440,,735440,SRS9142673,SAMN19582312,simple,1842734,human reproductive system metagenome,22P_W8,,,,,,,no,,,,,MURDOCH CHILDRENS RESEARCH INSTITUTE,SRA1241179,,public,30FB23F2158E2AFF7B302DF5B9999623,2EDEAF36B9B1BA7B36B30128DE9387A2
SRR14742210,2021-10-07 00:00:21,2021-06-06 09:40:56,32725,18425887,32725,563,9,,https://sra-downloadb.be-md.ncbi.nlm.nih.gov/sos9/sra-pub-zq-924/SRR014/14742/SRR14742210/SRR14742210.lite.1,SRX11076742,22U_D0,AMPLICON,PCR,METAGENOMIC,PAIRED,0,0,ILLUMINA,Illumina MiSeq,SRP322898,PRJNA735440,,735440,SRS9142669,SAMN19582431,simple,2516875,human urinary tract metagenome,22U_D0,,,,,,,no,,,,,MURDOCH CHILDRENS RESEARCH INSTITUTE,SRA1241179,,public,C88243B66801105B40D10AABFCC0B2DE,63D905B459013F86F43C09ED5F74DCE7
SRR14742208,2021-10-07 00:00:21,2021-06-06 09:40:50,34488,19387048,34488,562,10,,https://sra-downloadb.be-md.ncbi.nlm.nih.gov/sos9/sra-pub-zq-924/SRR014/14742/SRR14742208/SRR14742208.lite.1,SRX11076744,22U_D8,AMPLICON,PCR,METAGENOMIC,PAIRED,0,0,ILLUMINA,Illumina MiSeq,SRP322898,PRJNA735440,,735440,SRS9142671,SAMN19582432,simple,2516875,human urinary tract metagenome,22U_D8,,,,,,,no,,,,,MURDOCH CHILDRENS RESEARCH INSTITUTE,SRA1241179,,public,46895DD2374D4F29D42046C458266A68,4E33E829915A8559D1874B9882E244F1
SRR14742202,2021-10-07 00:00:21,2021-06-06 09:40:47,41772,23499767,41772,562,12,,https://sra-downloadb.be-md.ncbi.nlm.nih.gov/sos1/sra-pub-zq-38/SRR014/14742/SRR14742202/SRR14742202.lite.1,SRX11076750,22U_End,AMPLICON,PCR,METAGENOMIC,PAIRED,0,0,ILLUMINA,Illumina MiSeq,SRP322898,PRJNA735440,,735440,SRS9142677,SAMN19582435,simple,2516875,human urinary tract metagenome,22U_End,,,,,,,no,,,,,MURDOCH CHILDRENS RESEARCH INSTITUTE,SRA1241179,,public,7D0A90BEF69B31F21802EC476A767A5C,5DC30B9DA70C4B91F73069590429B2F9
SRR14742206,2021-10-07 00:00:21,2021-06-06 09:40:51,35704,20102459,35704,563,10,,https://sra-downloadb.be-md.ncbi.nlm.nih.gov/sos8/sra-pub-zq-820/SRR014/14742/SRR14742206/SRR14742206.lite.1,SRX11076746,22U_W4,AMPLICON,PCR,METAGENOMIC,PAIRED,0,0,ILLUMINA,Illumina MiSeq,SRP322898,PRJNA735440,,735440,SRS9142674,SAMN19582433,simple,2516875,human urinary tract metagenome,22U_W4,,,,,,,no,,,,,MURDOCH CHILDRENS RESEARCH INSTITUTE,SRA1241179,,public,BE04E5213BF2ACBED17627099F115BAE,BA73A037BF1D577BE52F2B8A8912EE2B
SRR14742204,2021-10-07 00:00:21,2021-06-06 09:40:53,38338,21586041,38338,563,10,,https://sra-downloadb.be-md.ncbi.nlm.nih.gov/sos1/sra-pub-zq-38/SRR014/14742/SRR14742204/SRR14742204.lite.1,SRX11076748,22U_W8,AMPLICON,PCR,METAGENOMIC,PAIRED,0,0,ILLUMINA,Illumina MiSeq,SRP322898,PRJNA735440,,735440,SRS9142676,SAMN19582434,simple,2516875,human urinary tract metagenome,22U_W8,,,,,,,no,,,,,MURDOCH CHILDRENS RESEARCH INSTITUTE,SRA1241179,,public,8A195D4C60C415DF83EB3D0990CECCF3,163248E701C0672B5723BEED3412B32D
SRR14742201,2021-10-07 00:00:21,2021-06-06 09:40:46,48839,27502926,48839,563,15,,https://sra-downloadb.be-md.ncbi.nlm.nih.gov/sos9/sra-pub-zq-924/SRR014/14742/SRR14742201/SRR14742201.lite.1,SRX11076751,23P_D0,AMPLICON,PCR,METAGENOMIC,PAIRED,0,0,ILLUMINA,Illumina MiSeq,SRP322898,PRJNA735440,,735440,SRS9142678,SAMN19582314,simple,1842734,human reproductive system metagenome,23P_D0,,,,,,,no,,,,,MURDOCH CHILDRENS RESEARCH INSTITUTE,SRA1241179,,public,DB0144054FC2DA2181AAF637C02CC6F7,F5D3327737545127FAB41869A205DD9B
SRR14742198,2021-10-07 00:00:21,2021-06-06 09:40:47,43452,24421958,43452,562,14,,https://sra-downloadb.be-md.ncbi.nlm.nih.gov/sos9/sra-pub-zq-924/SRR014/14742/SRR14742198/SRR14742198.lite.1,SRX11076754,23P_D8,AMPLICON,PCR,METAGENOMIC,PAIRED,0,0,ILLUMINA,Illumina MiSeq,SRP322898,PRJNA735440,,735440,SRS9142682,SAMN19582315,simple,1842734,human reproductive system metagenome,23P_D8,,,,,,,no,,,,,MURDOCH CHILDRENS RESEARCH INSTITUTE,SRA1241179,,public,DCD9F6603DCF6E8355C0A58DA11B3882,FE255AC5E23B9BC6DCE180E5782464FC
SRR14742192,2021-10-07 00:00:21,2021-06-06 09:40:45,40747,22925982,40747,562,11,,https://sra-downloadb.be-md.ncbi.nlm.nih.gov/sos8/sra-pub-zq-820/SRR014/14742/SRR14742192/SRR14742192.lite.1,SRX11076760,23P_End,AMPLICON,PCR,METAGENOMIC,PAIRED,0,0,ILLUMINA,Illumina MiSeq,SRP322898,PRJNA735440,,735440,SRS9142688,SAMN19582318,simple,1842734,human reproductive system metagenome,23P_End,,,,,,,no,,,,,MURDOCH CHILDRENS RESEARCH INSTITUTE,SRA1241179,,public,B60B3CDC1B9E97330482CDE83F6EC63C,8F6B0B9C4EF90051077D58059B5D6834
SRR14742196,2021-10-07 00:00:21,2021-06-06 09:40:51,47539,26770298,47539,563,14,,https://sra-downloadb.be-md.ncbi.nlm.nih.gov/sos8/sra-pub-zq-820/SRR014/14742/SRR14742196/SRR14742196.lite.1,SRX11076756,23P_W4,AMPLICON,PCR,METAGENOMIC,PAIRED,0,0,ILLUMINA,Illumina MiSeq,SRP322898,PRJNA735440,,735440,SRS9142683,SAMN19582316,simple,1842734,human reproductive system metagenome,23P_W4,,,,,,,no,,,,,MURDOCH CHILDRENS RESEARCH INSTITUTE,SRA1241179,,public,055F2ADA3699D1BB78723CC2DDB44082,F1DCB825B88391553B8EB9ABD053A6EC
SRR14742194,2021-10-07 00:00:21,2021-06-06 09:40:45,39310,22132911,39310,563,11,,https://sra-downloadb.be-md.ncbi.nlm.nih.gov/sos13/sra-pub-zq-1301/SRR014/14742/SRR14742194/SRR14742194.lite.1,SRX11076758,23P_W8,AMPLICON,PCR,METAGENOMIC,PAIRED,0,0,ILLUMINA,Illumina MiSeq,SRP322898,PRJNA735440,,735440,SRS9142685,SAMN19582317,simple,1842734,human reproductive system metagenome,23P_W8,,,,,,,no,,,,,MURDOCH CHILDRENS RESEARCH INSTITUTE,SRA1241179,,public,F8B17AD7C0F881B00FAFAE267DF3BF94,9477E0E07A2384A8FE1D5168AE88CFF0
SRR14742199,2021-10-07 00:00:21,2021-06-06 09:40:51,46100,25952016,46100,562,14,,https://sra-downloadb.be-md.ncbi.nlm.nih.gov/sos1/sra-pub-zq-38/SRR014/14742/SRR14742199/SRR14742199.lite.1,SRX11076753,23U_D0,AMPLICON,PCR,METAGENOMIC,PAIRED,0,0,ILLUMINA,Illumina MiSeq,SRP322898,PRJNA735440,,735440,SRS9142680,SAMN19582436,simple,2516875,human urinary tract metagenome,23U_D0,,,,,,,no,,,,,MURDOCH CHILDRENS RESEARCH INSTITUTE,SRA1241179,,public,83A2E1BCE132EA4E06B6874E5FFA9BDB,826CF7153DEA1C2ADBBFF795D3FCDBB6
SRR14742197,2021-10-07 00:00:21,2021-06-06 09:40:45,44480,24979430,44480,561,13,,https://sra-downloadb.be-md.ncbi.nlm.nih.gov/sos1/sra-pub-zq-38/SRR014/14742/SRR14742197/SRR14742197.lite.1,SRX11076755,23U_D8,AMPLICON,PCR,METAGENOMIC,PAIRED,0,0,ILLUMINA,Illumina MiSeq,SRP322898,PRJNA735440,,735440,SRS9142681,SAMN19582437,simple,2516875,human urinary tract metagenome,23U_D8,,,,,,,no,,,,,MURDOCH CHILDRENS RESEARCH INSTITUTE,SRA1241179,,public,6D6EA8FE8126EC5C8DD05DC51D192998,33B3BF72588567034963E2175B8F2B32
SRR14742191,2021-10-07 00:00:21,2021-06-06 09:40:42,65231,36695861,65231,562,19,,https://sra-downloadb.be-md.ncbi.nlm.nih.gov/sos8/sra-pub-zq-820/SRR014/14742/SRR14742191/SRR14742191.lite.1,SRX11076761,23U_End,AMPLICON,PCR,METAGENOMIC,PAIRED,0,0,ILLUMINA,Illumina MiSeq,SRP322898,PRJNA735440,,735440,SRS9142687,SAMN19582440,simple,2516875,human urinary tract metagenome,23U_End,,,,,,,no,,,,,MURDOCH CHILDRENS RESEARCH INSTITUTE,SRA1241179,,public,1B1DDC79B08352EF08F7FB378FB324F8,190ADD4BCE7F3CDA778041D69B93A7FE
SRR14742195,2021-10-07 00:00:21,2021-06-06 09:40:45,37460,21089971,37460,562,10,,https://sra-downloadb.be-md.ncbi.nlm.nih.gov/sos9/sra-pub-zq-924/SRR014/14742/SRR14742195/SRR14742195.lite.1,SRX11076757,23U_W4,AMPLICON,PCR,METAGENOMIC,PAIRED,0,0,ILLUMINA,Illumina MiSeq,SRP322898,PRJNA735440,,735440,SRS9142684,SAMN19582438,simple,2516875,human urinary tract metagenome,23U_W4,,,,,,,no,,,,,MURDOCH CHILDRENS RESEARCH INSTITUTE,SRA1241179,,public,5990E66A627976DF9AE87737580F54F8,70A4E9F169C4F7153E9B5C275B96B40D
SRR14742193,2021-10-07 00:00:21,2021-06-06 09:40:43,28511,16052949,28511,563,9,,https://sra-downloadb.be-md.ncbi.nlm.nih.gov/sos9/sra-pub-zq-924/SRR014/14742/SRR14742193/SRR14742193.lite.1,SRX11076759,23U_W8,AMPLICON,PCR,METAGENOMIC,PAIRED,0,0,ILLUMINA,Illumina MiSeq,SRP322898,PRJNA735440,,735440,SRS9142686,SAMN19582439,simple,2516875,human urinary tract metagenome,23U_W8,,,,,,,no,,,,,MURDOCH CHILDRENS RESEARCH INSTITUTE,SRA1241179,,public,EEF19B30F05B99FCD34F660B2CE4D942,79455924B0A1DB01834A51EAACB705DD
SRR14742190,2021-10-07 00:00:21,2021-06-06 09:40:44,42479,23909114,42478,562,13,,https://sra-downloadb.be-md.ncbi.nlm.nih.gov/sos9/sra-pub-zq-924/SRR014/14742/SRR14742190/SRR14742190.lite.1,SRX11076762,27P_D0,AMPLICON,PCR,METAGENOMIC,PAIRED,0,0,ILLUMINA,Illumina MiSeq,SRP322898,PRJNA735440,,735440,SRS9142689,SAMN19582319,simple,1842734,human reproductive system metagenome,27P_D0,,,,,,,no,,,,,MURDOCH CHILDRENS RESEARCH INSTITUTE,SRA1241179,,public,876DDA19F58B667D763A504519BB9031,C975D7F81D6D8C1DD4BDB8790F1E1423
SRR14742187,2021-10-07 00:00:21,2021-06-06 09:40:38,31217,17572274,31217,562,8,,https://sra-downloadb.be-md.ncbi.nlm.nih.gov/sos9/sra-pub-zq-924/SRR014/14742/SRR14742187/SRR14742187.lite.1,SRX11076765,27P_D8,AMPLICON,PCR,METAGENOMIC,PAIRED,0,0,ILLUMINA,Illumina MiSeq,SRP322898,PRJNA735440,,735440,SRS9142692,SAMN19582320,simple,1842734,human reproductive system metagenome,27P_D8,,,,,,,no,,,,,MURDOCH CHILDRENS RESEARCH INSTITUTE,SRA1241179,,public,FB178683A4350C05FABB8A01DB545F9A,67915A3183A6FD08BC784B269447056B
SRR14742181,2021-10-07 00:00:21,2021-06-06 09:40:40,40979,23054849,40977,562,12,,https://sra-downloadb.be-md.ncbi.nlm.nih.gov/sos8/sra-pub-zq-820/SRR014/14742/SRR14742181/SRR14742181.lite.1,SRX11076771,27P_End,AMPLICON,PCR,METAGENOMIC,PAIRED,0,0,ILLUMINA,Illumina MiSeq,SRP322898,PRJNA735440,,735440,SRS9142698,SAMN19582323,simple,1842734,human reproductive system metagenome,27P_End,,,,,,,no,,,,,MURDOCH CHILDRENS RESEARCH INSTITUTE,SRA1241179,,public,7EF837255191CA24C53FC0DD610E5114,A738CC41AD076F55F5ED173379CD1D5E
SRR14742185,2021-10-07 00:00:21,2021-06-06 09:40:37,41249,23211047,41249,562,12,,https://sra-downloadb.be-md.ncbi.nlm.nih.gov/sos8/sra-pub-zq-818/SRR014/14742/SRR14742185/SRR14742185.lite.1,SRX11076767,27P_W4,AMPLICON,PCR,METAGENOMIC,PAIRED,0,0,ILLUMINA,Illumina MiSeq,SRP322898,PRJNA735440,,735440,SRS9142695,SAMN19582321,simple,1842734,human reproductive system metagenome,27P_W4,,,,,,,no,,,,,MURDOCH CHILDRENS RESEARCH INSTITUTE,SRA1241179,,public,E81E0EBD83064D3D613E27FACA8E91EB,19615FCAF7C65A5ED4002D31E104F23B
SRR14742183,2021-10-07 00:00:21,2021-06-06 09:40:44,57494,32356728,57491,562,17,,https://sra-downloadb.be-md.ncbi.nlm.nih.gov/sos1/sra-pub-zq-38/SRR014/14742/SRR14742183/SRR14742183.lite.1,SRX11076769,27P_W8,AMPLICON,PCR,METAGENOMIC,PAIRED,0,0,ILLUMINA,Illumina MiSeq,SRP322898,PRJNA735440,,735440,SRS9142696,SAMN19582322,simple,1842734,human reproductive system metagenome,27P_W8,,,,,,,no,,,,,MURDOCH CHILDRENS RESEARCH INSTITUTE,SRA1241179,,public,93AD852479943E48F3426843BB6C8581,A322F532D0BBA9C29283E250877E76F6
SRR14742188,2021-10-07 00:00:21,2021-06-06 09:40:45,48986,27576148,48986,562,14,,https://sra-downloadb.be-md.ncbi.nlm.nih.gov/sos9/sra-pub-zq-924/SRR014/14742/SRR14742188/SRR14742188.lite.1,SRX11076764,27U_D0,AMPLICON,PCR,METAGENOMIC,PAIRED,0,0,ILLUMINA,Illumina MiSeq,SRP322898,PRJNA735440,,735440,SRS9142691,SAMN19582441,simple,2516875,human urinary tract metagenome,27U_D0,,,,,,,no,,,,,MURDOCH CHILDRENS RESEARCH INSTITUTE,SRA1241179,,public,FC7B6CD04940A16DD5039283CB1C2EC7,EE92B288BE5FF023A5A843D24AFBC7B6
SRR14742186,2021-10-07 00:00:21,2021-06-06 09:40:38,35831,20132387,35831,561,10,,https://sra-downloadb.be-md.ncbi.nlm.nih.gov/sos1/sra-pub-zq-38/SRR014/14742/SRR14742186/SRR14742186.lite.1,SRX11076766,27U_D8,AMPLICON,PCR,METAGENOMIC,PAIRED,0,0,ILLUMINA,Illumina MiSeq,SRP322898,PRJNA735440,,735440,SRS9142693,SAMN19582442,simple,2516875,human urinary tract metagenome,27U_D8,,,,,,,no,,,,,MURDOCH CHILDRENS RESEARCH INSTITUTE,SRA1241179,,public,D01482C0E7AC253102112E4E550096A4,C60AF65B4966E7292425F3230BBA8214
SRR14742180,2021-10-07 00:00:21,2021-06-06 09:40:41,41574,23397538,41572,562,12,,https://sra-downloadb.be-md.ncbi.nlm.nih.gov/sos13/sra-pub-zq-1301/SRR014/14742/SRR14742180/SRR14742180.lite.1,SRX11076772,27U_End,AMPLICON,PCR,METAGENOMIC,PAIRED,0,0,ILLUMINA,Illumina MiSeq,SRP322898,PRJNA735440,,735440,SRS9142699,SAMN19582445,simple,2516875,human urinary tract metagenome,27U_End,,,,,,,no,,,,,MURDOCH CHILDRENS RESEARCH INSTITUTE,SRA1241179,,public,E70BD48B18F742D66EC1472CCEB117E5,6BE3951FA87E7C39D11EE3C949AFF479
SRR14742184,2021-10-07 00:00:21,2021-06-06 09:40:43,45274,25481715,45274,562,14,,https://sra-downloadb.be-md.ncbi.nlm.nih.gov/sos1/sra-pub-zq-38/SRR014/14742/SRR14742184/SRR14742184.lite.1,SRX11076768,27U_W4,AMPLICON,PCR,METAGENOMIC,PAIRED,0,0,ILLUMINA,Illumina MiSeq,SRP322898,PRJNA735440,,735440,SRS9142694,SAMN19582443,simple,2516875,human urinary tract metagenome,27U_W4,,,,,,,no,,,,,MURDOCH CHILDRENS RESEARCH INSTITUTE,SRA1241179,,public,E52DC059F35D80ECE21B2A4DC8A3D0BA,B970B07B7DEA4C21BC1EBD42C55A8326
SRR14742182,2021-10-07 00:00:21,2021-06-06 09:40:59,55216,31078312,55215,562,16,,https://sra-downloadb.be-md.ncbi.nlm.nih.gov/sos1/sra-pub-zq-38/SRR014/14742/SRR14742182/SRR14742182.lite.1,SRX11076770,27U_W8,AMPLICON,PCR,METAGENOMIC,PAIRED,0,0,ILLUMINA,Illumina MiSeq,SRP322898,PRJNA735440,,735440,SRS9142697,SAMN19582444,simple,2516875,human urinary tract metagenome,27U_W8,,,,,,,no,,,,,MURDOCH CHILDRENS RESEARCH INSTITUTE,SRA1241179,,public,CFD8664AB07A1989616DA7BB4B80E8A8,8C7F3650D57952975069B53190437D84
SRR14742179,2021-10-07 00:00:21,2021-06-06 09:40:43,55199,31054164,55199,562,16,,https://sra-downloadb.be-md.ncbi.nlm.nih.gov/sos1/sra-pub-zq-38/SRR014/14742/SRR14742179/SRR14742179.lite.1,SRX11076773,28P_D0,AMPLICON,PCR,METAGENOMIC,PAIRED,0,0,ILLUMINA,Illumina MiSeq,SRP322898,PRJNA735440,,735440,SRS9142700,SAMN19582324,simple,1842734,human reproductive system metagenome,28P_D0,,,,,,,no,,,,,MURDOCH CHILDRENS RESEARCH INSTITUTE,SRA1241179,,public,3C4182CA9CA4BD48ABD2C14CB4F0F507,E5A7CF483B20BC9B78ADF9938FABDE87
SRR14742176,2021-10-07 00:00:21,2021-06-06 09:40:39,30007,16877993,30007,562,9,,https://sra-downloadb.be-md.ncbi.nlm.nih.gov/sos1/sra-pub-zq-38/SRR014/14742/SRR14742176/SRR14742176.lite.1,SRX11076776,28P_D8,AMPLICON,PCR,METAGENOMIC,PAIRED,0,0,ILLUMINA,Illumina MiSeq,SRP322898,PRJNA735440,,735440,SRS9142703,SAMN19582325,simple,1842734,human reproductive system metagenome,28P_D8,,,,,,,no,,,,,MURDOCH CHILDRENS RESEARCH INSTITUTE,SRA1241179,,public,2FE91DABA866A2A6EF2F19A941FA9153,AFA91CEF981C2DE88E1BCACE103E5DFF
SRR14742170,2021-10-07 00:00:22,2021-06-06 09:40:37,40969,23058629,40969,562,12,,https://sra-downloadb.be-md.ncbi.nlm.nih.gov/sos1/sra-pub-zq-38/SRR014/14742/SRR14742170/SRR14742170.lite.1,SRX11076782,28P_End,AMPLICON,PCR,METAGENOMIC,PAIRED,0,0,ILLUMINA,Illumina MiSeq,SRP322898,PRJNA735440,,735440,SRS9142709,SAMN19582328,simple,1842734,human reproductive system metagenome,28P_End,,,,,,,no,,,,,MURDOCH CHILDRENS RESEARCH INSTITUTE,SRA1241179,,public,86B8A84C93CBD430DA069EF8F46EC5E5,D91DD0595169D5AD7B4E4D7190465FB0
SRR14742174,2021-10-07 00:00:21,2021-06-06 09:40:41,40433,22760388,40433,562,11,,https://sra-downloadb.be-md.ncbi.nlm.nih.gov/sos9/sra-pub-zq-922/SRR014/14742/SRR14742174/SRR14742174.lite.1,SRX11076778,28P_W4,AMPLICON,PCR,METAGENOMIC,PAIRED,0,0,ILLUMINA,Illumina MiSeq,SRP322898,PRJNA735440,,735440,SRS9142705,SAMN19582326,simple,1842734,human reproductive system metagenome,28P_W4,,,,,,,no,,,,,MURDOCH CHILDRENS RESEARCH INSTITUTE,SRA1241179,,public,87CA3D6D0AE0822829D43679FEEAF50C,ACB6BECDD0AFAECF3B9614696273D86A
SRR14742172,2021-10-07 00:00:22,2021-06-06 09:40:38,33526,18858234,33526,562,10,,https://sra-downloadb.be-md.ncbi.nlm.nih.gov/sos9/sra-pub-zq-924/SRR014/14742/SRR14742172/SRR14742172.lite.1,SRX11076780,28P_W8,AMPLICON,PCR,METAGENOMIC,PAIRED,0,0,ILLUMINA,Illumina MiSeq,SRP322898,PRJNA735440,,735440,SRS9142707,SAMN19582327,simple,1842734,human reproductive system metagenome,28P_W8,,,,,,,no,,,,,MURDOCH CHILDRENS RESEARCH INSTITUTE,SRA1241179,,public,805FC7121B19F9E0EEA8838E6C64FB0B,DE671FD7AA013750D40EBA8F416D42E1
SRR14742177,2021-10-07 00:00:21,2021-06-06 09:40:39,50432,28366247,50432,562,15,,https://sra-downloadb.be-md.ncbi.nlm.nih.gov/sos8/sra-pub-zq-820/SRR014/14742/SRR14742177/SRR14742177.lite.1,SRX11076775,28U_D0,AMPLICON,PCR,METAGENOMIC,PAIRED,0,0,ILLUMINA,Illumina MiSeq,SRP322898,PRJNA735440,,735440,SRS9142702,SAMN19582446,simple,2516875,human urinary tract metagenome,28U_D0,,,,,,,no,,,,,MURDOCH CHILDRENS RESEARCH INSTITUTE,SRA1241179,,public,C17A80F5E64DDD15CD34FD77A211D87A,2BDC97184826443DD165EFFD9205C274
SRR14742175,2021-10-07 00:00:21,2021-06-06 09:40:39,27356,15199450,27356,555,8,,https://sra-downloadb.be-md.ncbi.nlm.nih.gov/sos9/sra-pub-zq-924/SRR014/14742/SRR14742175/SRR14742175.lite.1,SRX11076777,28U_D8,AMPLICON,PCR,METAGENOMIC,PAIRED,0,0,ILLUMINA,Illumina MiSeq,SRP322898,PRJNA735440,,735440,SRS9142704,SAMN19582447,simple,2516875,human urinary tract metagenome,28U_D8,,,,,,,no,,,,,MURDOCH CHILDRENS RESEARCH INSTITUTE,SRA1241179,,public,98F095464ECE7AD47E644B7A859E4BF6,61CC6A550715796AE3781054D8DC52FC
SRR14742169,2021-10-07 00:00:22,2021-06-06 09:40:33,32069,17960134,32069,560,10,,https://sra-downloadb.be-md.ncbi.nlm.nih.gov/sos8/sra-pub-zq-820/SRR014/14742/SRR14742169/SRR14742169.lite.1,SRX11076783,28U_End,AMPLICON,PCR,METAGENOMIC,PAIRED,0,0,ILLUMINA,Illumina MiSeq,SRP322898,PRJNA735440,,735440,SRS9142710,SAMN19582450,simple,2516875,human urinary tract metagenome,28U_End,,,,,,,no,,,,,MURDOCH CHILDRENS RESEARCH INSTITUTE,SRA1241179,,public,C1B762A5F3C900B9CF68EC91C43F0DD6,A74B8FE147AEDCC0D2D87A45086C4B65
SRR14742173,2021-10-07 00:00:22,2021-06-06 09:40:40,47412,26672057,47412,562,14,,https://sra-downloadb.be-md.ncbi.nlm.nih.gov/sos8/sra-pub-zq-818/SRR014/14742/SRR14742173/SRR14742173.lite.1,SRX11076779,28U_W4,AMPLICON,PCR,METAGENOMIC,PAIRED,0,0,ILLUMINA,Illumina MiSeq,SRP322898,PRJNA735440,,735440,SRS9142706,SAMN19582448,simple,2516875,human urinary tract metagenome,28U_W4,,,,,,,no,,,,,MURDOCH CHILDRENS RESEARCH INSTITUTE,SRA1241179,,public,EF0171008C4ACED900C7F25072533C63,B71B8B1B712E4854F4A2D63A3DD9B07A
SRR14742171,2021-10-07 00:00:22,2021-06-06 09:40:38,34967,19686477,34967,563,10,,https://sra-downloadb.be-md.ncbi.nlm.nih.gov/sos13/sra-pub-zq-1301/SRR014/14742/SRR14742171/SRR14742171.lite.1,SRX11076781,28U_W8,AMPLICON,PCR,METAGENOMIC,PAIRED,0,0,ILLUMINA,Illumina MiSeq,SRP322898,PRJNA735440,,735440,SRS9142708,SAMN19582449,simple,2516875,human urinary tract metagenome,28U_W8,,,,,,,no,,,,,MURDOCH CHILDRENS RESEARCH INSTITUTE,SRA1241179,,public,5AB6298ACF5B994383664087AE06BA5F,60FBD7CD08BEB3CB0EEC0F1C4201FFEF
SRR14742168,2021-10-07 00:00:22,2021-06-06 09:40:38,51914,29215269,51914,562,15,,https://sra-downloadb.be-md.ncbi.nlm.nih.gov/sos1/sra-pub-zq-38/SRR014/14742/SRR14742168/SRR14742168.lite.1,SRX11076784,29P_D0,AMPLICON,PCR,METAGENOMIC,PAIRED,0,0,ILLUMINA,Illumina MiSeq,SRP322898,PRJNA735440,,735440,SRS9142711,SAMN19582329,simple,1842734,human reproductive system metagenome,29P_D0,,,,,,,no,,,,,MURDOCH CHILDRENS RESEARCH INSTITUTE,SRA1241179,,public,60E636219F5426AC4404C7449E7A313B,D3872CEB3EB0A52C1782D7A83CFEB654
SRR14742165,2021-10-07 00:00:22,2021-06-06 09:40:37,48578,27349084,48578,562,14,,https://sra-downloadb.be-md.ncbi.nlm.nih.gov/sos9/sra-pub-zq-924/SRR014/14742/SRR14742165/SRR14742165.lite.1,SRX11076787,29P_D8,AMPLICON,PCR,METAGENOMIC,PAIRED,0,0,ILLUMINA,Illumina MiSeq,SRP322898,PRJNA735440,,735440,SRS9142714,SAMN19582330,simple,1842734,human reproductive system metagenome,29P_D8,,,,,,,no,,,,,MURDOCH CHILDRENS RESEARCH INSTITUTE,SRA1241179,,public,B387B8FE50961F729EB3324C74008E76,06701A1C5F3495FC225C534AE90FBF38
SRR14742159,2021-10-07 00:00:22,2021-06-06 09:40:36,40573,22836839,40573,562,12,,https://sra-downloadb.be-md.ncbi.nlm.nih.gov/sos1/sra-pub-zq-38/SRR014/14742/SRR14742159/SRR14742159.lite.1,SRX11076793,29P_End,AMPLICON,PCR,METAGENOMIC,PAIRED,0,0,ILLUMINA,Illumina MiSeq,SRP322898,PRJNA735440,,735440,SRS9142996,SAMN19582333,simple,1842734,human reproductive system metagenome,29P_End,,,,,,,no,,,,,MURDOCH CHILDRENS RESEARCH INSTITUTE,SRA1241179,,public,2873675952E8D1C81304FFBE0889AF9C,6E112017F5E78DDB90590A5D24626717
SRR14742163,2021-10-07 00:00:22,2021-06-06 09:40:36,42822,24086227,42822,562,13,,https://sra-downloadb.be-md.ncbi.nlm.nih.gov/sos8/sra-pub-zq-820/SRR014/14742/SRR14742163/SRR14742163.lite.1,SRX11076789,29P_W4,AMPLICON,PCR,METAGENOMIC,PAIRED,0,0,ILLUMINA,Illumina MiSeq,SRP322898,PRJNA735440,,735440,SRS9142715,SAMN19582331,simple,1842734,human reproductive system metagenome,29P_W4,,,,,,,no,,,,,MURDOCH CHILDRENS RESEARCH INSTITUTE,SRA1241179,,public,F14D4DC13F3E7B6D6AAFD66B35CF785C,AAC34F9B0D2A1C05F2E48B70D57F3AC7
SRR14742161,2021-10-07 00:00:22,2021-06-06 09:40:38,52102,29297888,52099,562,15,,https://sra-downloadb.be-md.ncbi.nlm.nih.gov/sos8/sra-pub-zq-820/SRR014/14742/SRR14742161/SRR14742161.lite.1,SRX11076791,29P_W8,AMPLICON,PCR,METAGENOMIC,PAIRED,0,0,ILLUMINA,Illumina MiSeq,SRP322898,PRJNA735440,,735440,SRS9142717,SAMN19582332,simple,1842734,human reproductive system metagenome,29P_W8,,,,,,,no,,,,,MURDOCH CHILDRENS RESEARCH INSTITUTE,SRA1241179,,public,2E2E53E6C11F4A8065F089CF00B9DA03,94FB8D20F28DDD8CAE144A839FC50C12
SRR14742166,2021-10-07 00:00:22,2021-06-06 09:40:36,55475,31228759,55475,562,17,,https://sra-downloadb.be-md.ncbi.nlm.nih.gov/sos9/sra-pub-zq-922/SRR014/14742/SRR14742166/SRR14742166.lite.1,SRX11076786,29U_D0,AMPLICON,PCR,METAGENOMIC,PAIRED,0,0,ILLUMINA,Illumina MiSeq,SRP322898,PRJNA735440,,735440,SRS9142713,SAMN19582451,simple,2516875,human urinary tract metagenome,29U_D0,,,,,,,no,,,,,MURDOCH CHILDRENS RESEARCH INSTITUTE,SRA1241179,,public,FB31DC5186FE292789C7C17E7BFCA391,495AAE56686FC87F689BCEFB8A418C58
SRR14742164,2021-10-07 00:00:22,2021-06-06 09:40:37,40067,22561245,40067,563,11,,https://sra-downloadb.be-md.ncbi.nlm.nih.gov/sos9/sra-pub-zq-924/SRR014/14742/SRR14742164/SRR14742164.lite.1,SRX11076788,29U_D8,AMPLICON,PCR,METAGENOMIC,PAIRED,0,0,ILLUMINA,Illumina MiSeq,SRP322898,PRJNA735440,,735440,SRS9142995,SAMN19582452,simple,2516875,human urinary tract metagenome,29U_D8,,,,,,,no,,,,,MURDOCH CHILDRENS RESEARCH INSTITUTE,SRA1241179,,public,9065F5A31BD64ECABF732FD62998AC76,6F502D949F8B12DDE8B3102184EE670A
SRR14742158,2021-10-07 00:00:22,2021-06-06 09:40:34,31286,17609581,31286,562,9,,https://sra-downloadb.be-md.ncbi.nlm.nih.gov/sos9/sra-pub-zq-924/SRR014/14742/SRR14742158/SRR14742158.lite.1,SRX11076794,29U_End,AMPLICON,PCR,METAGENOMIC,PAIRED,0,0,ILLUMINA,Illumina MiSeq,SRP322898,PRJNA735440,,735440,SRS9142719,SAMN19582455,simple,2516875,human urinary tract metagenome,29U_End,,,,,,,no,,,,,MURDOCH CHILDRENS RESEARCH INSTITUTE,SRA1241179,,public,D078D8896FC3EA3B0F9A194DB5A88D31,AC2BDE0D15E4D60BA6002DEFEFDD8451
SRR14742162,2021-10-07 00:00:22,2021-06-06 09:40:35,26408,14861681,26408,562,7,,https://sra-downloadb.be-md.ncbi.nlm.nih.gov/sos1/sra-pub-zq-38/SRR014/14742/SRR14742162/SRR14742162.lite.1,SRX11076790,29U_W4,AMPLICON,PCR,METAGENOMIC,PAIRED,0,0,ILLUMINA,Illumina MiSeq,SRP322898,PRJNA735440,,735440,SRS9142716,SAMN19582453,simple,2516875,human urinary tract metagenome,29U_W4,,,,,,,no,,,,,MURDOCH CHILDRENS RESEARCH INSTITUTE,SRA1241179,,public,DA846817C4A8DC0FB60E42DF627F403C,FE5D705B06BA4F3A20533F48278810A5
SRR14742160,2021-10-07 00:00:22,2021-06-06 09:40:36,46913,26401583,46913,562,13,,https://sra-downloadb.be-md.ncbi.nlm.nih.gov/sos8/sra-pub-zq-820/SRR014/14742/SRR14742160/SRR14742160.lite.1,SRX11076792,29U_W8,AMPLICON,PCR,METAGENOMIC,PAIRED,0,0,ILLUMINA,Illumina MiSeq,SRP322898,PRJNA735440,,735440,SRS9142718,SAMN19582454,simple,2516875,human urinary tract metagenome,29U_W8,,,,,,,no,,,,,MURDOCH CHILDRENS RESEARCH INSTITUTE,SRA1241179,,public,387953328768435EDD3DD749CC4F2165,29F6DBBC473EBE2A70388BAB772F2381
SRR14742263,2021-10-07 00:00:19,2021-06-06 09:41:18,44464,25014726,44464,562,13,,https://sra-downloadb.be-md.ncbi.nlm.nih.gov/sos9/sra-pub-zq-922/SRR014/14742/SRR14742263/SRR14742263.lite.1,SRX11076689,12P_D0,AMPLICON,PCR,METAGENOMIC,PAIRED,0,0,ILLUMINA,Illumina MiSeq,SRP322898,PRJNA735440,,735440,SRS9142617,SAMN19582286,simple,1842734,human reproductive system metagenome,12P_D0,,,,,,,no,,,,,MURDOCH CHILDRENS RESEARCH INSTITUTE,SRA1241179,,public,4541D0F73984577E2F401D11A75D0588,65ECEC8D36CBB095BF72BE2523526224
SRR14742261,2021-10-07 00:00:19,2021-06-06 09:41:06,44748,25174671,44748,562,13,,https://sra-downloadb.be-md.ncbi.nlm.nih.gov/sos1/sra-pub-zq-38/SRR014/14742/SRR14742261/SRR14742261.lite.1,SRX11076691,12P_D8,AMPLICON,PCR,METAGENOMIC,PAIRED,0,0,ILLUMINA,Illumina MiSeq,SRP322898,PRJNA735440,,735440,SRS9142619,SAMN19582287,simple,1842734,human reproductive system metagenome,12P_D8,,,,,,,no,,,,,MURDOCH CHILDRENS RESEARCH INSTITUTE,SRA1241179,,public,78CEBF98F74F281AFD38333C6834A2F4,0B68CB3760135571889CA9A5B7D5F030
SRR14742254,2021-10-07 00:00:20,2021-06-06 09:41:10,40818,22969663,40818,562,11,,https://sra-downloadb.be-md.ncbi.nlm.nih.gov/sos9/sra-pub-zq-922/SRR014/14742/SRR14742254/SRR14742254.lite.1,SRX11076698,12P_End,AMPLICON,PCR,METAGENOMIC,PAIRED,0,0,ILLUMINA,Illumina MiSeq,SRP322898,PRJNA735440,,735440,SRS9142626,SAMN19582290,simple,1842734,human reproductive system metagenome,12P_End,,,,,,,no,,,,,MURDOCH CHILDRENS RESEARCH INSTITUTE,SRA1241179,,public,74747E5A6F7D93DBFE8C335A5CD8E9E8,B783CB567548DB899EDA489BB12B2764
SRR14742259,2021-10-07 00:00:19,2021-06-06 09:41:05,28658,16132181,28658,562,8,,https://sra-downloadb.be-md.ncbi.nlm.nih.gov/sos9/sra-pub-zq-924/SRR014/14742/SRR14742259/SRR14742259.lite.1,SRX11076693,12P_W4,AMPLICON,PCR,METAGENOMIC,PAIRED,0,0,ILLUMINA,Illumina MiSeq,SRP322898,PRJNA735440,,735440,SRS9142621,SAMN19582288,simple,1842734,human reproductive system metagenome,12P_W4,,,,,,,no,,,,,MURDOCH CHILDRENS RESEARCH INSTITUTE,SRA1241179,,public,6D433C4BBF2753EF76C5DE270E8E4324,02B4168CC6886C5482EBFC1CB27A7C30
SRR14742257,2021-10-07 00:00:20,2021-06-06 09:41:18,54630,30754868,54630,562,16,,https://sra-downloadb.be-md.ncbi.nlm.nih.gov/sos9/sra-pub-zq-924/SRR014/14742/SRR14742257/SRR14742257.lite.1,SRX11076695,12P_W8,AMPLICON,PCR,METAGENOMIC,PAIRED,0,0,ILLUMINA,Illumina MiSeq,SRP322898,PRJNA735440,,735440,SRS9142623,SAMN19582289,simple,1842734,human reproductive system metagenome,12P_W8,,,,,,,no,,,,,MURDOCH CHILDRENS RESEARCH INSTITUTE,SRA1241179,,public,F90B959F68084FCE5CA293623ACDB195,5E3A5CA7D8E55DC7F6C6665D3D521002
SRR14742262,2021-10-07 00:00:19,2021-06-06 09:41:18,32903,18461982,32903,561,10,,https://sra-downloadb.be-md.ncbi.nlm.nih.gov/sos9/sra-pub-zq-922/SRR014/14742/SRR14742262/SRR14742262.lite.1,SRX11076690,12U_D0,AMPLICON,PCR,METAGENOMIC,PAIRED,0,0,ILLUMINA,Illumina MiSeq,SRP322898,PRJNA735440,,735440,SRS9142618,SAMN19582408,simple,2516875,human urinary tract metagenome,12U_D0,,,,,,,no,,,,,MURDOCH CHILDRENS RESEARCH INSTITUTE,SRA1241179,,public,7C547E846BE3EBA574CB91A5427BD581,33615B9EB114C74908436F5F00509BCC
SRR14742260,2021-10-07 00:00:19,2021-06-06 09:41:18,43880,24603674,43880,560,13,,https://sra-downloadb.be-md.ncbi.nlm.nih.gov/sos1/sra-pub-zq-38/SRR014/14742/SRR14742260/SRR14742260.lite.1,SRX11076692,12U_D8,AMPLICON,PCR,METAGENOMIC,PAIRED,0,0,ILLUMINA,Illumina MiSeq,SRP322898,PRJNA735440,,735440,SRS9142620,SAMN19582409,simple,2516875,human urinary tract metagenome,12U_D8,,,,,,,no,,,,,MURDOCH CHILDRENS RESEARCH INSTITUTE,SRA1241179,,public,0555C6BF5C2F1BFD6C5D76321F8184A8,B443DAE42FCE2FA604331687445C2D92
SRR14742253,2021-10-07 00:00:20,2021-06-06 09:41:03,41891,23578239,41891,562,12,,https://sra-downloadb.be-md.ncbi.nlm.nih.gov/sos8/sra-pub-zq-820/SRR014/14742/SRR14742253/SRR14742253.lite.1,SRX11076699,12U_End,AMPLICON,PCR,METAGENOMIC,PAIRED,0,0,ILLUMINA,Illumina MiSeq,SRP322898,PRJNA735440,,735440,SRS9142627,SAMN19582412,simple,2516875,human urinary tract metagenome,12U_End,,,,,,,no,,,,,MURDOCH CHILDRENS RESEARCH INSTITUTE,SRA1241179,,public,736F6F63A6EDBE3871BCFFBC23AAC0F1,B8FE94ED0037D4F5F781C8F6E2E56AE2
SRR14742258,2021-10-07 00:00:19,2021-06-06 09:41:10,46663,26256577,46663,562,13,,https://sra-downloadb.be-md.ncbi.nlm.nih.gov/sos1/sra-pub-zq-38/SRR014/14742/SRR14742258/SRR14742258.lite.1,SRX11076694,12U_W4,AMPLICON,PCR,METAGENOMIC,PAIRED,0,0,ILLUMINA,Illumina MiSeq,SRP322898,PRJNA735440,,735440,SRS9142622,SAMN19582410,simple,2516875,human urinary tract metagenome,12U_W4,,,,,,,no,,,,,MURDOCH CHILDRENS RESEARCH INSTITUTE,SRA1241179,,public,65D038E006CA2E20465BA9D544B6B381,07083F301CEF3E53E0EC15C8BBC57CAA
SRR14742255,2021-10-07 00:00:20,2021-06-06 09:41:06,39473,22127040,39473,560,12,,https://sra-downloadb.be-md.ncbi.nlm.nih.gov/sos8/sra-pub-zq-818/SRR014/14742/SRR14742255/SRR14742255.lite.1,SRX11076697,12U_W8,AMPLICON,PCR,METAGENOMIC,PAIRED,0,0,ILLUMINA,Illumina MiSeq,SRP322898,PRJNA735440,,735440,SRS9142625,SAMN19582411,simple,2516875,human urinary tract metagenome,12U_W8,,,,,,,no,,,,,MURDOCH CHILDRENS RESEARCH INSTITUTE,SRA1241179,,public,5A6D83C720AF37DA48B9C9AD2A2C0ABF,2BB6C735CF46917F37AEEBAB23FD8174
SRR14742256,2021-10-07 00:00:20,2021-06-06 09:41:18,35030,19717730,35030,562,10,,https://sra-downloadb.be-md.ncbi.nlm.nih.gov/sos1/sra-pub-zq-38/SRR014/14742/SRR14742256/SRR14742256.lite.1,SRX11076696,12V_D0,AMPLICON,PCR,METAGENOMIC,PAIRED,0,0,ILLUMINA,Illumina MiSeq,SRP322898,PRJNA735440,,735440,SRS9142624,SAMN19582156,simple,1632839,human vaginal metagenome,12V_D0,,,,,,,no,,,,,MURDOCH CHILDRENS RESEARCH INSTITUTE,SRA1241179,,public,F62F7A27A38C4278B4C419CA68476F6A,478C76EA8A01C479B1175B04848BDD9E
SRR14742245,2021-10-07 00:00:20,2021-06-06 09:41:09,41329,23258720,41329,562,12,,https://sra-downloadb.be-md.ncbi.nlm.nih.gov/sos9/sra-pub-zq-924/SRR014/14742/SRR14742245/SRR14742245.lite.1,SRX11076707,12V_D8,AMPLICON,PCR,METAGENOMIC,PAIRED,0,0,ILLUMINA,Illumina MiSeq,SRP322898,PRJNA735440,,735440,SRS9142635,SAMN19582157,simple,1632839,human vaginal metagenome,12V_D8,,,,,,,no,,,,,MURDOCH CHILDRENS RESEARCH INSTITUTE,SRA1241179,,public,F860200BFD2CB1EB76210BA7F561D72A,7609C10A99844F27E403FBAC5CE69AF0
SRR14742234,2021-10-07 00:00:20,2021-06-06 09:41:12,34865,19617943,34865,562,10,,https://sra-downloadb.be-md.ncbi.nlm.nih.gov/sos1/sra-pub-zq-38/SRR014/14742/SRR14742234/SRR14742234.lite.1,SRX11076718,12V_W4,AMPLICON,PCR,METAGENOMIC,PAIRED,0,0,ILLUMINA,Illumina MiSeq,SRP322898,PRJNA735440,,735440,SRS9142646,SAMN19582158,simple,1632839,human vaginal metagenome,12V_W4,,,,,,,no,,,,,MURDOCH CHILDRENS RESEARCH INSTITUTE,SRA1241179,,public,C11C31E3C56B48D55C586C30C1963DC5,2111A84EE64FA36D36F9B29AFFBCD282
SRR14742222,2021-10-07 00:00:20,2021-06-06 09:40:50,34143,19209837,34143,562,9,,https://sra-downloadb.be-md.ncbi.nlm.nih.gov/sos8/sra-pub-zq-818/SRR014/14742/SRR14742222/SRR14742222.lite.1,SRX11076730,12V_W8,AMPLICON,PCR,METAGENOMIC,PAIRED,0,0,ILLUMINA,Illumina MiSeq,SRP322898,PRJNA735440,,735440,SRS9142657,SAMN19582159,simple,1632839,human vaginal metagenome,12V_W8,,,,,,,no,,,,,MURDOCH CHILDRENS RESEARCH INSTITUTE,SRA1241179,,public,A04BD21FBA2B39B940F4075B20DF3DE1,20A93C27CA77BEBE829B3568BEA37340
SRR14742252,2021-10-07 00:00:20,2021-06-06 09:41:04,45349,25516480,45349,562,13,,https://sra-downloadb.be-md.ncbi.nlm.nih.gov/sos13/sra-pub-zq-1301/SRR014/14742/SRR14742252/SRR14742252.lite.1,SRX11076700,15P_D0,AMPLICON,PCR,METAGENOMIC,PAIRED,0,0,ILLUMINA,Illumina MiSeq,SRP322898,PRJNA735440,,735440,SRS9142628,SAMN19582291,simple,1842734,human reproductive system metagenome,15P_D0,,,,,,,no,,,,,MURDOCH CHILDRENS RESEARCH INSTITUTE,SRA1241179,,public,CEAC700B8A6A4EB3BED77FC12D3646D9,5A9A702A26843D6B078E6324F8910D0B
SRR14742250,2021-10-07 00:00:20,2021-06-06 09:40:51,7597,4275166,7596,562,2,,https://sra-downloadb.be-md.ncbi.nlm.nih.gov/sos1/sra-pub-zq-38/SRR014/14742/SRR14742250/SRR14742250.lite.1,SRX11076702,15P_D8,AMPLICON,PCR,METAGENOMIC,PAIRED,0,0,ILLUMINA,Illumina MiSeq,SRP322898,PRJNA735440,,735440,SRS9142630,SAMN19582292,simple,1842734,human reproductive system metagenome,15P_D8,,,,,,,no,,,,,MURDOCH CHILDRENS RESEARCH INSTITUTE,SRA1241179,,public,851593EB362A4B05153AE659ACC1DB10,B0BC0C57BD44F5BAF2216D0975CBD71E
SRR14742248,2021-10-07 00:00:20,2021-06-06 09:41:00,43691,24599684,43691,563,12,,https://sra-downloadb.be-md.ncbi.nlm.nih.gov/sos8/sra-pub-zq-820/SRR014/14742/SRR14742248/SRR14742248.lite.1,SRX11076704,15P_End,AMPLICON,PCR,METAGENOMIC,PAIRED,0,0,ILLUMINA,Illumina MiSeq,SRP322898,PRJNA735440,,735440,SRS9142632,SAMN19582293,simple,1842734,human reproductive system metagenome,15P_End,,,,,,,no,,,,,MURDOCH CHILDRENS RESEARCH INSTITUTE,SRA1241179,,public,296BDB3270FB57D6B2D6E6CD14D87F31,C9D2BF6A9F81D75E3D8822709AA477FF
SRR14742251,2021-10-07 00:00:20,2021-06-06 09:41:03,24476,13769404,24476,562,7,,https://sra-downloadb.be-md.ncbi.nlm.nih.gov/sos9/sra-pub-zq-924/SRR014/14742/SRR14742251/SRR14742251.lite.1,SRX11076701,15U_D0,AMPLICON,PCR,METAGENOMIC,PAIRED,0,0,ILLUMINA,Illumina MiSeq,SRP322898,PRJNA735440,,735440,SRS9142629,SAMN19582413,simple,2516875,human urinary tract metagenome,15U_D0,,,,,,,no,,,,,MURDOCH CHILDRENS RESEARCH INSTITUTE,SRA1241179,,public,6E5D9AF5F4C4818781CA3B356562E14A,C23092E6A889E80A307491C066FAF271
SRR14742249,2021-10-07 00:00:20,2021-06-06 09:41:03,28151,15774185,28151,560,8,,https://sra-downloadb.be-md.ncbi.nlm.nih.gov/sos9/sra-pub-zq-924/SRR014/14742/SRR14742249/SRR14742249.lite.1,SRX11076703,15U_D8,AMPLICON,PCR,METAGENOMIC,PAIRED,0,0,ILLUMINA,Illumina MiSeq,SRP322898,PRJNA735440,,735440,SRS9142631,SAMN19582414,simple,2516875,human urinary tract metagenome,15U_D8,,,,,,,no,,,,,MURDOCH CHILDRENS RESEARCH INSTITUTE,SRA1241179,,public,B6FE3D0AFFCAE4333EA2AE8658F067D3,989865F5DBBF035C19C0979696DF8E61
SRR14742247,2021-10-07 00:00:20,2021-06-06 09:40:58,30249,17023756,30249,562,9,,https://sra-downloadb.be-md.ncbi.nlm.nih.gov/sos8/sra-pub-zq-818/SRR014/14742/SRR14742247/SRR14742247.lite.1,SRX11076705,15U_End,AMPLICON,PCR,METAGENOMIC,PAIRED,0,0,ILLUMINA,Illumina MiSeq,SRP322898,PRJNA735440,,735440,SRS9142633,SAMN19582415,simple,2516875,human urinary tract metagenome,15U_End,,,,,,,no,,,,,MURDOCH CHILDRENS RESEARCH INSTITUTE,SRA1241179,,public,874C47DB23F6AC5E9115BDD0BC62F708,48BE59BB4F0806941A2A27FCDC577B91
SRR14742246,2021-10-07 00:00:20,2021-06-06 09:40:59,24303,13666753,24303,562,7,,https://sra-downloadb.be-md.ncbi.nlm.nih.gov/sos9/sra-pub-zq-924/SRR014/14742/SRR14742246/SRR14742246.lite.1,SRX11076706,18P_D0,AMPLICON,PCR,METAGENOMIC,PAIRED,0,0,ILLUMINA,Illumina MiSeq,SRP322898,PRJNA735440,,735440,SRS9142634,SAMN19582294,simple,1842734,human reproductive system metagenome,18P_D0,,,,,,,no,,,,,MURDOCH CHILDRENS RESEARCH INSTITUTE,SRA1241179,,public,F0234FAC35177F10D27C1AC9B1942F92,DC00E02C731E2A6476483690620E49E3
SRR14742243,2021-10-07 00:00:20,2021-06-06 09:41:13,40846,22989881,40846,562,12,,https://sra-downloadb.be-md.ncbi.nlm.nih.gov/sos8/sra-pub-zq-818/SRR014/14742/SRR14742243/SRR14742243.lite.1,SRX11076709,18P_D8,AMPLICON,PCR,METAGENOMIC,PAIRED,0,0,ILLUMINA,Illumina MiSeq,SRP322898,PRJNA735440,,735440,SRS9142637,SAMN19582295,simple,1842734,human reproductive system metagenome,18P_D8,,,,,,,no,,,,,MURDOCH CHILDRENS RESEARCH INSTITUTE,SRA1241179,,public,581F0F15A89BC56C6A2163074F365DD1,D6F9D7D55F8583170CD896E605049B85
SRR14742237,2021-10-07 00:00:20,2021-06-06 09:41:06,43550,24519755,43550,563,13,,https://sra-downloadb.be-md.ncbi.nlm.nih.gov/sos1/sra-pub-zq-38/SRR014/14742/SRR14742237/SRR14742237.lite.1,SRX11076715,18P_End,AMPLICON,PCR,METAGENOMIC,PAIRED,0,0,ILLUMINA,Illumina MiSeq,SRP322898,PRJNA735440,,735440,SRS9143006,SAMN19582298,simple,1842734,human reproductive system metagenome,18P_End,,,,,,,no,,,,,MURDOCH CHILDRENS RESEARCH INSTITUTE,SRA1241179,,public,278ABC2D0895C733347FAFA0366A12CC,2C430A2353E97D4F4B8D1A945ED5F42C
SRR14742241,2021-10-07 00:00:20,2021-06-06 09:40:55,53596,30180958,53596,563,16,,https://sra-downloadb.be-md.ncbi.nlm.nih.gov/sos8/sra-pub-zq-820/SRR014/14742/SRR14742241/SRR14742241.lite.1,SRX11076711,18P_W4,AMPLICON,PCR,METAGENOMIC,PAIRED,0,0,ILLUMINA,Illumina MiSeq,SRP322898,PRJNA735440,,735440,SRS9142639,SAMN19582296,simple,1842734,human reproductive system metagenome,18P_W4,,,,,,,no,,,,,MURDOCH CHILDRENS RESEARCH INSTITUTE,SRA1241179,,public,0285BF4E91D2D138A301AD298F463466,6CD6C4C2B38E8E6F0885A559F617F8EA
SRR14742239,2021-10-07 00:00:20,2021-06-06 09:41:12,44234,24906733,44234,563,13,,https://sra-downloadb.be-md.ncbi.nlm.nih.gov/sos1/sra-pub-zq-38/SRR014/14742/SRR14742239/SRR14742239.lite.1,SRX11076713,18P_W8,AMPLICON,PCR,METAGENOMIC,PAIRED,0,0,ILLUMINA,Illumina MiSeq,SRP322898,PRJNA735440,,735440,SRS9142641,SAMN19582297,simple,1842734,human reproductive system metagenome,18P_W8,,,,,,,no,,,,,MURDOCH CHILDRENS RESEARCH INSTITUTE,SRA1241179,,public,A41F910F864906157A1E724B9622F7B6,982D2C8EA8B96585552EB09573AA149F
SRR14742244,2021-10-07 00:00:20,2021-06-06 09:40:53,40858,22967057,40858,562,12,,https://sra-downloadb.be-md.ncbi.nlm.nih.gov/sos9/sra-pub-zq-924/SRR014/14742/SRR14742244/SRR14742244.lite.1,SRX11076708,18U_D0,AMPLICON,PCR,METAGENOMIC,PAIRED,0,0,ILLUMINA,Illumina MiSeq,SRP322898,PRJNA735440,,735440,SRS9142636,SAMN19582416,simple,2516875,human urinary tract metagenome,18U_D0,,,,,,,no,,,,,MURDOCH CHILDRENS RESEARCH INSTITUTE,SRA1241179,,public,9DFA5A8F3DEC2DE58BC7A99EF276ABD1,56C97EF5B452122F5BA225E74F5C93FB
SRR14742242,2021-10-07 00:00:20,2021-06-06 09:41:13,39192,21995981,39192,561,11,,https://sra-downloadb.be-md.ncbi.nlm.nih.gov/sos9/sra-pub-zq-924/SRR014/14742/SRR14742242/SRR14742242.lite.1,SRX11076710,18U_D8,AMPLICON,PCR,METAGENOMIC,PAIRED,0,0,ILLUMINA,Illumina MiSeq,SRP322898,PRJNA735440,,735440,SRS9142638,SAMN19582417,simple,2516875,human urinary tract metagenome,18U_D8,,,,,,,no,,,,,MURDOCH CHILDRENS RESEARCH INSTITUTE,SRA1241179,,public,4EF3031AA36AD4409FBB57FE8EA7D947,9E6AB9CA7C41D0F3ACCAAE024B18206A
SRR14742236,2021-10-07 00:00:20,2021-06-06 09:40:53,56440,31769301,56440,562,16,,https://sra-downloadb.be-md.ncbi.nlm.nih.gov/sos9/sra-pub-zq-922/SRR014/14742/SRR14742236/SRR14742236.lite.1,SRX11076716,18U_End,AMPLICON,PCR,METAGENOMIC,PAIRED,0,0,ILLUMINA,Illumina MiSeq,SRP322898,PRJNA735440,,735440,SRS9142643,SAMN19582420,simple,2516875,human urinary tract metagenome,18U_End,,,,,,,no,,,,,MURDOCH CHILDRENS RESEARCH INSTITUTE,SRA1241179,,public,27C692E3AEF21113036BA3A592F593FF,AD9E70DDB47C7A9735194266B20C3BCC
SRR14742240,2021-10-07 00:00:20,2021-06-06 09:40:51,29324,16510881,29324,563,8,,https://sra-downloadb.be-md.ncbi.nlm.nih.gov/sos8/sra-pub-zq-820/SRR014/14742/SRR14742240/SRR14742240.lite.1,SRX11076712,18U_W4,AMPLICON,PCR,METAGENOMIC,PAIRED,0,0,ILLUMINA,Illumina MiSeq,SRP322898,PRJNA735440,,735440,SRS9142640,SAMN19582418,simple,2516875,human urinary tract metagenome,18U_W4,,,,,,,no,,,,,MURDOCH CHILDRENS RESEARCH INSTITUTE,SRA1241179,,public,C379E24FF5D17F5BB1124D8B9BD99791,33E35AA8F9309514139C977CABE76853
SRR14742238,2021-10-07 00:00:20,2021-06-06 09:41:07,35344,19900962,35344,563,10,,https://sra-downloadb.be-md.ncbi.nlm.nih.gov/sos1/sra-pub-zq-38/SRR014/14742/SRR14742238/SRR14742238.lite.1,SRX11076714,18U_W8,AMPLICON,PCR,METAGENOMIC,PAIRED,0,0,ILLUMINA,Illumina MiSeq,SRP322898,PRJNA735440,,735440,SRS9142642,SAMN19582419,simple,2516875,human urinary tract metagenome,18U_W8,,,,,,,no,,,,,MURDOCH CHILDRENS RESEARCH INSTITUTE,SRA1241179,,public,66D1E3EF9B24B5F077B5A463646DD03D,F88A51D716B04381ADC430162CC5595B
SRR14742235,2021-10-07 00:00:20,2021-06-06 09:40:53,54718,30808385,54718,563,17,,https://sra-downloadb.be-md.ncbi.nlm.nih.gov/sos9/sra-pub-zq-924/SRR014/14742/SRR14742235/SRR14742235.lite.1,SRX11076717,20P_D0,AMPLICON,PCR,METAGENOMIC,PAIRED,0,0,ILLUMINA,Illumina MiSeq,SRP322898,PRJNA735440,,735440,SRS9142644,SAMN19582299,simple,1842734,human reproductive system metagenome,20P_D0,,,,,,,no,,,,,MURDOCH CHILDRENS RESEARCH INSTITUTE,SRA1241179,,public,99A7E7DEBE3948FED78E9DA8AF84F7C6,B9969EEDCF75C0428348AC413B5F0ACD
SRR14742232,2021-10-07 00:00:20,2021-06-06 09:41:11,39938,22475867,39938,562,12,,https://sra-downloadb.be-md.ncbi.nlm.nih.gov/sos9/sra-pub-zq-922/SRR014/14742/SRR14742232/SRR14742232.lite.1,SRX11076720,20P_D8,AMPLICON,PCR,METAGENOMIC,PAIRED,0,0,ILLUMINA,Illumina MiSeq,SRP322898,PRJNA735440,,735440,SRS9142647,SAMN19582300,simple,1842734,human reproductive system metagenome,20P_D8,,,,,,,no,,,,,MURDOCH CHILDRENS RESEARCH INSTITUTE,SRA1241179,,public,037725E06E2375E0A57890C5F171CE38,557CD23139722EC9D2CBAEB3C2188B8D
SRR14742226,2021-10-07 00:00:20,2021-06-06 09:41:07,57989,32652147,57989,563,17,,https://sra-downloadb.be-md.ncbi.nlm.nih.gov/sos9/sra-pub-zq-924/SRR014/14742/SRR14742226/SRR14742226.lite.1,SRX11076726,20P_End,AMPLICON,PCR,METAGENOMIC,PAIRED,0,0,ILLUMINA,Illumina MiSeq,SRP322898,PRJNA735440,,735440,SRS9142653,SAMN19582303,simple,1842734,human reproductive system metagenome,20P_End,,,,,,,no,,,,,MURDOCH CHILDRENS RESEARCH INSTITUTE,SRA1241179,,public,ED4508961CBB0678893DB3C8959E0E2A,B7A75AB0BAD377DC5BEEA4AC2A9828F2
SRR14742230,2021-10-07 00:00:20,2021-06-06 09:40:58,37189,20933412,37189,562,11,,https://sra-downloadb.be-md.ncbi.nlm.nih.gov/sos9/sra-pub-zq-922/SRR014/14742/SRR14742230/SRR14742230.lite.1,SRX11076722,20P_W4,AMPLICON,PCR,METAGENOMIC,PAIRED,0,0,ILLUMINA,Illumina MiSeq,SRP322898,PRJNA735440,,735440,SRS9142649,SAMN19582301,simple,1842734,human reproductive system metagenome,20P_W4,,,,,,,no,,,,,MURDOCH CHILDRENS RESEARCH INSTITUTE,SRA1241179,,public,D8A5AB9603CAA52316FABCF3C9DA8FD9,3357C0C1FFAC18997286FDE363368132
SRR14742228,2021-10-07 00:00:20,2021-06-06 09:41:02,42406,23864193,42406,562,12,,https://sra-downloadb.be-md.ncbi.nlm.nih.gov/sos13/sra-pub-zq-1301/SRR014/14742/SRR14742228/SRR14742228.lite.1,SRX11076724,20P_W8,AMPLICON,PCR,METAGENOMIC,PAIRED,0,0,ILLUMINA,Illumina MiSeq,SRP322898,PRJNA735440,,735440,SRS9142651,SAMN19582302,simple,1842734,human reproductive system metagenome,20P_W8,,,,,,,no,,,,,MURDOCH CHILDRENS RESEARCH INSTITUTE,SRA1241179,,public,88A335EF0DF2BF9AB5500E982DF15207,E9878CED59D96D27EF6D5D5C6385D6CF
SRR14742233,2021-10-07 00:00:20,2021-06-06 09:41:02,43158,24283392,43158,562,13,,https://sra-downloadb.be-md.ncbi.nlm.nih.gov/sos9/sra-pub-zq-924/SRR014/14742/SRR14742233/SRR14742233.lite.1,SRX11076719,20U_D0,AMPLICON,PCR,METAGENOMIC,PAIRED,0,0,ILLUMINA,Illumina MiSeq,SRP322898,PRJNA735440,,735440,SRS9142645,SAMN19582421,simple,2516875,human urinary tract metagenome,20U_D0,,,,,,,no,,,,,MURDOCH CHILDRENS RESEARCH INSTITUTE,SRA1241179,,public,9FA42FC552F2744D3B167BA7D394E54A,FCFBC01B7D2373141815EAB75D0B8DAD
SRR14742231,2021-10-07 00:00:20,2021-06-06 09:41:11,29163,16415118,29163,562,8,,https://sra-downloadb.be-md.ncbi.nlm.nih.gov/sos8/sra-pub-zq-818/SRR014/14742/SRR14742231/SRR14742231.lite.1,SRX11076721,20U_D8,AMPLICON,PCR,METAGENOMIC,PAIRED,0,0,ILLUMINA,Illumina MiSeq,SRP322898,PRJNA735440,,735440,SRS9142648,SAMN19582422,simple,2516875,human urinary tract metagenome,20U_D8,,,,,,,no,,,,,MURDOCH CHILDRENS RESEARCH INSTITUTE,SRA1241179,,public,24E918973D2C7B4C971684F7D9C9CB6B,51C7D3D852A0EB34B14E84DAA009CC0C
SRR14742225,2021-10-07 00:00:20,2021-06-06 09:41:02,35294,19856618,35294,562,9,,https://sra-downloadb.be-md.ncbi.nlm.nih.gov/sos9/sra-pub-zq-924/SRR014/14742/SRR14742225/SRR14742225.lite.1,SRX11076727,20U_End,AMPLICON,PCR,METAGENOMIC,PAIRED,0,0,ILLUMINA,Illumina MiSeq,SRP322898,PRJNA735440,,735440,SRS9142654,SAMN19582425,simple,2516875,human urinary tract metagenome,20U_End,,,,,,,no,,,,,MURDOCH CHILDRENS RESEARCH INSTITUTE,SRA1241179,,public,0F2E8B173F1949826F9489BDFA691CAA,8E8BD627ED89D037B8F58E9BFCE335A4
SRR14742229,2021-10-07 00:00:20,2021-06-06 09:40:51,34123,19206449,34123,562,10,,https://sra-downloadb.be-md.ncbi.nlm.nih.gov/sos1/sra-pub-zq-38/SRR014/14742/SRR14742229/SRR14742229.lite.1,SRX11076723,20U_W4,AMPLICON,PCR,METAGENOMIC,PAIRED,0,0,ILLUMINA,Illumina MiSeq,SRP322898,PRJNA735440,,735440,SRS9142650,SAMN19582423,simple,2516875,human urinary tract metagenome,20U_W4,,,,,,,no,,,,,MURDOCH CHILDRENS RESEARCH INSTITUTE,SRA1241179,,public,91A822D47AB941A696E305B76473FB90,2B70D578F47F87716DF82BC2CF3E21F2
SRR14742227,2021-10-07 00:00:20,2021-06-06 09:41:14,58582,32968391,58582,562,17,,https://sra-downloadb.be-md.ncbi.nlm.nih.gov/sos9/sra-pub-zq-924/SRR014/14742/SRR14742227/SRR14742227.lite.1,SRX11076725,20U_W8,AMPLICON,PCR,METAGENOMIC,PAIRED,0,0,ILLUMINA,Illumina MiSeq,SRP322898,PRJNA735440,,735440,SRS9142652,SAMN19582424,simple,2516875,human urinary tract metagenome,20U_W8,,,,,,,no,,,,,MURDOCH CHILDRENS RESEARCH INSTITUTE,SRA1241179,,public,4047242683DC4EA43C96467D7AC7ADD9,859A97A5ED09E1633BBE1D888F9202E3
SRR14742224,2021-10-07 00:00:20,2021-06-06 09:40:56,39624,22310668,39624,563,11,,https://sra-downloadb.be-md.ncbi.nlm.nih.gov/sos1/sra-pub-zq-38/SRR014/14742/SRR14742224/SRR14742224.lite.1,SRX11076728,21P_D0,AMPLICON,PCR,METAGENOMIC,PAIRED,0,0,ILLUMINA,Illumina MiSeq,SRP322898,PRJNA735440,,735440,SRS9142656,SAMN19582304,simple,1842734,human reproductive system metagenome,21P_D0,,,,,,,no,,,,,MURDOCH CHILDRENS RESEARCH INSTITUTE,SRA1241179,,public,5E50352616C291B2E004B84EB4C95698,52D82B2501D91A34518F25CA7A188BF6
SRR14742220,2021-10-07 00:00:20,2021-06-06 09:40:48,36664,20642042,36664,563,10,,https://sra-downloadb.be-md.ncbi.nlm.nih.gov/sos9/sra-pub-zq-924/SRR014/14742/SRR14742220/SRR14742220.lite.1,SRX11076732,21P_D8,AMPLICON,PCR,METAGENOMIC,PAIRED,0,0,ILLUMINA,Illumina MiSeq,SRP322898,PRJNA735440,,735440,SRS9142659,SAMN19582305,simple,1842734,human reproductive system metagenome,21P_D8,,,,,,,no,,,,,MURDOCH CHILDRENS RESEARCH INSTITUTE,SRA1241179,,public,2270B53B62DC274C640CF2927B135A38,AADA42DE4942FBE137AB9FCFE8507BE7
SRR14742218,2021-10-07 00:00:20,2021-06-06 09:40:56,49805,28044574,49805,563,14,,https://sra-downloadb.be-md.ncbi.nlm.nih.gov/sos8/sra-pub-zq-820/SRR014/14742/SRR14742218/SRR14742218.lite.1,SRX11076734,21P_W4,AMPLICON,PCR,METAGENOMIC,PAIRED,0,0,ILLUMINA,Illumina MiSeq,SRP322898,PRJNA735440,,735440,SRS9142662,SAMN19582306,simple,1842734,human reproductive system metagenome,21P_W4,,,,,,,no,,,,,MURDOCH CHILDRENS RESEARCH INSTITUTE,SRA1241179,,public,F8757990122AB052F765DBE366C33163,0DDA4776AEAFA5B7D70DB2E2818B2BB1
SRR14742221,2021-10-07 00:00:20,2021-06-06 09:41:02,46356,26065154,46356,562,14,,https://sra-downloadb.be-md.ncbi.nlm.nih.gov/sos9/sra-pub-zq-924/SRR014/14742/SRR14742221/SRR14742221.lite.1,SRX11076731,21U_D0,AMPLICON,PCR,METAGENOMIC,PAIRED,0,0,ILLUMINA,Illumina MiSeq,SRP322898,PRJNA735440,,735440,SRS9142658,SAMN19582426,simple,2516875,human urinary tract metagenome,21U_D0,,,,,,,no,,,,,MURDOCH CHILDRENS RESEARCH INSTITUTE,SRA1241179,,public,4DC092873FDB7354773CDD016CF3B605,D2C7A8E8DB8B14E48F63736DDB2E98A6
SRR14742219,2021-10-07 00:00:20,2021-06-06 09:40:55,51602,29023151,51602,562,15,,https://sra-downloadb.be-md.ncbi.nlm.nih.gov/sos8/sra-pub-zq-818/SRR014/14742/SRR14742219/SRR14742219.lite.1,SRX11076733,21U_D8,AMPLICON,PCR,METAGENOMIC,PAIRED,0,0,ILLUMINA,Illumina MiSeq,SRP322898,PRJNA735440,,735440,SRS9142660,SAMN19582427,simple,2516875,human urinary tract metagenome,21U_D8,,,,,,,no,,,,,MURDOCH CHILDRENS RESEARCH INSTITUTE,SRA1241179,,public,652B334B09E3F9F0A21AE84095EEB90B,CC12A95CD210BD36FDD622921FD54B9E
SRR14742223,2021-10-07 00:00:20,2021-06-06 09:41:02,48906,27535746,48906,563,13,,https://sra-downloadb.be-md.ncbi.nlm.nih.gov/sos1/sra-pub-zq-38/SRR014/14742/SRR14742223/SRR14742223.lite.1,SRX11076729,3V_W4,AMPLICON,PCR,METAGENOMIC,PAIRED,0,0,ILLUMINA,Illumina MiSeq,SRP322898,PRJNA735440,,735440,SRS9142655,SAMN19582141,simple,1632839,human vaginal metagenome,3V_W4,,,,,,,no,,,,,MURDOCH CHILDRENS RESEARCH INSTITUTE,SRA1241179,,public,87582B0DF3DB731D6701F6F001C8226A,68480637DB1C8E7B83F7681533E4090F
SRR14742276,2021-10-07 00:00:19,2021-06-06 09:41:14,32285,18174418,32285,562,9,,https://sra-downloadb.be-md.ncbi.nlm.nih.gov/sos8/sra-pub-zq-820/SRR014/14742/SRR14742276/SRR14742276.lite.1,SRX11076676,5P_D8,AMPLICON,PCR,METAGENOMIC,PAIRED,0,0,ILLUMINA,Illumina MiSeq,SRP322898,PRJNA735440,,735440,SRS9142604,SAMN19582280,simple,1842734,human reproductive system metagenome,5P_D8,,,,,,,no,,,,,MURDOCH CHILDRENS RESEARCH INSTITUTE,SRA1241179,,public,204133E02D8CCB7EACDE93F117537BC0,2A03246D71B5CC2B99B6700C1437D389
SRR14742272,2021-10-07 00:00:19,2021-06-06 09:41:20,36131,20321084,36130,562,11,,https://sra-downloadb.be-md.ncbi.nlm.nih.gov/sos9/sra-pub-zq-924/SRR014/14742/SRR14742272/SRR14742272.lite.1,SRX11076680,5P_End,AMPLICON,PCR,METAGENOMIC,PAIRED,0,0,ILLUMINA,Illumina MiSeq,SRP322898,PRJNA735440,,735440,SRS9142608,SAMN19582282,simple,1842734,human reproductive system metagenome,5P_End,,,,,,,no,,,,,MURDOCH CHILDRENS RESEARCH INSTITUTE,SRA1241179,,public,C6CF85F30CD77AC1826C3FC4BBF1DD5D,1C656400F2DC50323597800567905E3D
SRR14742274,2021-10-07 00:00:19,2021-06-06 09:41:13,45788,25769601,45787,562,14,,https://sra-downloadb.be-md.ncbi.nlm.nih.gov/sos9/sra-pub-zq-924/SRR014/14742/SRR14742274/SRR14742274.lite.1,SRX11076678,5P_W4,AMPLICON,PCR,METAGENOMIC,PAIRED,0,0,ILLUMINA,Illumina MiSeq,SRP322898,PRJNA735440,,735440,SRS9142606,SAMN19582281,simple,1842734,human reproductive system metagenome,5P_W4,,,,,,,no,,,,,MURDOCH CHILDRENS RESEARCH INSTITUTE,SRA1241179,,public,5FDAA22CC30D5958A1715CB4E2A528A3,39377FC35B2701841C21F1B526EAFEA0
SRR14742277,2021-10-07 00:00:19,2021-06-06 09:41:15,35225,19829623,35225,562,9,,https://sra-downloadb.be-md.ncbi.nlm.nih.gov/sos8/sra-pub-zq-818/SRR014/14742/SRR14742277/SRR14742277.lite.1,SRX11076675,5U_D0,AMPLICON,PCR,METAGENOMIC,PAIRED,0,0,ILLUMINA,Illumina MiSeq,SRP322898,PRJNA735440,,735440,SRS9142603,SAMN19582401,simple,2516875,human urinary tract metagenome,5U_D0,,,,,,,no,,,,,MURDOCH CHILDRENS RESEARCH INSTITUTE,SRA1241179,,public,36696355A66CB8C8436E49981563741C,419A807E0603F0E0F56AC10EA2D0C35F
SRR14742275,2021-10-07 00:00:19,2021-06-06 09:41:16,40612,22844150,40612,562,12,,https://sra-downloadb.be-md.ncbi.nlm.nih.gov/sos8/sra-pub-zq-820/SRR014/14742/SRR14742275/SRR14742275.lite.1,SRX11076677,5U_D8,AMPLICON,PCR,METAGENOMIC,PAIRED,0,0,ILLUMINA,Illumina MiSeq,SRP322898,PRJNA735440,,735440,SRS9142605,SAMN19582402,simple,2516875,human urinary tract metagenome,5U_D8,,,,,,,no,,,,,MURDOCH CHILDRENS RESEARCH INSTITUTE,SRA1241179,,public,8F8CC30B95FCDD0991949604589BCBFB,63A2966CC98C1580A177DC6CE8B589E6
SRR14742271,2021-10-07 00:00:19,2021-06-06 09:41:21,39647,22300439,39647,562,12,,https://sra-downloadb.be-md.ncbi.nlm.nih.gov/sos13/sra-pub-zq-1301/SRR014/14742/SRR14742271/SRR14742271.lite.1,SRX11076681,5U_End,AMPLICON,PCR,METAGENOMIC,PAIRED,0,0,ILLUMINA,Illumina MiSeq,SRP322898,PRJNA735440,,735440,SRS9142609,SAMN19582404,simple,2516875,human urinary tract metagenome,5U_End,,,,,,,no,,,,,MURDOCH CHILDRENS RESEARCH INSTITUTE,SRA1241179,,public,B4880B0758C9B0D8E3BB61F11F1B7266,F140D8EBC63EBF78464EFDCE5D2AB8A8
SRR14742273,2021-10-07 00:00:19,2021-06-06 09:41:11,33789,19020908,33789,562,9,,https://sra-downloadb.be-md.ncbi.nlm.nih.gov/sos9/sra-pub-zq-922/SRR014/14742/SRR14742273/SRR14742273.lite.1,SRX11076679,5U_W4,AMPLICON,PCR,METAGENOMIC,PAIRED,0,0,ILLUMINA,Illumina MiSeq,SRP322898,PRJNA735440,,735440,SRS9142607,SAMN19582403,simple,2516875,human urinary tract metagenome,5U_W4,,,,,,,no,,,,,MURDOCH CHILDRENS RESEARCH INSTITUTE,SRA1241179,,public,99CAE395CA1E768AB1478CBC92769FC6,E766CE52792986342352A895ABBA42CD
SRR14742270,2021-10-07 00:00:19,2021-06-06 09:41:07,37579,21149698,37579,562,11,,https://sra-downloadb.be-md.ncbi.nlm.nih.gov/sos13/sra-pub-zq-1301/SRR014/14742/SRR14742270/SRR14742270.lite.1,SRX11076682,6P_D0,AMPLICON,PCR,METAGENOMIC,PAIRED,0,0,ILLUMINA,Illumina MiSeq,SRP322898,PRJNA735440,,735440,SRS9142610,SAMN19582283,simple,1842734,human reproductive system metagenome,6P_D0,,,,,,,no,,,,,MURDOCH CHILDRENS RESEARCH INSTITUTE,SRA1241179,,public,DEFC2308F72E94ECCC4F2EAF14DD2E57,E2684E8E1FC7DBAAB4CD9DBF46ED56DC
SRR14742268,2021-10-07 00:00:19,2021-06-06 09:41:07,46537,26187416,46536,562,14,,https://sra-downloadb.be-md.ncbi.nlm.nih.gov/sos8/sra-pub-zq-820/SRR014/14742/SRR14742268/SRR14742268.lite.1,SRX11076684,6P_D8,AMPLICON,PCR,METAGENOMIC,PAIRED,0,0,ILLUMINA,Illumina MiSeq,SRP322898,PRJNA735440,,735440,SRS9142612,SAMN19582284,simple,1842734,human reproductive system metagenome,6P_D8,,,,,,,no,,,,,MURDOCH CHILDRENS RESEARCH INSTITUTE,SRA1241179,,public,01B23F9E9E2CB43183346A4412AEE786,90808F50825E421C1281BACB48C2A147
SRR14742265,2021-10-07 00:00:19,2021-06-06 09:41:11,55328,31121697,55328,562,16,,https://sra-downloadb.be-md.ncbi.nlm.nih.gov/sos9/sra-pub-zq-924/SRR014/14742/SRR14742265/SRR14742265.lite.1,SRX11076687,6P_End,AMPLICON,PCR,METAGENOMIC,PAIRED,0,0,ILLUMINA,Illumina MiSeq,SRP322898,PRJNA735440,,735440,SRS9142615,SAMN19582285,simple,1842734,human reproductive system metagenome,6P_End,,,,,,,no,,,,,MURDOCH CHILDRENS RESEARCH INSTITUTE,SRA1241179,,public,33548793F4ECD64BB8C7C5F29A971506,5A9D7BC5FA8EBA16B24D9252208FF70D
SRR14742269,2021-10-07 00:00:19,2021-06-06 09:41:09,50205,28258181,50205,562,15,,https://sra-downloadb.be-md.ncbi.nlm.nih.gov/sos8/sra-pub-zq-820/SRR014/14742/SRR14742269/SRR14742269.lite.1,SRX11076683,6U_D0,AMPLICON,PCR,METAGENOMIC,PAIRED,0,0,ILLUMINA,Illumina MiSeq,SRP322898,PRJNA735440,,735440,SRS9142611,SAMN19582405,simple,2516875,human urinary tract metagenome,6U_D0,,,,,,,no,,,,,MURDOCH CHILDRENS RESEARCH INSTITUTE,SRA1241179,,public,4E436BC34E2E8CCF77905EE9B5627601,2C893BD6500A245F2F60C36D16D69D0F
SRR14742266,2021-10-07 00:00:19,2021-06-06 09:41:19,31496,17732660,31496,563,8,,https://sra-downloadb.be-md.ncbi.nlm.nih.gov/sos8/sra-pub-zq-820/SRR014/14742/SRR14742266/SRR14742266.lite.1,SRX11076686,6U_D8,AMPLICON,PCR,METAGENOMIC,PAIRED,0,0,ILLUMINA,Illumina MiSeq,SRP322898,PRJNA735440,,735440,SRS9142614,SAMN19582406,simple,2516875,human urinary tract metagenome,6U_D8,,,,,,,no,,,,,MURDOCH CHILDRENS RESEARCH INSTITUTE,SRA1241179,,public,30A7952E2C25EC86A88E933438738FBB,5A51C572D02BCA6C4B955D747E44534B
SRR14742264,2021-10-07 00:00:19,2021-06-06 09:41:08,40070,22539090,40070,562,12,,https://sra-downloadb.be-md.ncbi.nlm.nih.gov/sos1/sra-pub-zq-38/SRR014/14742/SRR14742264/SRR14742264.lite.1,SRX11076688,6U_End,AMPLICON,PCR,METAGENOMIC,PAIRED,0,0,ILLUMINA,Illumina MiSeq,SRP322898,PRJNA735440,,735440,SRS9142616,SAMN19582407,simple,2516875,human urinary tract metagenome,6U_End,,,,,,,no,,,,,MURDOCH CHILDRENS RESEARCH INSTITUTE,SRA1241179,,public,95196DF2A06128F805200B5A23F1565A,D9D760EBB01B6CE602DF4A67B9502A8F
SRR14742267,2021-10-07 00:00:19,2021-06-06 09:41:21,39339,22148566,39338,563,11,,https://sra-downloadb.be-md.ncbi.nlm.nih.gov/sos9/sra-pub-zq-924/SRR014/14742/SRR14742267/SRR14742267.lite.1,SRX11076685,6V_R,AMPLICON,PCR,METAGENOMIC,PAIRED,0,0,ILLUMINA,Illumina MiSeq,SRP322898,PRJNA735440,,735440,SRS9142613,SAMN19582155,simple,1632839,human vaginal metagenome,6V_R,,,,,,,no,,,,,MURDOCH CHILDRENS RESEARCH INSTITUTE,SRA1241179,,public,5D8282119EF9F10A2947D2C9CF991269,079B2274A6D78123689799C342F14354
SRR14742298,2021-10-07 00:00:19,2021-06-06 09:41:23,42207,23753832,42207,562,13,,https://sra-downloadb.be-md.ncbi.nlm.nih.gov/sos8/sra-pub-zq-818/SRR014/14742/SRR14742298/SRR14742298.lite.1,SRX11076654,3P_D0,AMPLICON,PCR,METAGENOMIC,PAIRED,0,0,ILLUMINA,Illumina MiSeq,SRP322898,PRJNA735440,,735440,SRS9142581,SAMN19582270,simple,1842734,human reproductive system metagenome,3P_D0,,,,,,,no,,,,,MURDOCH CHILDRENS RESEARCH INSTITUTE,SRA1241179,,public,61B77A9A328AA44A050C227848486C8C,E5B30F748E072B2F699E039A94044A70
SRR14742297,2021-10-07 00:00:19,2021-06-06 09:41:33,24127,13560078,24127,562,7,,https://sra-downloadb.be-md.ncbi.nlm.nih.gov/sos8/sra-pub-zq-820/SRR014/14742/SRR14742297/SRR14742297.lite.1,SRX11076655,3P_D8,AMPLICON,PCR,METAGENOMIC,PAIRED,0,0,ILLUMINA,Illumina MiSeq,SRP322898,PRJNA735440,,735440,SRS9142583,SAMN19582271,simple,1842734,human reproductive system metagenome,3P_D8,,,,,,,no,,,,,MURDOCH CHILDRENS RESEARCH INSTITUTE,SRA1241179,,public,309DAC28138A915F732605E520B4AE26,09C7EAAEA2C0BA32D9D243F7BBF311C8
SRR14742292,2021-10-07 00:00:19,2021-06-06 09:41:21,50387,28350648,50386,562,15,,https://sra-downloadb.be-md.ncbi.nlm.nih.gov/sos9/sra-pub-zq-924/SRR014/14742/SRR14742292/SRR14742292.lite.1,SRX11076660,3P_End,AMPLICON,PCR,METAGENOMIC,PAIRED,0,0,ILLUMINA,Illumina MiSeq,SRP322898,PRJNA735440,,735440,SRS9142588,SAMN19582273,simple,1842734,human reproductive system metagenome,3P_End,,,,,,,no,,,,,MURDOCH CHILDRENS RESEARCH INSTITUTE,SRA1241179,,public,932DDFD19665B38874126A13DE207EA9,97A753712018141B49CECC6298264CEA
SRR14742294,2021-10-07 00:00:19,2021-06-06 09:41:23,43241,24343714,43241,562,12,,https://sra-downloadb.be-md.ncbi.nlm.nih.gov/sos8/sra-pub-zq-818/SRR014/14742/SRR14742294/SRR14742294.lite.1,SRX11076658,3P_W4,AMPLICON,PCR,METAGENOMIC,PAIRED,0,0,ILLUMINA,Illumina MiSeq,SRP322898,PRJNA735440,,735440,SRS9142586,SAMN19582272,simple,1842734,human reproductive system metagenome,3P_W4,,,,,,,no,,,,,MURDOCH CHILDRENS RESEARCH INSTITUTE,SRA1241179,,public,8188B6FCD00147493849E260E09DBB82,3228D7865417044323C55E3CD8283FB3
SRR14742295,2021-10-07 00:00:19,2021-06-06 09:41:21,41436,23321666,41436,562,12,,https://sra-downloadb.be-md.ncbi.nlm.nih.gov/sos9/sra-pub-zq-924/SRR014/14742/SRR14742295/SRR14742295.lite.1,SRX11076657,3U_D0,AMPLICON,PCR,METAGENOMIC,PAIRED,0,0,ILLUMINA,Illumina MiSeq,SRP322898,PRJNA735440,,735440,SRS9142585,SAMN19582393,simple,2516875,human urinary tract metagenome,3U_D0,,,,,,,no,,,,,MURDOCH CHILDRENS RESEARCH INSTITUTE,SRA1241179,,public,6A4DCDAA15C99DD59CB69EE4C690B8AB,EE42DA162C250237B9DA3E0EC3ECB5D3
SRR14742296,2021-10-07 00:00:19,2021-06-06 09:41:19,34190,19228390,34190,562,10,,https://sra-downloadb.be-md.ncbi.nlm.nih.gov/sos9/sra-pub-zq-924/SRR014/14742/SRR14742296/SRR14742296.lite.1,SRX11076656,3U_D8,AMPLICON,PCR,METAGENOMIC,PAIRED,0,0,ILLUMINA,Illumina MiSeq,SRP322898,PRJNA735440,,735440,SRS9142584,SAMN19582392,simple,2516875,human urinary tract metagenome,3U_D8,,,,,,,no,,,,,MURDOCH CHILDRENS RESEARCH INSTITUTE,SRA1241179,,public,190C863FED6636AE82A3B649F8C46601,847CA187452901FD52570202DF32300C
SRR14742291,2021-10-07 00:00:19,2021-06-06 09:41:19,33696,18929384,33696,561,10,,https://sra-downloadb.be-md.ncbi.nlm.nih.gov/sos1/sra-pub-zq-38/SRR014/14742/SRR14742291/SRR14742291.lite.1,SRX11076661,3U_End,AMPLICON,PCR,METAGENOMIC,PAIRED,0,0,ILLUMINA,Illumina MiSeq,SRP322898,PRJNA735440,,735440,SRS9142589,SAMN19582395,simple,2516875,human urinary tract metagenome,3U_End,,,,,,,no,,,,,MURDOCH CHILDRENS RESEARCH INSTITUTE,SRA1241179,,public,A5D6EAF714C8418587D2E2ADC3CE45F5,FAAD25386B4948A747BAFE95D5F88697
SRR14742293,2021-10-07 00:00:19,2021-06-06 09:41:21,37263,20979637,37263,563,10,,https://sra-downloadb.be-md.ncbi.nlm.nih.gov/sos9/sra-pub-zq-924/SRR014/14742/SRR14742293/SRR14742293.lite.1,SRX11076659,3U_W4,AMPLICON,PCR,METAGENOMIC,PAIRED,0,0,ILLUMINA,Illumina MiSeq,SRP322898,PRJNA735440,,735440,SRS9142587,SAMN19582394,simple,2516875,human urinary tract metagenome,3U_W4,,,,,,,no,,,,,MURDOCH CHILDRENS RESEARCH INSTITUTE,SRA1241179,,public,6DC341887C551BCCEAE1AD9485AC9AAC,147705930AAD6FFD1FA494DD2E842ED4
SRR14742335,2021-10-07 00:00:18,2021-06-06 09:41:32,50781,28578622,50781,562,15,,https://sra-downloadb.be-md.ncbi.nlm.nih.gov/sos9/sra-pub-zq-922/SRR014/14742/SRR14742335/SRR14742335.lite.1,SRX11076617,3V_D0,AMPLICON,PCR,METAGENOMIC,PAIRED,0,0,ILLUMINA,Illumina MiSeq,SRP322898,PRJNA735440,,735440,SRS9142545,SAMN19582139,simple,1632839,human vaginal metagenome,3V_D0,,,,,,,no,,,,,MURDOCH CHILDRENS RESEARCH INSTITUTE,SRA1241179,,public,91EE3CF3148B0B1F295CDA154756C35F,66F1B2A85968AEE7B18DD483C1352062
SRR14742334,2021-10-07 00:00:18,2021-06-06 09:41:31,22635,12731247,22635,562,6,,https://sra-downloadb.be-md.ncbi.nlm.nih.gov/sos8/sra-pub-zq-818/SRR014/14742/SRR14742334/SRR14742334.lite.1,SRX11076618,3V_D8,AMPLICON,PCR,METAGENOMIC,PAIRED,0,0,ILLUMINA,Illumina MiSeq,SRP322898,PRJNA735440,,735440,SRS9142547,SAMN19582140,simple,1632839,human vaginal metagenome,3V_D8,,,,,,,no,,,,,MURDOCH CHILDRENS RESEARCH INSTITUTE,SRA1241179,,public,9BA39FFBDA392E2DE8537D95FF6252E8,5B5BE61378BF3BA738194DC5D7F9530F
SRR14742332,2021-10-07 00:00:18,2021-06-06 09:41:40,35450,19942693,35450,562,9,,https://sra-downloadb.be-md.ncbi.nlm.nih.gov/sos8/sra-pub-zq-820/SRR014/14742/SRR14742332/SRR14742332.lite.1,SRX11076620,41V_End,AMPLICON,PCR,METAGENOMIC,PAIRED,0,0,ILLUMINA,Illumina MiSeq,SRP322898,PRJNA735440,,735440,SRS9142549,SAMN19582239,simple,1632839,human vaginal metagenome,41V_End,,,,,,,no,,,,,MURDOCH CHILDRENS RESEARCH INSTITUTE,SRA1241179,,public,B8C0D42505638EF9B100DC21632643A0,BE370CB423E05C587484212FD91444CA
SRR14742331,2021-10-07 00:00:18,2021-06-06 09:41:35,30192,16982821,30192,562,8,,https://sra-downloadb.be-md.ncbi.nlm.nih.gov/sos8/sra-pub-zq-818/SRR014/14742/SRR14742331/SRR14742331.lite.1,SRX11076621,43V_D0,AMPLICON,PCR,METAGENOMIC,PAIRED,0,0,ILLUMINA,Illumina MiSeq,SRP322898,PRJNA735440,,735440,SRS9142548,SAMN19582240,simple,1632839,human vaginal metagenome,43V_D0,,,,,,,no,,,,,MURDOCH CHILDRENS RESEARCH INSTITUTE,SRA1241179,,public,522150576B245DF3BD2A9B94A2988ABD,C8BFB3315E1859B6F25516ADFEA1CFD1
SRR14742330,2021-10-07 00:00:18,2021-06-06 09:41:27,30176,16960733,30176,562,7,,https://sra-downloadb.be-md.ncbi.nlm.nih.gov/sos1/sra-pub-zq-38/SRR014/14742/SRR14742330/SRR14742330.lite.1,SRX11076622,43V_D8,AMPLICON,PCR,METAGENOMIC,PAIRED,0,0,ILLUMINA,Illumina MiSeq,SRP322898,PRJNA735440,,735440,SRS9142550,SAMN19582241,simple,1632839,human vaginal metagenome,43V_D8,,,,,,,no,,,,,MURDOCH CHILDRENS RESEARCH INSTITUTE,SRA1241179,,public,4CFEAA8768B0B3A4D788D0AE52D7684F,503DB7978C338333D37C803F396BC2CC
SRR14742327,2021-10-07 00:00:18,2021-06-06 09:41:39,28431,15991040,28431,562,7,,https://sra-downloadb.be-md.ncbi.nlm.nih.gov/sos1/sra-pub-zq-38/SRR014/14742/SRR14742327/SRR14742327.lite.1,SRX11076625,43V_End,AMPLICON,PCR,METAGENOMIC,PAIRED,0,0,ILLUMINA,Illumina MiSeq,SRP322898,PRJNA735440,,735440,SRS9142553,SAMN19582244,simple,1632839,human vaginal metagenome,43V_End,,,,,,,no,,,,,MURDOCH CHILDRENS RESEARCH INSTITUTE,SRA1241179,,public,AE98C2EB7F6ED6E0160EC28B8A742786,BC8EDBED7B66C6CA0B1BB182B4C7A4E9
SRR14742329,2021-10-07 00:00:18,2021-06-06 09:41:26,27600,15495486,27600,561,7,,https://sra-downloadb.be-md.ncbi.nlm.nih.gov/sos1/sra-pub-zq-38/SRR014/14742/SRR14742329/SRR14742329.lite.1,SRX11076623,43V_W4,AMPLICON,PCR,METAGENOMIC,PAIRED,0,0,ILLUMINA,Illumina MiSeq,SRP322898,PRJNA735440,,735440,SRS9142551,SAMN19582242,simple,1632839,human vaginal metagenome,43V_W4,,,,,,,no,,,,,MURDOCH CHILDRENS RESEARCH INSTITUTE,SRA1241179,,public,176C05A02816BEB0C02CCFDE1E22AEAB,77762D62D86FCEB3F4B9BCB6EC481607
SRR14742328,2021-10-07 00:00:18,2021-06-06 09:41:28,34863,19613701,34863,562,8,,https://sra-downloadb.be-md.ncbi.nlm.nih.gov/sos8/sra-pub-zq-820/SRR014/14742/SRR14742328/SRR14742328.lite.1,SRX11076624,43V_W8,AMPLICON,PCR,METAGENOMIC,PAIRED,0,0,ILLUMINA,Illumina MiSeq,SRP322898,PRJNA735440,,735440,SRS9142552,SAMN19582243,simple,1632839,human vaginal metagenome,43V_W8,,,,,,,no,,,,,MURDOCH CHILDRENS RESEARCH INSTITUTE,SRA1241179,,public,998E57218E9940F5146E465D14BD0A10,0CF0F304B06D5C5973F48813F0D619FC
SRR14742326,2021-10-07 00:00:18,2021-06-06 09:41:28,36220,20380716,36220,562,10,,https://sra-downloadb.be-md.ncbi.nlm.nih.gov/sos1/sra-pub-zq-38/SRR014/14742/SRR14742326/SRR14742326.lite.1,SRX11076626,44V_D0,AMPLICON,PCR,METAGENOMIC,PAIRED,0,0,ILLUMINA,Illumina MiSeq,SRP322898,PRJNA735440,,735440,SRS9142555,SAMN19582245,simple,1632839,human vaginal metagenome,44V_D0,,,,,,,no,,,,,MURDOCH CHILDRENS RESEARCH INSTITUTE,SRA1241179,,public,804F5E9996DFBE9AD886206F79392814,ED3F40DE2B4BB7A31D87B99289FCC267
SRR14742325,2021-10-07 00:00:18,2021-06-06 09:41:39,37533,21127589,37533,562,9,,https://sra-downloadb.be-md.ncbi.nlm.nih.gov/sos13/sra-pub-zq-1301/SRR014/14742/SRR14742325/SRR14742325.lite.1,SRX11076627,44V_D8,AMPLICON,PCR,METAGENOMIC,PAIRED,0,0,ILLUMINA,Illumina MiSeq,SRP322898,PRJNA735440,,735440,SRS9142554,SAMN19582246,simple,1632839,human vaginal metagenome,44V_D8,,,,,,,no,,,,,MURDOCH CHILDRENS RESEARCH INSTITUTE,SRA1241179,,public,3F67E62D41E2EAEAACD95AC0E6F4422F,18F07C221836F3D1B6A78DD5CD387000
SRR14742321,2021-10-07 00:00:18,2021-06-06 09:41:32,32600,18339676,32600,562,8,,https://sra-downloadb.be-md.ncbi.nlm.nih.gov/sos9/sra-pub-zq-924/SRR014/14742/SRR14742321/SRR14742321.lite.1,SRX11076631,44V_End,AMPLICON,PCR,METAGENOMIC,PAIRED,0,0,ILLUMINA,Illumina MiSeq,SRP322898,PRJNA735440,,735440,SRS9142559,SAMN19582249,simple,1632839,human vaginal metagenome,44V_End,,,,,,,no,,,,,MURDOCH CHILDRENS RESEARCH INSTITUTE,SRA1241179,,public,20C00DB599C879DD9B0185C2662C01CA,2A34D1F00118F029C25BCF0A729B8E6B
SRR14742324,2021-10-07 00:00:18,2021-06-06 09:41:25,28195,15849866,28195,562,7,,https://sra-downloadb.be-md.ncbi.nlm.nih.gov/sos9/sra-pub-zq-924/SRR014/14742/SRR14742324/SRR14742324.lite.1,SRX11076628,44V_W4,AMPLICON,PCR,METAGENOMIC,PAIRED,0,0,ILLUMINA,Illumina MiSeq,SRP322898,PRJNA735440,,735440,SRS9142556,SAMN19582247,simple,1632839,human vaginal metagenome,44V_W4,,,,,,,no,,,,,MURDOCH CHILDRENS RESEARCH INSTITUTE,SRA1241179,,public,1F27EBFBB74EE7C5E9CA334CE5FB6278,6B042B0FECD3563333EF045CCC603AEF
SRR14742323,2021-10-07 00:00:18,2021-06-06 09:41:35,25552,14379736,25552,562,7,,https://sra-downloadb.be-md.ncbi.nlm.nih.gov/sos1/sra-pub-zq-38/SRR014/14742/SRR14742323/SRR14742323.lite.1,SRX11076629,44V_W8,AMPLICON,PCR,METAGENOMIC,PAIRED,0,0,ILLUMINA,Illumina MiSeq,SRP322898,PRJNA735440,,735440,SRS9142557,SAMN19582248,simple,1632839,human vaginal metagenome,44V_W8,,,,,,,no,,,,,MURDOCH CHILDRENS RESEARCH INSTITUTE,SRA1241179,,public,5E6CB715EDEF9CD0D0D624A379BA30DC,0737782E7148959C49EE9CA4C84C686C
SRR14742320,2021-10-07 00:00:18,2021-06-06 09:41:24,32398,18212643,32398,562,9,,https://sra-downloadb.be-md.ncbi.nlm.nih.gov/sos13/sra-pub-zq-1301/SRR014/14742/SRR14742320/SRR14742320.lite.1,SRX11076632,45V_D0,AMPLICON,PCR,METAGENOMIC,PAIRED,0,0,ILLUMINA,Illumina MiSeq,SRP322898,PRJNA735440,,735440,SRS9142561,SAMN19582250,simple,1632839,human vaginal metagenome,45V_D0,,,,,,,no,,,,,MURDOCH CHILDRENS RESEARCH INSTITUTE,SRA1241179,,public,AEC5B2E7B06D6BD7BEEC84C607E1CF4D,8E31E0E46E3F0F60F041C5EC89CC1D90
SRR14742319,2021-10-07 00:00:18,2021-06-06 09:41:25,37516,21109540,37516,562,9,,https://sra-downloadb.be-md.ncbi.nlm.nih.gov/sos1/sra-pub-zq-38/SRR014/14742/SRR14742319/SRR14742319.lite.1,SRX11076633,45V_D8,AMPLICON,PCR,METAGENOMIC,PAIRED,0,0,ILLUMINA,Illumina MiSeq,SRP322898,PRJNA735440,,735440,SRS9142560,SAMN19582251,simple,1632839,human vaginal metagenome,45V_D8,,,,,,,no,,,,,MURDOCH CHILDRENS RESEARCH INSTITUTE,SRA1241179,,public,F4A72E99D324147843D8812C456E4269,818E78D91B135F38082063E580E84EBB
SRR14742316,2021-10-07 00:00:18,2021-06-06 09:41:29,32791,18448592,32791,562,9,,https://sra-downloadb.be-md.ncbi.nlm.nih.gov/sos8/sra-pub-zq-818/SRR014/14742/SRR14742316/SRR14742316.lite.1,SRX11076636,45V_End,AMPLICON,PCR,METAGENOMIC,PAIRED,0,0,ILLUMINA,Illumina MiSeq,SRP322898,PRJNA735440,,735440,SRS9142564,SAMN19582254,simple,1632839,human vaginal metagenome,45V_End,,,,,,,no,,,,,MURDOCH CHILDRENS RESEARCH INSTITUTE,SRA1241179,,public,3AB15AA9BDCDB1FB7BBEDE738A3AE6B3,CD6675F8A170CB49D6FD82C3089F8179
SRR14742318,2021-10-07 00:00:18,2021-06-06 09:41:25,28714,16152465,28714,562,7,,https://sra-downloadb.be-md.ncbi.nlm.nih.gov/sos8/sra-pub-zq-820/SRR014/14742/SRR14742318/SRR14742318.lite.1,SRX11076634,45V_W4,AMPLICON,PCR,METAGENOMIC,PAIRED,0,0,ILLUMINA,Illumina MiSeq,SRP322898,PRJNA735440,,735440,SRS9142562,SAMN19582252,simple,1632839,human vaginal metagenome,45V_W4,,,,,,,no,,,,,MURDOCH CHILDRENS RESEARCH INSTITUTE,SRA1241179,,public,7F34592C319D3FC4F82D5EB8F73DF0C8,1D36855DC65977BB0D6CC68195631503
SRR14742317,2021-10-07 00:00:18,2021-06-06 09:41:23,26704,15016940,26704,562,6,,https://sra-downloadb.be-md.ncbi.nlm.nih.gov/sos1/sra-pub-zq-38/SRR014/14742/SRR14742317/SRR14742317.lite.1,SRX11076635,45V_W8,AMPLICON,PCR,METAGENOMIC,PAIRED,0,0,ILLUMINA,Illumina MiSeq,SRP322898,PRJNA735440,,735440,SRS9142563,SAMN19582253,simple,1632839,human vaginal metagenome,45V_W8,,,,,,,no,,,,,MURDOCH CHILDRENS RESEARCH INSTITUTE,SRA1241179,,public,058B46FA6EED0FCCDB31AD9461CBDF60,8B090BB588715294E1E17508B6F3B858
SRR14742315,2021-10-07 00:00:18,2021-06-06 09:41:29,32423,18231734,32423,562,9,,https://sra-downloadb.be-md.ncbi.nlm.nih.gov/sos13/sra-pub-zq-1301/SRR014/14742/SRR14742315/SRR14742315.lite.1,SRX11076637,46V_D0,AMPLICON,PCR,METAGENOMIC,PAIRED,0,0,ILLUMINA,Illumina MiSeq,SRP322898,PRJNA735440,,735440,SRS9142566,SAMN19582255,simple,1632839,human vaginal metagenome,46V_D0,,,,,,,no,,,,,MURDOCH CHILDRENS RESEARCH INSTITUTE,SRA1241179,,public,41CD960D57A4B5EDA8236896041369D4,F1600804AD9FE050F235B2295C8C9270
SRR14742314,2021-10-07 00:00:18,2021-06-06 09:41:20,33991,19118522,33991,562,9,,https://sra-downloadb.be-md.ncbi.nlm.nih.gov/sos13/sra-pub-zq-1301/SRR014/14742/SRR14742314/SRR14742314.lite.1,SRX11076638,46V_D8,AMPLICON,PCR,METAGENOMIC,PAIRED,0,0,ILLUMINA,Illumina MiSeq,SRP322898,PRJNA735440,,735440,SRS9142565,SAMN19582256,simple,1632839,human vaginal metagenome,46V_D8,,,,,,,no,,,,,MURDOCH CHILDRENS RESEARCH INSTITUTE,SRA1241179,,public,B084F895A97975469118B75A11814573,0A2539747426EBF801CEEBA8A8AE94E9
SRR14742312,2021-10-07 00:00:18,2021-06-06 09:41:27,31607,17736846,31607,561,8,,https://sra-downloadb.be-md.ncbi.nlm.nih.gov/sos1/sra-pub-zq-38/SRR014/14742/SRR14742312/SRR14742312.lite.1,SRX11076640,46V_End,AMPLICON,PCR,METAGENOMIC,PAIRED,0,0,ILLUMINA,Illumina MiSeq,SRP322898,PRJNA735440,,735440,SRS9142568,SAMN19582258,simple,1632839,human vaginal metagenome,46V_End,,,,,,,no,,,,,MURDOCH CHILDRENS RESEARCH INSTITUTE,SRA1241179,,public,9FC3537A9717F8B362A5C406725C088E,2BF0724CD88EC34C7344AE7403D1085C
SRR14742310,2021-10-07 00:00:18,2021-06-06 09:41:26,27658,15542693,27658,561,6,,https://sra-downloadb.be-md.ncbi.nlm.nih.gov/sos1/sra-pub-zq-38/SRR014/14742/SRR14742310/SRR14742310.lite.1,SRX11076642,46V_R,AMPLICON,PCR,METAGENOMIC,PAIRED,0,0,ILLUMINA,Illumina MiSeq,SRP322898,PRJNA735440,,735440,SRS9142570,SAMN19582259,simple,1632839,human vaginal metagenome,46V_R,,,,,,,no,,,,,MURDOCH CHILDRENS RESEARCH INSTITUTE,SRA1241179,,public,CF209A056E0BB863D9302EC8B43BDD26,F8B3B87E10F58C1BF5CA7EC213E3B425
SRR14742313,2021-10-07 00:00:18,2021-06-06 09:41:35,26366,14830464,26366,562,7,,https://sra-downloadb.be-md.ncbi.nlm.nih.gov/sos9/sra-pub-zq-924/SRR014/14742/SRR14742313/SRR14742313.lite.1,SRX11076639,46V_W4,AMPLICON,PCR,METAGENOMIC,PAIRED,0,0,ILLUMINA,Illumina MiSeq,SRP322898,PRJNA735440,,735440,SRS9142567,SAMN19582257,simple,1632839,human vaginal metagenome,46V_W4,,,,,,,no,,,,,MURDOCH CHILDRENS RESEARCH INSTITUTE,SRA1241179,,public,2F8ED0810F1336949B8FAE3331AFB556,305764899797B75BF6A2A82537F916EC
SRR14742309,2021-10-07 00:00:18,2021-06-06 09:41:31,33876,19065316,33876,562,9,,https://sra-downloadb.be-md.ncbi.nlm.nih.gov/sos1/sra-pub-zq-38/SRR014/14742/SRR14742309/SRR14742309.lite.1,SRX11076643,47V_D0,AMPLICON,PCR,METAGENOMIC,PAIRED,0,0,ILLUMINA,Illumina MiSeq,SRP322898,PRJNA735440,,735440,SRS9142572,SAMN19582260,simple,1632839,human vaginal metagenome,47V_D0,,,,,,,no,,,,,MURDOCH CHILDRENS RESEARCH INSTITUTE,SRA1241179,,public,A0D0574D95EA5649836705D996774650,E6867E776E562CD242CF60C3B5E9EC90
SRR14742308,2021-10-07 00:00:18,2021-06-06 09:41:24,26621,14949136,26621,561,6,,https://sra-downloadb.be-md.ncbi.nlm.nih.gov/sos9/sra-pub-zq-924/SRR014/14742/SRR14742308/SRR14742308.lite.1,SRX11076644,47V_D8,AMPLICON,PCR,METAGENOMIC,PAIRED,0,0,ILLUMINA,Illumina MiSeq,SRP322898,PRJNA735440,,735440,SRS9142571,SAMN19582261,simple,1632839,human vaginal metagenome,47V_D8,,,,,,,no,,,,,MURDOCH CHILDRENS RESEARCH INSTITUTE,SRA1241179,,public,4ECE67DF75DED0149D486CA381D4A3C9,9EBE1B784EEB36002D25E0E37BD82D0E
SRR14742305,2021-10-07 00:00:18,2021-06-06 09:41:23,38967,21886540,38967,561,10,,https://sra-downloadb.be-md.ncbi.nlm.nih.gov/sos9/sra-pub-zq-924/SRR014/14742/SRR14742305/SRR14742305.lite.1,SRX11076647,47V_End,AMPLICON,PCR,METAGENOMIC,PAIRED,0,0,ILLUMINA,Illumina MiSeq,SRP322898,PRJNA735440,,735440,SRS9142575,SAMN19582264,simple,1632839,human vaginal metagenome,47V_End,,,,,,,no,,,,,MURDOCH CHILDRENS RESEARCH INSTITUTE,SRA1241179,,public,7488F93FF737E934A5691FA767E3B43B,B0C096F2F0A04B6FD8765C1387CC6585
SRR14742307,2021-10-07 00:00:18,2021-06-06 09:41:30,21410,12032654,21410,562,5,,https://sra-downloadb.be-md.ncbi.nlm.nih.gov/sos13/sra-pub-zq-1301/SRR014/14742/SRR14742307/SRR14742307.lite.1,SRX11076645,47V_W4,AMPLICON,PCR,METAGENOMIC,PAIRED,0,0,ILLUMINA,Illumina MiSeq,SRP322898,PRJNA735440,,735440,SRS9142573,SAMN19582262,simple,1632839,human vaginal metagenome,47V_W4,,,,,,,no,,,,,MURDOCH CHILDRENS RESEARCH INSTITUTE,SRA1241179,,public,AC1F920C32969CF071F0FFB1A8481BA2,72E8AD0E0E1A82E084917A3A72601369
SRR14742306,2021-10-07 00:00:18,2021-06-06 09:41:23,28395,15956064,28395,561,7,,https://sra-downloadb.be-md.ncbi.nlm.nih.gov/sos8/sra-pub-zq-820/SRR014/14742/SRR14742306/SRR14742306.lite.1,SRX11076646,47V_W8,AMPLICON,PCR,METAGENOMIC,PAIRED,0,0,ILLUMINA,Illumina MiSeq,SRP322898,PRJNA735440,,735440,SRS9142574,SAMN19582263,simple,1632839,human vaginal metagenome,47V_W8,,,,,,,no,,,,,MURDOCH CHILDRENS RESEARCH INSTITUTE,SRA1241179,,public,CF52278DE0BC1DD72489B9CDA3B4688F,3E27F1086A9C2F8FF2E921F4C3E9EDAC
SRR14742290,2021-10-07 00:00:19,2021-06-06 09:41:24,45746,25738183,45746,562,14,,https://sra-downloadb.be-md.ncbi.nlm.nih.gov/sos9/sra-pub-zq-924/SRR014/14742/SRR14742290/SRR14742290.lite.1,SRX11076662,4P_D0,AMPLICON,PCR,METAGENOMIC,PAIRED,0,0,ILLUMINA,Illumina MiSeq,SRP322898,PRJNA735440,,735440,SRS9142590,SAMN19582274,simple,1842734,human reproductive system metagenome,4P_D0,,,,,,,no,,,,,MURDOCH CHILDRENS RESEARCH INSTITUTE,SRA1241179,,public,B6C07FB5F36D71791B81197145AECEAA,6664D2A4F1C66294C1CDA350337ACC05
SRR14742288,2021-10-07 00:00:19,2021-06-06 09:41:18,36675,20643633,36675,562,10,,https://sra-downloadb.be-md.ncbi.nlm.nih.gov/sos9/sra-pub-zq-924/SRR014/14742/SRR14742288/SRR14742288.lite.1,SRX11076664,4P_D8,AMPLICON,PCR,METAGENOMIC,PAIRED,0,0,ILLUMINA,Illumina MiSeq,SRP322898,PRJNA735440,,735440,SRS9142592,SAMN19582275,simple,1842734,human reproductive system metagenome,4P_D8,,,,,,,no,,,,,MURDOCH CHILDRENS RESEARCH INSTITUTE,SRA1241179,,public,AF1C7C3946E48554AC7A56D571892002,FDA4ADD0CA9D833FDB7D823F593D2BA8
SRR14742281,2021-10-07 00:00:19,2021-06-06 09:41:19,39274,22106167,39274,562,11,,https://sra-downloadb.be-md.ncbi.nlm.nih.gov/sos8/sra-pub-zq-820/SRR014/14742/SRR14742281/SRR14742281.lite.1,SRX11076671,4P_End,AMPLICON,PCR,METAGENOMIC,PAIRED,0,0,ILLUMINA,Illumina MiSeq,SRP322898,PRJNA735440,,735440,SRS9142599,SAMN19582278,simple,1842734,human reproductive system metagenome,4P_End,,,,,,,no,,,,,MURDOCH CHILDRENS RESEARCH INSTITUTE,SRA1241179,,public,4B2FBCAE261980A9446DDF7FA156AF08,2E54FDC3C9FE6D31ECC0CAD38E98E2BB
SRR14742285,2021-10-07 00:00:19,2021-06-06 09:41:22,43120,24270815,43120,562,12,,https://sra-downloadb.be-md.ncbi.nlm.nih.gov/sos1/sra-pub-zq-38/SRR014/14742/SRR14742285/SRR14742285.lite.1,SRX11076667,4P_W4,AMPLICON,PCR,METAGENOMIC,PAIRED,0,0,ILLUMINA,Illumina MiSeq,SRP322898,PRJNA735440,,735440,SRS9142594,SAMN19582276,simple,1842734,human reproductive system metagenome,4P_W4,,,,,,,no,,,,,MURDOCH CHILDRENS RESEARCH INSTITUTE,SRA1241179,,public,D685B53AB11A29B83D8F74F93D211A28,1316635DA271EEF20FDC77D0FE7421F0
SRR14742283,2021-10-07 00:00:19,2021-06-06 09:41:22,43168,24298781,43168,562,13,,https://sra-downloadb.be-md.ncbi.nlm.nih.gov/sos9/sra-pub-zq-924/SRR014/14742/SRR14742283/SRR14742283.lite.1,SRX11076669,4P_W8,AMPLICON,PCR,METAGENOMIC,PAIRED,0,0,ILLUMINA,Illumina MiSeq,SRP322898,PRJNA735440,,735440,SRS9142597,SAMN19582277,simple,1842734,human reproductive system metagenome,4P_W8,,,,,,,no,,,,,MURDOCH CHILDRENS RESEARCH INSTITUTE,SRA1241179,,public,B29BA3F12B89C2E6EDDEEACF1353899B,6679E7531B5F1C85812EAA3645657D93
SRR14742286,2021-10-07 00:00:19,2021-06-06 09:41:18,32942,18539629,32942,562,10,,https://sra-downloadb.be-md.ncbi.nlm.nih.gov/sos9/sra-pub-zq-924/SRR014/14742/SRR14742286/SRR14742286.lite.1,SRX11076666,4U_D0,AMPLICON,PCR,METAGENOMIC,PAIRED,0,0,ILLUMINA,Illumina MiSeq,SRP322898,PRJNA735440,,735440,SRS9142595,SAMN19582397,simple,2516875,human urinary tract metagenome,4U_D0,,,,,,,no,,,,,MURDOCH CHILDRENS RESEARCH INSTITUTE,SRA1241179,,public,6C45002F61CC0928CB1E2659761535E9,24911F6FB27AAD4DB8152097670D66FE
SRR14742287,2021-10-07 00:00:19,2021-06-06 09:41:13,41178,23151029,41178,562,12,,https://sra-downloadb.be-md.ncbi.nlm.nih.gov/sos13/sra-pub-zq-1301/SRR014/14742/SRR14742287/SRR14742287.lite.1,SRX11076665,4U_D8,AMPLICON,PCR,METAGENOMIC,PAIRED,0,0,ILLUMINA,Illumina MiSeq,SRP322898,PRJNA735440,,735440,SRS9142593,SAMN19582396,simple,2516875,human urinary tract metagenome,4U_D8,,,,,,,no,,,,,MURDOCH CHILDRENS RESEARCH INSTITUTE,SRA1241179,,public,CA1B01EE7E2C22C77A1CCBF082CDEEC3,373F5911C515B2DC5BBAE60638A539A4
SRR14742280,2021-10-07 00:00:19,2021-06-06 09:41:23,37289,20990557,37289,562,10,,https://sra-downloadb.be-md.ncbi.nlm.nih.gov/sos8/sra-pub-zq-818/SRR014/14742/SRR14742280/SRR14742280.lite.1,SRX11076672,4U_End,AMPLICON,PCR,METAGENOMIC,PAIRED,0,0,ILLUMINA,Illumina MiSeq,SRP322898,PRJNA735440,,735440,SRS9142600,SAMN19582400,simple,2516875,human urinary tract metagenome,4U_End,,,,,,,no,,,,,MURDOCH CHILDRENS RESEARCH INSTITUTE,SRA1241179,,public,3984B3B2D8C2245DAC4A36D38B2B48F8,43ED81D769C359FE0FD286E029980006
SRR14742284,2021-10-07 00:00:19,2021-06-06 09:41:17,32653,18383095,32653,562,9,,https://sra-downloadb.be-md.ncbi.nlm.nih.gov/sos8/sra-pub-zq-820/SRR014/14742/SRR14742284/SRR14742284.lite.1,SRX11076668,4U_W4,AMPLICON,PCR,METAGENOMIC,PAIRED,0,0,ILLUMINA,Illumina MiSeq,SRP322898,PRJNA735440,,735440,SRS9142596,SAMN19582398,simple,2516875,human urinary tract metagenome,4U_W4,,,,,,,no,,,,,MURDOCH CHILDRENS RESEARCH INSTITUTE,SRA1241179,,public,6DF373AD5AB38C3BD34026EE89AC679D,127505E79ADE496A1E7CD203961A907C
SRR14742282,2021-10-07 00:00:19,2021-06-06 09:41:18,39792,22403732,39792,563,12,,https://sra-downloadb.be-md.ncbi.nlm.nih.gov/sos9/sra-pub-zq-924/SRR014/14742/SRR14742282/SRR14742282.lite.1,SRX11076670,4U_W8,AMPLICON,PCR,METAGENOMIC,PAIRED,0,0,ILLUMINA,Illumina MiSeq,SRP322898,PRJNA735440,,735440,SRS9142598,SAMN19582399,simple,2516875,human urinary tract metagenome,4U_W8,,,,,,,no,,,,,MURDOCH CHILDRENS RESEARCH INSTITUTE,SRA1241179,,public,97A70C3DA6FFC73B32A168EB44273F23,AD4CFE7D6279194DF9183203019C1F50
SRR14742304,2021-10-07 00:00:18,2021-06-06 09:41:34,29743,16735519,29743,562,8,,https://sra-downloadb.be-md.ncbi.nlm.nih.gov/sos8/sra-pub-zq-820/SRR014/14742/SRR14742304/SRR14742304.lite.1,SRX11076648,50V_D0,AMPLICON,PCR,METAGENOMIC,PAIRED,0,0,ILLUMINA,Illumina MiSeq,SRP322898,PRJNA735440,,735440,SRS9142576,SAMN19582265,simple,1632839,human vaginal metagenome,50V_D0,,,,,,,no,,,,,MURDOCH CHILDRENS RESEARCH INSTITUTE,SRA1241179,,public,19D3D00B9E9F11653F3010A15ED36D85,EDE73FE5419E1DA15703289F115EA01B
SRR14742303,2021-10-07 00:00:18,2021-06-06 09:41:23,30970,17422457,30970,562,7,,https://sra-downloadb.be-md.ncbi.nlm.nih.gov/sos13/sra-pub-zq-1301/SRR014/14742/SRR14742303/SRR14742303.lite.1,SRX11076649,50V_D8,AMPLICON,PCR,METAGENOMIC,PAIRED,0,0,ILLUMINA,Illumina MiSeq,SRP322898,PRJNA735440,,735440,SRS9142577,SAMN19582266,simple,1632839,human vaginal metagenome,50V_D8,,,,,,,no,,,,,MURDOCH CHILDRENS RESEARCH INSTITUTE,SRA1241179,,public,9C23C4B9CF31B2932D99BB461546B3E0,350523F384873734B6BCDFE57490094C
SRR14742299,2021-10-07 00:00:19,2021-06-06 09:41:27,26690,14974211,26690,561,7,,https://sra-downloadb.be-md.ncbi.nlm.nih.gov/sos9/sra-pub-zq-924/SRR014/14742/SRR14742299/SRR14742299.lite.1,SRX11076653,50V_End,AMPLICON,PCR,METAGENOMIC,PAIRED,0,0,ILLUMINA,Illumina MiSeq,SRP322898,PRJNA735440,,735440,SRS9142582,SAMN19582269,simple,1632839,human vaginal metagenome,50V_End,,,,,,,no,,,,,MURDOCH CHILDRENS RESEARCH INSTITUTE,SRA1241179,,public,CDBE4D4FAD99CCB8FED5E98F7255563F,15048204726C88B631EB7144D5A2114D
SRR14742302,2021-10-07 00:00:18,2021-06-06 09:41:21,25235,14094309,25235,558,6,,https://sra-downloadb.be-md.ncbi.nlm.nih.gov/sos8/sra-pub-zq-818/SRR014/14742/SRR14742302/SRR14742302.lite.1,SRX11076650,50V_W4,AMPLICON,PCR,METAGENOMIC,PAIRED,0,0,ILLUMINA,Illumina MiSeq,SRP322898,PRJNA735440,,735440,SRS9142578,SAMN19582267,simple,1632839,human vaginal metagenome,50V_W4,,,,,,,no,,,,,MURDOCH CHILDRENS RESEARCH INSTITUTE,SRA1241179,,public,929380A975B29F127EF3501B1D86C534,BCFB8BBCC4570E1BD1061F245F1EB02F
SRR14742301,2021-10-07 00:00:19,2021-06-06 09:41:21,25313,14217239,25313,561,6,,https://sra-downloadb.be-md.ncbi.nlm.nih.gov/sos13/sra-pub-zq-1301/SRR014/14742/SRR14742301/SRR14742301.lite.1,SRX11076651,50V_W8,AMPLICON,PCR,METAGENOMIC,PAIRED,0,0,ILLUMINA,Illumina MiSeq,SRP322898,PRJNA735440,,735440,SRS9142579,SAMN19582268,simple,1632839,human vaginal metagenome,50V_W8,,,,,,,no,,,,,MURDOCH CHILDRENS RESEARCH INSTITUTE,SRA1241179,,public,95A161D71F37B4D5059C13673020B5E1,7019EF1ED6D222BFEF347CED3ADE4212
SRR14742279,2021-10-07 00:00:19,2021-06-06 09:41:22,47821,26926666,47820,563,14,,https://sra-downloadb.be-md.ncbi.nlm.nih.gov/sos9/sra-pub-zq-924/SRR014/14742/SRR14742279/SRR14742279.lite.1,SRX11076673,5P_D0,AMPLICON,PCR,METAGENOMIC,PAIRED,0,0,ILLUMINA,Illumina MiSeq,SRP322898,PRJNA735440,,735440,SRS9142601,SAMN19582279,simple,1842734,human reproductive system metagenome,5P_D0,,,,,,,no,,,,,MURDOCH CHILDRENS RESEARCH INSTITUTE,SRA1241179,,public,ABCAD95EB6B8A98CA6D1A16604CC0AF8,65DA9AD235C1F98398B26CF98956E003
SRR14742333,2021-10-07 00:00:18,2021-06-06 09:41:29,49445,27801887,49445,562,15,,https://sra-downloadb.be-md.ncbi.nlm.nih.gov/sos9/sra-pub-zq-924/SRR014/14742/SRR14742333/SRR14742333.lite.1,SRX11076619,5V_D0,AMPLICON,PCR,METAGENOMIC,PAIRED,0,0,ILLUMINA,Illumina MiSeq,SRP322898,PRJNA735440,,735440,SRS9142546,SAMN19582149,simple,1632839,human vaginal metagenome,5V_D0,,,,,,,no,,,,,MURDOCH CHILDRENS RESEARCH INSTITUTE,SRA1241179,,public,2D6C927DCA656F32F29C2E61FADF1282,1B1C0A1E0BCE7937D95EBBA7032F3473
SRR14742322,2021-10-07 00:00:18,2021-06-06 09:41:30,41206,23101484,41206,560,12,,https://sra-downloadb.be-md.ncbi.nlm.nih.gov/sos9/sra-pub-zq-922/SRR014/14742/SRR14742322/SRR14742322.lite.1,SRX11076630,5V_D8,AMPLICON,PCR,METAGENOMIC,PAIRED,0,0,ILLUMINA,Illumina MiSeq,SRP322898,PRJNA735440,,735440,SRS9142558,SAMN19582150,simple,1632839,human vaginal metagenome,5V_D8,,,,,,,no,,,,,MURDOCH CHILDRENS RESEARCH INSTITUTE,SRA1241179,,public,D923DA148AC96E4C4C62BE8403BD0955,B0AAABE6FB48988C2AEDCC0181442BCE
SRR14742300,2021-10-07 00:00:19,2021-06-06 09:41:29,67604,38048732,67603,562,20,,https://sra-downloadb.be-md.ncbi.nlm.nih.gov/sos9/sra-pub-zq-924/SRR014/14742/SRR14742300/SRR14742300.lite.1,SRX11076652,5V_End,AMPLICON,PCR,METAGENOMIC,PAIRED,0,0,ILLUMINA,Illumina MiSeq,SRP322898,PRJNA735440,,735440,SRS9142580,SAMN19582152,simple,1632839,human vaginal metagenome,5V_End,,,,,,,no,,,,,MURDOCH CHILDRENS RESEARCH INSTITUTE,SRA1241179,,public,71A673941C4C484F75FAED38E8E776A2,7AFBAEE64AD40A5317A1B3B9A1AF9C39
SRR14742311,2021-10-07 00:00:18,2021-06-06 09:41:27,69289,38986135,69288,562,20,,https://sra-downloadb.be-md.ncbi.nlm.nih.gov/sos13/sra-pub-zq-1301/SRR014/14742/SRR14742311/SRR14742311.lite.1,SRX11076641,5V_W4,AMPLICON,PCR,METAGENOMIC,PAIRED,0,0,ILLUMINA,Illumina MiSeq,SRP322898,PRJNA735440,,735440,SRS9142569,SAMN19582151,simple,1632839,human vaginal metagenome,5V_W4,,,,,,,no,,,,,MURDOCH CHILDRENS RESEARCH INSTITUTE,SRA1241179,,public,9CBB3D9A548EC8FE9E867AA602E055E7,AE8BE65B8D52F86D61B97914ACDF48CA
SRR14742289,2021-10-07 00:00:19,2021-06-06 09:41:20,47473,26697180,47473,562,14,,https://sra-downloadb.be-md.ncbi.nlm.nih.gov/sos9/sra-pub-zq-924/SRR014/14742/SRR14742289/SRR14742289.lite.1,SRX11076663,6V_D0,AMPLICON,PCR,METAGENOMIC,PAIRED,0,0,ILLUMINA,Illumina MiSeq,SRP322898,PRJNA735440,,735440,SRS9142591,SAMN19582153,simple,1632839,human vaginal metagenome,6V_D0,,,,,,,no,,,,,MURDOCH CHILDRENS RESEARCH INSTITUTE,SRA1241179,,public,1F36190C10E57BC9E4AF86F9D70B2B8C,41965EFEBB02A22FC0F8AEDE9F0906F7
SRR14742278,2021-10-07 00:00:19,2021-06-06 09:41:14,38445,21641089,38445,562,10,,https://sra-downloadb.be-md.ncbi.nlm.nih.gov/sos1/sra-pub-zq-38/SRR014/14742/SRR14742278/SRR14742278.lite.1,SRX11076674,6V_D8,AMPLICON,PCR,METAGENOMIC,PAIRED,0,0,ILLUMINA,Illumina MiSeq,SRP322898,PRJNA735440,,735440,SRS9142602,SAMN19582154,simple,1632839,human vaginal metagenome,6V_D8,,,,,,,no,,,,,MURDOCH CHILDRENS RESEARCH INSTITUTE,SRA1241179,,public,94598DDC2331827BB49D79CD118E7F9B,E3D9B8D472794BF2291DA5A73220DD1C
