Run,ReleaseDate,LoadDate,spots,bases,spots_with_mates,avgLength,size_MB,AssemblyName,download_path,Experiment,LibraryName,LibraryStrategy,LibrarySelection,LibrarySource,LibraryLayout,InsertSize,InsertDev,Platform,Model,SRAStudy,BioProject,Study_Pubmed_id,ProjectID,Sample,BioSample,SampleType,TaxID,ScientificName,SampleName,g1k_pop_code,source,g1k_analysis_group,Subject_ID,Sex,Disease,Tumor,Affection_Status,Analyte_Type,Histological_Type,Body_Site,CenterName,Submission,dbgap_study_accession,Consent,RunHash,ReadHash
SRR33044473,2025-07-28 13:27:55,2025-04-09 09:38:51,34092,20504916,34092,601,9,,https://sra-downloadb.be-md.ncbi.nlm.nih.gov/sos7/sra-pub-zq-41/SRR033/33044/SRR33044473/SRR33044473.lite.1,SRX28310234,SECS-179-A_S350,AMPLICON,RANDOM PCR,METAGENOMIC,PAIRED,0,0,ILLUMINA,Illumina MiSeq,SRP577400,PRJNA1248021,,1248021,SRS24649347,SAMN47843987,simple,646099,human metagenome,SECS-179-A,,,,,,,no,,,,,GEORGE WASHINGTON UNIVERSITY,SRA2108886,,public,B7B1F837DC5BC24D76D9450D3582D4AC,1BC814000A84DE2591782C0928933958
SRR33044462,2025-07-28 13:27:56,2025-04-09 09:36:03,14680,8832232,14680,601,3,,https://sra-downloadb.be-md.ncbi.nlm.nih.gov/sos7/sra-pub-zq-41/SRR033/33044/SRR33044462/SRR33044462.lite.1,SRX28310245,SECS-179-E_S338,AMPLICON,RANDOM PCR,METAGENOMIC,PAIRED,0,0,ILLUMINA,Illumina MiSeq,SRP577400,PRJNA1248021,,1248021,SRS24649358,SAMN47843988,simple,646099,human metagenome,SECS-179-E,,,,,,,no,,,,,GEORGE WASHINGTON UNIVERSITY,SRA2108886,,public,9657DBE215CE62847FA83AE6A732A7CF,B69962D2E7C6BD4BF19B56DBE23599C5
SRR33044565,2025-07-28 13:27:56,2025-04-09 09:40:21,46062,27729324,46062,602,11,,https://sra-downloadb.be-md.ncbi.nlm.nih.gov/sos7/sra-pub-zq-41/SRR033/33044/SRR33044565/SRR33044565.lite.1,SRX28310227,SECS-183-H_S196,AMPLICON,RANDOM PCR,METAGENOMIC,PAIRED,0,0,ILLUMINA,Illumina MiSeq,SRP577400,PRJNA1248021,,1248021,SRS24649340,SAMN47844257,simple,646099,human metagenome,SECS-183-H,,,,,,,no,,,,,GEORGE WASHINGTON UNIVERSITY,SRA2108886,,public,6B19954945DB0D7AA181E5936E149052,CCE91FB4D1F18DC6052655C003137D06
SRR33044500,2025-07-28 13:27:54,2025-04-09 09:39:37,23041,13864614,23041,601,6,,https://sra-downloadb.be-md.ncbi.nlm.nih.gov/sos7/sra-pub-zq-41/SRR033/33044/SRR33044500/SRR33044500.lite.1,SRX28310207,SECS-415-H_S220,AMPLICON,RANDOM PCR,METAGENOMIC,PAIRED,0,0,ILLUMINA,Illumina MiSeq,SRP577400,PRJNA1248021,,1248021,SRS24649320,SAMN47844005,simple,646099,human metagenome,SECS-415-H,,,,,,,no,,,,,GEORGE WASHINGTON UNIVERSITY,SRA2108886,,public,DC7FA44552DF87CDF961D3C688F0791B,8AECFA6425F83B8614D378B39197EF63
SRR33044489,2025-07-28 13:27:55,2025-04-09 09:39:22,38814,23294004,38814,600,10,,https://sra-downloadb.be-md.ncbi.nlm.nih.gov/sos7/sra-pub-zq-41/SRR033/33044/SRR33044489/SRR33044489.lite.1,SRX28310218,SECS-415-P_S232,AMPLICON,RANDOM PCR,METAGENOMIC,PAIRED,0,0,ILLUMINA,Illumina MiSeq,SRP577400,PRJNA1248021,,1248021,SRS24649331,SAMN47844006,simple,646099,human metagenome,SECS-415-P,,,,,,,no,,,,,GEORGE WASHINGTON UNIVERSITY,SRA2108886,,public,6CCF6633F3EE19437361EA1EFE05D5A5,5D3A802BA5F3D72FB813262140063BC6
SRR33044479,2025-07-28 13:27:54,2025-04-09 09:39:08,25848,15543665,25848,601,6,,https://sra-downloadb.be-md.ncbi.nlm.nih.gov/sos7/sra-pub-zq-41/SRR033/33044/SRR33044479/SRR33044479.lite.1,SRX28310228,SECS-436-A_S309,AMPLICON,RANDOM PCR,METAGENOMIC,PAIRED,0,0,ILLUMINA,Illumina MiSeq,SRP577400,PRJNA1248021,,1248021,SRS24649341,SAMN47844053,simple,646099,human metagenome,SECS-436-A,,,,,,,no,,,,,GEORGE WASHINGTON UNIVERSITY,SRA2108886,,public,5E21A0DDA9AE587F7F9083E9A86A340D,9A071858D30EDE8D7A89CF57C74C4E9A
SRR33044478,2025-07-28 13:27:54,2025-04-09 09:39:01,23120,13909088,23120,601,6,,https://sra-downloadb.be-md.ncbi.nlm.nih.gov/sos7/sra-pub-zq-41/SRR033/33044/SRR33044478/SRR33044478.lite.1,SRX28310229,SECS-436-E_S297,AMPLICON,RANDOM PCR,METAGENOMIC,PAIRED,0,0,ILLUMINA,Illumina MiSeq,SRP577400,PRJNA1248021,,1248021,SRS24649342,SAMN47844054,simple,646099,human metagenome,SECS-436-E,,,,,,,no,,,,,GEORGE WASHINGTON UNIVERSITY,SRA2108886,,public,A42949EE1A09E137408F14285E12CE01,0097FCCDB770FE76021CDF875C5D5B88
SRR33044477,2025-07-28 13:27:55,2025-04-09 09:39:02,25487,15332417,25487,601,6,,https://sra-downloadb.be-md.ncbi.nlm.nih.gov/sos7/sra-pub-zq-41/SRR033/33044/SRR33044477/SRR33044477.lite.1,SRX28310230,SECS-436-H_S212,AMPLICON,RANDOM PCR,METAGENOMIC,PAIRED,0,0,ILLUMINA,Illumina MiSeq,SRP577400,PRJNA1248021,,1248021,SRS24649344,SAMN47844055,simple,646099,human metagenome,SECS-436-H,,,,,,,no,,,,,GEORGE WASHINGTON UNIVERSITY,SRA2108886,,public,8E7DF69B9383D07A23F0EF0E6F5992D4,8D9AE6557D2C4E95B81116150C080B49
SRR33044476,2025-07-28 13:27:55,2025-04-09 09:39:05,24538,14762392,24538,601,6,,https://sra-downloadb.be-md.ncbi.nlm.nih.gov/sos7/sra-pub-zq-41/SRR033/33044/SRR33044476/SRR33044476.lite.1,SRX28310231,SECS-436-P_S224,AMPLICON,RANDOM PCR,METAGENOMIC,PAIRED,0,0,ILLUMINA,Illumina MiSeq,SRP577400,PRJNA1248021,,1248021,SRS24649343,SAMN47844056,simple,646099,human metagenome,SECS-436-P,,,,,,,no,,,,,GEORGE WASHINGTON UNIVERSITY,SRA2108886,,public,00C9F81599CBFB77302B4838ABF98EA3,356062EAF29DD619BE3AE67128D8C94B
SRR33044475,2025-07-28 13:27:55,2025-04-09 09:39:00,23799,14315525,23799,601,6,,https://sra-downloadb.be-md.ncbi.nlm.nih.gov/sos7/sra-pub-zq-41/SRR033/33044/SRR33044475/SRR33044475.lite.1,SRX28310232,SECS-437-A_S333,AMPLICON,RANDOM PCR,METAGENOMIC,PAIRED,0,0,ILLUMINA,Illumina MiSeq,SRP577400,PRJNA1248021,,1248021,SRS24649346,SAMN47844057,simple,646099,human metagenome,SECS-437-A,,,,,,,no,,,,,GEORGE WASHINGTON UNIVERSITY,SRA2108886,,public,372D9B475507274D76537A2C88A0AB1B,92A8DA3787235731D670689757E2F5C9
SRR33044474,2025-07-28 13:27:55,2025-04-09 09:38:50,21011,12619956,21011,600,5,,https://sra-downloadb.be-md.ncbi.nlm.nih.gov/sos7/sra-pub-zq-41/SRR033/33044/SRR33044474/SRR33044474.lite.1,SRX28310233,SECS-437-E_S321,AMPLICON,RANDOM PCR,METAGENOMIC,PAIRED,0,0,ILLUMINA,Illumina MiSeq,SRP577400,PRJNA1248021,,1248021,SRS24649345,SAMN47844058,simple,646099,human metagenome,SECS-437-E,,,,,,,no,,,,,GEORGE WASHINGTON UNIVERSITY,SRA2108886,,public,3044EBD93C883B4B449C63D6126DBA86,C22E3D2565BD21F75F8B8F0685EC6ACB
SRR33044472,2025-07-28 13:27:55,2025-04-09 09:38:51,39681,23870793,39681,601,10,,https://sra-downloadb.be-md.ncbi.nlm.nih.gov/sos7/sra-pub-zq-41/SRR033/33044/SRR33044472/SRR33044472.lite.1,SRX28310235,SECS-437-H_S236,AMPLICON,RANDOM PCR,METAGENOMIC,PAIRED,0,0,ILLUMINA,Illumina MiSeq,SRP577400,PRJNA1248021,,1248021,SRS24649348,SAMN47844059,simple,646099,human metagenome,SECS-437-H,,,,,,,no,,,,,GEORGE WASHINGTON UNIVERSITY,SRA2108886,,public,55121587BB8F2509FDDCB414FEAC98A4,CE3B73104B45F664E605ADFB8C4576E6
SRR33044471,2025-07-28 13:27:55,2025-04-09 09:38:50,34443,20707486,34443,601,9,,https://sra-downloadb.be-md.ncbi.nlm.nih.gov/sos7/sra-pub-zq-41/SRR033/33044/SRR33044471/SRR33044471.lite.1,SRX28310236,SECS-437-P_S248,AMPLICON,RANDOM PCR,METAGENOMIC,PAIRED,0,0,ILLUMINA,Illumina MiSeq,SRP577400,PRJNA1248021,,1248021,SRS24649350,SAMN47844060,simple,646099,human metagenome,SECS-437-P,,,,,,,no,,,,,GEORGE WASHINGTON UNIVERSITY,SRA2108886,,public,6C4912112B8D306596D8BB85DF29A618,D003B708AB4B4637675F955D0FA07944
SRR33044470,2025-07-28 13:27:55,2025-04-09 09:38:54,51593,31038359,51593,601,13,,https://sra-downloadb.be-md.ncbi.nlm.nih.gov/sos7/sra-pub-zq-41/SRR033/33044/SRR33044470/SRR33044470.lite.1,SRX28310237,SECS-447-A_S304,AMPLICON,RANDOM PCR,METAGENOMIC,PAIRED,0,0,ILLUMINA,Illumina MiSeq,SRP577400,PRJNA1248021,,1248021,SRS24649349,SAMN47844061,simple,646099,human metagenome,SECS-447-A,,,,,,,no,,,,,GEORGE WASHINGTON UNIVERSITY,SRA2108886,,public,B72B5D340BFF21D51301507641B8DDF7,D31661DF6FDCEB1680DB366D21DED1B5
SRR33044469,2025-07-28 13:27:56,2025-04-09 09:38:55,25975,15629774,25975,601,6,,https://sra-downloadb.be-md.ncbi.nlm.nih.gov/sos7/sra-pub-zq-41/SRR033/33044/SRR33044469/SRR33044469.lite.1,SRX28310238,SECS-447-E_S292,AMPLICON,RANDOM PCR,METAGENOMIC,PAIRED,0,0,ILLUMINA,Illumina MiSeq,SRP577400,PRJNA1248021,,1248021,SRS24649351,SAMN47844062,simple,646099,human metagenome,SECS-447-E,,,,,,,no,,,,,GEORGE WASHINGTON UNIVERSITY,SRA2108886,,public,AAF4CA94383741F90D83FD926F7005F7,FCF53977BAAC2AE52564138C72B78EFC
SRR33044468,2025-07-28 13:27:55,2025-04-09 09:38:54,22467,13516038,22467,601,5,,https://sra-downloadb.be-md.ncbi.nlm.nih.gov/sos7/sra-pub-zq-41/SRR033/33044/SRR33044468/SRR33044468.lite.1,SRX28310239,SECS-447-H_S219,AMPLICON,RANDOM PCR,METAGENOMIC,PAIRED,0,0,ILLUMINA,Illumina MiSeq,SRP577400,PRJNA1248021,,1248021,SRS24649352,SAMN47844063,simple,646099,human metagenome,SECS-447-H,,,,,,,no,,,,,GEORGE WASHINGTON UNIVERSITY,SRA2108886,,public,BFE62DB57B7C11FB7048432C8586188E,EE6511E8B3A9D846A3D2B667F33A2482
SRR33044467,2025-07-28 13:27:56,2025-04-09 09:36:17,29762,17908001,29762,601,7,,https://sra-downloadb.be-md.ncbi.nlm.nih.gov/sos7/sra-pub-zq-41/SRR033/33044/SRR33044467/SRR33044467.lite.1,SRX28310240,SECS-447-P_S231,AMPLICON,RANDOM PCR,METAGENOMIC,PAIRED,0,0,ILLUMINA,Illumina MiSeq,SRP577400,PRJNA1248021,,1248021,SRS24649353,SAMN47844064,simple,646099,human metagenome,SECS-447-P,,,,,,,no,,,,,GEORGE WASHINGTON UNIVERSITY,SRA2108886,,public,E5B0B98874C57D88BFC15EE2E0B38809,F8B409AB553D219AFB026D30477A896A
SRR33044466,2025-07-28 13:27:56,2025-04-09 09:36:11,24221,14567366,24221,601,6,,https://sra-downloadb.be-md.ncbi.nlm.nih.gov/sos7/sra-pub-zq-41/SRR033/33044/SRR33044466/SRR33044466.lite.1,SRX28310241,SECS-454-A_S375,AMPLICON,RANDOM PCR,METAGENOMIC,PAIRED,0,0,ILLUMINA,Illumina MiSeq,SRP577400,PRJNA1248021,,1248021,SRS24649354,SAMN47844065,simple,646099,human metagenome,SECS-454-A,,,,,,,no,,,,,GEORGE WASHINGTON UNIVERSITY,SRA2108886,,public,F3822E7BD01B6C75C785D338C224E27F,CCB8CB40F8AFA1C90E76C042FCDA4F59
SRR33044465,2025-07-28 13:27:56,2025-04-09 09:36:13,32851,19767532,32851,601,8,,https://sra-downloadb.be-md.ncbi.nlm.nih.gov/sos7/sra-pub-zq-41/SRR033/33044/SRR33044465/SRR33044465.lite.1,SRX28310242,SECS-454-E_S363,AMPLICON,RANDOM PCR,METAGENOMIC,PAIRED,0,0,ILLUMINA,Illumina MiSeq,SRP577400,PRJNA1248021,,1248021,SRS24649355,SAMN47844066,simple,646099,human metagenome,SECS-454-E,,,,,,,no,,,,,GEORGE WASHINGTON UNIVERSITY,SRA2108886,,public,0829D28416FD25F670904D48C2577550,4D23E120C26B05B4B382489A562586FC
SRR33044464,2025-07-28 13:27:56,2025-04-09 09:36:35,28159,16937990,28159,601,7,,https://sra-downloadb.be-md.ncbi.nlm.nih.gov/sos7/sra-pub-zq-41/SRR033/33044/SRR33044464/SRR33044464.lite.1,SRX28310243,SECS-454-H_S195,AMPLICON,RANDOM PCR,METAGENOMIC,PAIRED,0,0,ILLUMINA,Illumina MiSeq,SRP577400,PRJNA1248021,,1248021,SRS24649356,SAMN47844067,simple,646099,human metagenome,SECS-454-H,,,,,,,no,,,,,GEORGE WASHINGTON UNIVERSITY,SRA2108886,,public,F8FE67118F0E1A42968E7F51D20C39E0,A9367179AA886BC7DA84DDEA65F25CA3
SRR33044463,2025-07-28 13:27:56,2025-04-09 09:35:56,25399,15283214,25399,601,6,,https://sra-downloadb.be-md.ncbi.nlm.nih.gov/sos7/sra-pub-zq-41/SRR033/33044/SRR33044463/SRR33044463.lite.1,SRX28310244,SECS-454-P_S207,AMPLICON,RANDOM PCR,METAGENOMIC,PAIRED,0,0,ILLUMINA,Illumina MiSeq,SRP577400,PRJNA1248021,,1248021,SRS24649357,SAMN47844068,simple,646099,human metagenome,SECS-454-P,,,,,,,no,,,,,GEORGE WASHINGTON UNIVERSITY,SRA2108886,,public,44EBFB2144660082CC6A54CCCD0C7CB1,7B08AEF1D7B32BA532CAF784D931DD8D
SRR33044461,2025-07-28 13:27:56,2025-04-09 09:36:14,33964,20433330,33964,601,8,,https://sra-downloadb.be-md.ncbi.nlm.nih.gov/sos7/sra-pub-zq-41/SRR033/33044/SRR33044461/SRR33044461.lite.1,SRX28310246,SECS-465-A_S352,AMPLICON,RANDOM PCR,METAGENOMIC,PAIRED,0,0,ILLUMINA,Illumina MiSeq,SRP577400,PRJNA1248021,,1248021,SRS24649359,SAMN47844069,simple,646099,human metagenome,SECS-465-A,,,,,,,no,,,,,GEORGE WASHINGTON UNIVERSITY,SRA2108886,,public,3E4834AFE28830BBD45FA8AB31DA1394,8D3A45DE9223A2591A02B4515AA3627F
SRR33044460,2025-07-28 13:27:57,2025-04-09 09:35:57,21818,13120783,21818,601,5,,https://sra-downloadb.be-md.ncbi.nlm.nih.gov/sos7/sra-pub-zq-41/SRR033/33044/SRR33044460/SRR33044460.lite.1,SRX28310247,SECS-465-E_S340,AMPLICON,RANDOM PCR,METAGENOMIC,PAIRED,0,0,ILLUMINA,Illumina MiSeq,SRP577400,PRJNA1248021,,1248021,SRS24649360,SAMN47844070,simple,646099,human metagenome,SECS-465-E,,,,,,,no,,,,,GEORGE WASHINGTON UNIVERSITY,SRA2108886,,public,FBD5B30AE3251AF60DF4730732F0E29F,4D4A369A0064013C42FCC47EFD90264B
SRR33044459,2025-07-28 13:27:57,2025-04-09 09:35:57,21949,13204752,21949,601,5,,https://sra-downloadb.be-md.ncbi.nlm.nih.gov/sos7/sra-pub-zq-41/SRR033/33044/SRR33044459/SRR33044459.lite.1,SRX28310248,SECS-465-H_S267,AMPLICON,RANDOM PCR,METAGENOMIC,PAIRED,0,0,ILLUMINA,Illumina MiSeq,SRP577400,PRJNA1248021,,1248021,SRS24649361,SAMN47844071,simple,646099,human metagenome,SECS-465-H,,,,,,,no,,,,,GEORGE WASHINGTON UNIVERSITY,SRA2108886,,public,7841EBC9EAD39F065E58523764B5F866,5807185CCBFC58E0C9041EFF1958324C
SRR33044458,2025-07-28 13:27:57,2025-04-09 09:36:01,29303,17613700,29303,601,7,,https://sra-downloadb.be-md.ncbi.nlm.nih.gov/sos7/sra-pub-zq-41/SRR033/33044/SRR33044458/SRR33044458.lite.1,SRX28310249,SECS-465-P_S279,AMPLICON,RANDOM PCR,METAGENOMIC,PAIRED,0,0,ILLUMINA,Illumina MiSeq,SRP577400,PRJNA1248021,,1248021,SRS24649363,SAMN47844072,simple,646099,human metagenome,SECS-465-P,,,,,,,no,,,,,GEORGE WASHINGTON UNIVERSITY,SRA2108886,,public,0702B1FB7E16C20027940F189DA3B6B1,49DCC66500682730B8A437921DDA5DA0
SRR33044457,2025-07-28 13:27:57,2025-04-09 09:35:55,16828,10115716,16828,601,4,,https://sra-downloadb.be-md.ncbi.nlm.nih.gov/sos7/sra-pub-zq-41/SRR033/33044/SRR33044457/SRR33044457.lite.1,SRX28310250,SECS-482-A_S327,AMPLICON,RANDOM PCR,METAGENOMIC,PAIRED,0,0,ILLUMINA,Illumina MiSeq,SRP577400,PRJNA1248021,,1248021,SRS24649362,SAMN47844073,simple,646099,human metagenome,SECS-482-A,,,,,,,no,,,,,GEORGE WASHINGTON UNIVERSITY,SRA2108886,,public,9A41792970E685782025DDD830870E42,31CEFB6FC3765D3516FBFDA938EE7DB1
SRR33044456,2025-07-28 13:27:57,2025-04-09 09:36:11,27053,16278203,27053,601,7,,https://sra-downloadb.be-md.ncbi.nlm.nih.gov/sos7/sra-pub-zq-41/SRR033/33044/SRR33044456/SRR33044456.lite.1,SRX28310251,SECS-482-H_S242,AMPLICON,RANDOM PCR,METAGENOMIC,PAIRED,0,0,ILLUMINA,Illumina MiSeq,SRP577400,PRJNA1248021,,1248021,SRS24649364,SAMN47844074,simple,646099,human metagenome,SECS-482-H,,,,,,,no,,,,,GEORGE WASHINGTON UNIVERSITY,SRA2108886,,public,D023757F50A8999E09FE29724539072A,3E4EE900957B7169B7359612A5B5328D
SRR33044455,2025-07-28 13:27:57,2025-04-09 09:36:02,33408,20097053,33408,601,8,,https://sra-downloadb.be-md.ncbi.nlm.nih.gov/sos7/sra-pub-zq-41/SRR033/33044/SRR33044455/SRR33044455.lite.1,SRX28310252,SECS-482-P_S254,AMPLICON,RANDOM PCR,METAGENOMIC,PAIRED,0,0,ILLUMINA,Illumina MiSeq,SRP577400,PRJNA1248021,,1248021,SRS24649365,SAMN47844075,simple,646099,human metagenome,SECS-482-P,,,,,,,no,,,,,GEORGE WASHINGTON UNIVERSITY,SRA2108886,,public,D6BE486E13C82DF13A4662B9F2E159C0,FF5DED858A70026D7397CF4853D66037
SRR33044454,2025-07-28 13:27:57,2025-04-09 09:36:00,27350,16447508,27350,601,7,,https://sra-downloadb.be-md.ncbi.nlm.nih.gov/sos7/sra-pub-zq-41/SRR033/33044/SRR33044454/SRR33044454.lite.1,SRX28310253,SECS-491-A_S353,AMPLICON,RANDOM PCR,METAGENOMIC,PAIRED,0,0,ILLUMINA,Illumina MiSeq,SRP577400,PRJNA1248021,,1248021,SRS24649367,SAMN47844076,simple,646099,human metagenome,SECS-491-A,,,,,,,no,,,,,GEORGE WASHINGTON UNIVERSITY,SRA2108886,,public,7E5D9C100A2F6736FCCBC0D188352EAB,09BDBA7EAAAA9B0ED46FC95267766E05
SRR33044453,2025-07-28 13:27:57,2025-04-09 09:35:57,21727,13064178,21727,601,5,,https://sra-downloadb.be-md.ncbi.nlm.nih.gov/sos7/sra-pub-zq-41/SRR033/33044/SRR33044453/SRR33044453.lite.1,SRX28310254,SECS-491-E_S341,AMPLICON,RANDOM PCR,METAGENOMIC,PAIRED,0,0,ILLUMINA,Illumina MiSeq,SRP577400,PRJNA1248021,,1248021,SRS24649366,SAMN47844077,simple,646099,human metagenome,SECS-491-E,,,,,,,no,,,,,GEORGE WASHINGTON UNIVERSITY,SRA2108886,,public,96FBDC06ADA5035A47233FF687B13A7C,579B594F7CCCC532D019D0BBF3B20785
SRR33044536,2025-07-28 13:27:57,2025-04-09 09:40:01,26135,15715752,26135,601,6,,https://sra-downloadb.be-md.ncbi.nlm.nih.gov/sos7/sra-pub-zq-41/SRR033/33044/SRR33044536/SRR33044536.lite.1,SRX28310255,SECS-491-H_S268,AMPLICON,RANDOM PCR,METAGENOMIC,PAIRED,0,0,ILLUMINA,Illumina MiSeq,SRP577400,PRJNA1248021,,1248021,SRS24649368,SAMN47844078,simple,646099,human metagenome,SECS-491-H,,,,,,,no,,,,,GEORGE WASHINGTON UNIVERSITY,SRA2108886,,public,467F8C8A6EA087ACA257FF8C39B53EC8,6D6FEDF54A1479A94F486F122CC5722C
SRR33044511,2025-07-28 13:27:52,2025-04-09 09:39:51,34331,20650444,34331,601,9,,https://sra-downloadb.be-md.ncbi.nlm.nih.gov/sos7/sra-pub-zq-41/SRR033/33044/SRR33044511/SRR33044511.lite.1,SRX28310196,SECS_614_P-259_S259,AMPLICON,RANDOM PCR,METAGENOMIC,PAIRED,0,0,ILLUMINA,Illumina MiSeq,SRP577400,PRJNA1248021,,1248021,SRS24649309,SAMN47844203,simple,646099,human metagenome,SECS_614_P-259,,,,,,,no,,,,,GEORGE WASHINGTON UNIVERSITY,SRA2108886,,public,A4DCA2F1034AAB3AB1C93331FBDC3CD4,DD19E7D179389F04849F1A1244C7F08E
SRR33044510,2025-07-28 13:27:53,2025-04-09 09:39:47,24968,14993075,24968,600,6,,https://sra-downloadb.be-md.ncbi.nlm.nih.gov/sos7/sra-pub-zq-41/SRR033/33044/SRR33044510/SRR33044510.lite.1,SRX28310197,SECS_635_A-12_S12,AMPLICON,RANDOM PCR,METAGENOMIC,PAIRED,0,0,ILLUMINA,Illumina MiSeq,SRP577400,PRJNA1248021,,1248021,SRS24649310,SAMN47844204,simple,646099,human metagenome,SECS_635_A-12,,,,,,,no,,,,,GEORGE WASHINGTON UNIVERSITY,SRA2108886,,public,1964E101FE65C3303D95EC10531DCEC7,19E9219382CC2B98D31546757E0B2014
SRR33044509,2025-07-28 13:27:53,2025-04-09 09:39:50,20173,12069245,20173,598,5,,https://sra-downloadb.be-md.ncbi.nlm.nih.gov/sos7/sra-pub-zq-41/SRR033/33044/SRR33044509/SRR33044509.lite.1,SRX28310198,SECS_635_E-24_S24,AMPLICON,RANDOM PCR,METAGENOMIC,PAIRED,0,0,ILLUMINA,Illumina MiSeq,SRP577400,PRJNA1248021,,1248021,SRS24649311,SAMN47844205,simple,646099,human metagenome,SECS_635_E-24,,,,,,,no,,,,,GEORGE WASHINGTON UNIVERSITY,SRA2108886,,public,43E3645E95FCB0E3EA85C74616FDC8D5,BD865F99F86D81ED500AD484222E4A02
SRR33044677,2025-07-28 13:27:53,2025-04-09 09:40:26,24466,14357546,24466,586,6,,https://sra-downloadb.be-md.ncbi.nlm.nih.gov/sos7/sra-pub-zq-41/SRR033/33044/SRR33044677/SRR33044677.lite.1,SRX28310199,SECS_635_H-268_S268,AMPLICON,RANDOM PCR,METAGENOMIC,PAIRED,0,0,ILLUMINA,Illumina MiSeq,SRP577400,PRJNA1248021,,1248021,SRS24649312,SAMN47844206,simple,646099,human metagenome,SECS_635_H-268,,,,,,,no,,,,,GEORGE WASHINGTON UNIVERSITY,SRA2108886,,public,4E628C0BB47C5818557717ACA1A3677A,1861AA79505AE31D682AC67789910079
SRR33044507,2025-07-28 13:27:53,2025-04-09 09:39:43,20489,12315225,20489,601,5,,https://sra-downloadb.be-md.ncbi.nlm.nih.gov/sos7/sra-pub-zq-41/SRR033/33044/SRR33044507/SRR33044507.lite.1,SRX28310200,SECS_721_E-277_S277,AMPLICON,RANDOM PCR,METAGENOMIC,PAIRED,0,0,ILLUMINA,Illumina MiSeq,SRP577400,PRJNA1248021,,1248021,SRS24649313,SAMN47844232,simple,646099,human metagenome,SECS_721_E-277,,,,,,,no,,,,,GEORGE WASHINGTON UNIVERSITY,SRA2108886,,public,761F8D183853F9598FA3CA804EAEA494,46A9D593D6C5D09877F97DCE7053F35A
SRR33044506,2025-07-28 13:27:53,2025-04-09 09:39:56,23666,14237758,23666,601,6,,https://sra-downloadb.be-md.ncbi.nlm.nih.gov/sos7/sra-pub-zq-41/SRR033/33044/SRR33044506/SRR33044506.lite.1,SRX28310201,SECS_721_H-234_S234,AMPLICON,RANDOM PCR,METAGENOMIC,PAIRED,0,0,ILLUMINA,Illumina MiSeq,SRP577400,PRJNA1248021,,1248021,SRS24649315,SAMN47844233,simple,646099,human metagenome,SECS_721_H-234,,,,,,,no,,,,,GEORGE WASHINGTON UNIVERSITY,SRA2108886,,public,A89B942F888907FA3DE7CDA0510D9E3B,3A205EACC06FD68CBF3FF45B01BD5585
SRR33044505,2025-07-28 13:27:53,2025-04-09 09:39:37,22751,13687496,22751,601,6,,https://sra-downloadb.be-md.ncbi.nlm.nih.gov/sos7/sra-pub-zq-41/SRR033/33044/SRR33044505/SRR33044505.lite.1,SRX28310202,SECS_721_P-246_S246,AMPLICON,RANDOM PCR,METAGENOMIC,PAIRED,0,0,ILLUMINA,Illumina MiSeq,SRP577400,PRJNA1248021,,1248021,SRS24649314,SAMN47844234,simple,646099,human metagenome,SECS_721_P-246,,,,,,,no,,,,,GEORGE WASHINGTON UNIVERSITY,SRA2108886,,public,E4FD2C740CAB00A4E9A59AE644AE240E,E39C571D8C624FB989E72E5D56B0DCA6
SRR33044504,2025-07-28 13:27:53,2025-04-09 09:39:39,18429,11086390,18429,601,5,,https://sra-downloadb.be-md.ncbi.nlm.nih.gov/sos7/sra-pub-zq-41/SRR033/33044/SRR33044504/SRR33044504.lite.1,SRX28310203,SECS_727_H_JES-201_S201,AMPLICON,RANDOM PCR,METAGENOMIC,PAIRED,0,0,ILLUMINA,Illumina MiSeq,SRP577400,PRJNA1248021,,1248021,SRS24649316,SAMN47844235,simple,646099,human metagenome,SECS_727_H_JES-201,,,,,,,no,,,,,GEORGE WASHINGTON UNIVERSITY,SRA2108886,,public,18A47A8E5981754F19329DDB233BC20C,A0BC0FC9DDA9B3E3F428AA1DD37E5E44
SRR33044503,2025-07-28 13:27:54,2025-04-09 09:39:36,19063,11467671,19063,601,5,,https://sra-downloadb.be-md.ncbi.nlm.nih.gov/sos7/sra-pub-zq-41/SRR033/33044/SRR33044503/SRR33044503.lite.1,SRX28310204,SECS_727_P_JES-213_S213,AMPLICON,RANDOM PCR,METAGENOMIC,PAIRED,0,0,ILLUMINA,Illumina MiSeq,SRP577400,PRJNA1248021,,1248021,SRS24649317,SAMN47844236,simple,646099,human metagenome,SECS_727_P_JES-213,,,,,,,no,,,,,GEORGE WASHINGTON UNIVERSITY,SRA2108886,,public,00DC6EFAE64CCDCB3F8D06FF0998A4DD,B15E2F930FDC73FDE90973B6C76F444C
SRR33044502,2025-07-28 13:27:54,2025-04-09 09:39:44,21540,12954738,21540,601,6,,https://sra-downloadb.be-md.ncbi.nlm.nih.gov/sos7/sra-pub-zq-41/SRR033/33044/SRR33044502/SRR33044502.lite.1,SRX28310205,SECS_729_P_JES-237_S237,AMPLICON,RANDOM PCR,METAGENOMIC,PAIRED,0,0,ILLUMINA,Illumina MiSeq,SRP577400,PRJNA1248021,,1248021,SRS24649318,SAMN47844237,simple,646099,human metagenome,SECS_729_P_JES-237,,,,,,,no,,,,,GEORGE WASHINGTON UNIVERSITY,SRA2108886,,public,72248D548B0305C238B4A651365BDD89,87FDBC24FC04B9BCEA13431435675054
SRR33044501,2025-07-28 13:27:54,2025-04-09 09:39:38,18940,11393228,18940,601,5,,https://sra-downloadb.be-md.ncbi.nlm.nih.gov/sos7/sra-pub-zq-41/SRR033/33044/SRR33044501/SRR33044501.lite.1,SRX28310206,SECS_732_H_JES-249_S249,AMPLICON,RANDOM PCR,METAGENOMIC,PAIRED,0,0,ILLUMINA,Illumina MiSeq,SRP577400,PRJNA1248021,,1248021,SRS24649319,SAMN47844238,simple,646099,human metagenome,SECS_732_H_JES-249,,,,,,,no,,,,,GEORGE WASHINGTON UNIVERSITY,SRA2108886,,public,AC0B7B3EA2D46FB4117EC29ABECECBF6,68473A5684CAB3B4E825613768959C38
SRR33044499,2025-07-28 13:27:54,2025-04-09 09:39:38,24812,14926252,24812,601,6,,https://sra-downloadb.be-md.ncbi.nlm.nih.gov/sos7/sra-pub-zq-41/SRR033/33044/SRR33044499/SRR33044499.lite.1,SRX28310208,SECS_732_P_JES-261_S261,AMPLICON,RANDOM PCR,METAGENOMIC,PAIRED,0,0,ILLUMINA,Illumina MiSeq,SRP577400,PRJNA1248021,,1248021,SRS24649321,SAMN47844239,simple,646099,human metagenome,SECS_732_P_JES-261,,,,,,,no,,,,,GEORGE WASHINGTON UNIVERSITY,SRA2108886,,public,747C00DF401FD533D48BC8DC630A06ED,557A59F2068D3DC68058C85E68B88C7F
SRR33044498,2025-07-28 13:27:54,2025-04-09 09:39:32,21627,13004821,21627,601,6,,https://sra-downloadb.be-md.ncbi.nlm.nih.gov/sos7/sra-pub-zq-41/SRR033/33044/SRR33044498/SRR33044498.lite.1,SRX28310209,SECS_736_H_JES-202_S202,AMPLICON,RANDOM PCR,METAGENOMIC,PAIRED,0,0,ILLUMINA,Illumina MiSeq,SRP577400,PRJNA1248021,,1248021,SRS24649322,SAMN47844240,simple,646099,human metagenome,SECS_736_H_JES-202,,,,,,,no,,,,,GEORGE WASHINGTON UNIVERSITY,SRA2108886,,public,5DC112E041F95249E05C91BF89462FA6,4ADE143EB37E927C5451F08B9AA9A823
SRR33044497,2025-07-28 13:27:54,2025-04-09 09:39:27,15827,9518360,15827,601,4,,https://sra-downloadb.be-md.ncbi.nlm.nih.gov/sos7/sra-pub-zq-41/SRR033/33044/SRR33044497/SRR33044497.lite.1,SRX28310210,SECS_736_P_JES-214_S214,AMPLICON,RANDOM PCR,METAGENOMIC,PAIRED,0,0,ILLUMINA,Illumina MiSeq,SRP577400,PRJNA1248021,,1248021,SRS24649323,SAMN47844241,simple,646099,human metagenome,SECS_736_P_JES-214,,,,,,,no,,,,,GEORGE WASHINGTON UNIVERSITY,SRA2108886,,public,35F8073A44743C69129136484F717E2B,3C3DD6D8E26501D41E98281B9B7F9679
SRR33044496,2025-07-28 13:27:54,2025-04-09 09:39:32,22900,13763214,22900,601,6,,https://sra-downloadb.be-md.ncbi.nlm.nih.gov/sos7/sra-pub-zq-41/SRR033/33044/SRR33044496/SRR33044496.lite.1,SRX28310211,SECS_739_P-273_S273,AMPLICON,RANDOM PCR,METAGENOMIC,PAIRED,0,0,ILLUMINA,Illumina MiSeq,SRP577400,PRJNA1248021,,1248021,SRS24649324,SAMN47844242,simple,646099,human metagenome,SECS_739_P-273,,,,,,,no,,,,,GEORGE WASHINGTON UNIVERSITY,SRA2108886,,public,92B0457062FDA6D6180D006CD2BA02DE,F666CA2308B6CFF72BABECF1447F4E7A
SRR33044495,2025-07-28 13:27:55,2025-04-09 09:39:33,29740,17891084,29740,601,8,,https://sra-downloadb.be-md.ncbi.nlm.nih.gov/sos7/sra-pub-zq-41/SRR033/33044/SRR33044495/SRR33044495.lite.1,SRX28310212,SECS_740_P_JES-226_S226,AMPLICON,RANDOM PCR,METAGENOMIC,PAIRED,0,0,ILLUMINA,Illumina MiSeq,SRP577400,PRJNA1248021,,1248021,SRS24649325,SAMN47844243,simple,646099,human metagenome,SECS_740_P_JES-226,,,,,,,no,,,,,GEORGE WASHINGTON UNIVERSITY,SRA2108886,,public,57048B00AB4FD7B5DC4488C593643A88,B8DD76B2B0A956A4CFB79B68D17F54E5
SRR33044494,2025-07-28 13:27:55,2025-04-09 09:39:35,31893,19182283,31893,601,8,,https://sra-downloadb.be-md.ncbi.nlm.nih.gov/sos7/sra-pub-zq-41/SRR033/33044/SRR33044494/SRR33044494.lite.1,SRX28310213,SECS_741_P_JES-285_S285,AMPLICON,RANDOM PCR,METAGENOMIC,PAIRED,0,0,ILLUMINA,Illumina MiSeq,SRP577400,PRJNA1248021,,1248021,SRS24649326,SAMN47844244,simple,646099,human metagenome,SECS_741_P_JES-285,,,,,,,no,,,,,GEORGE WASHINGTON UNIVERSITY,SRA2108886,,public,2B10D5FE9E1B20CF84BBBA756E12A4BC,A6AC6013D96590E4C3F23CFD2769AC79
SRR33044493,2025-07-28 13:27:55,2025-04-09 09:39:28,21741,13067824,21741,601,6,,https://sra-downloadb.be-md.ncbi.nlm.nih.gov/sos7/sra-pub-zq-41/SRR033/33044/SRR33044493/SRR33044493.lite.1,SRX28310214,SECS_911_A-18_S18,AMPLICON,RANDOM PCR,METAGENOMIC,PAIRED,0,0,ILLUMINA,Illumina MiSeq,SRP577400,PRJNA1248021,,1248021,SRS24649327,SAMN47844245,simple,646099,human metagenome,SECS_911_A-18,,,,,,,no,,,,,GEORGE WASHINGTON UNIVERSITY,SRA2108886,,public,4E7FD98B64C947C7D1CC7E93BD666695,5BAC6CE99C73D06EA66F36D0D707A556
SRR33044492,2025-07-28 13:27:55,2025-04-09 09:39:27,22605,13520646,22605,598,6,,https://sra-downloadb.be-md.ncbi.nlm.nih.gov/sos7/sra-pub-zq-41/SRR033/33044/SRR33044492/SRR33044492.lite.1,SRX28310215,SECS_911_E-6_S6,AMPLICON,RANDOM PCR,METAGENOMIC,PAIRED,0,0,ILLUMINA,Illumina MiSeq,SRP577400,PRJNA1248021,,1248021,SRS24649328,SAMN47844246,simple,646099,human metagenome,SECS_911_E-6,,,,,,,no,,,,,GEORGE WASHINGTON UNIVERSITY,SRA2108886,,public,905417A41BCE4A741C5D1819E2A16B53,B0C6C328BE005146B7E0902CC94D2036
SRR33044491,2025-07-28 13:27:55,2025-04-09 09:39:27,24462,14710248,24462,601,7,,https://sra-downloadb.be-md.ncbi.nlm.nih.gov/sos7/sra-pub-zq-41/SRR033/33044/SRR33044491/SRR33044491.lite.1,SRX28310216,SECS_911_H-54_S54,AMPLICON,RANDOM PCR,METAGENOMIC,PAIRED,0,0,ILLUMINA,Illumina MiSeq,SRP577400,PRJNA1248021,,1248021,SRS24649329,SAMN47844247,simple,646099,human metagenome,SECS_911_H-54,,,,,,,no,,,,,GEORGE WASHINGTON UNIVERSITY,SRA2108886,,public,3ECAB1819D6B32BFF09CA9F946EC98F3,3D057A4A5A8381539894E2D6471F670D
SRR33044490,2025-07-28 13:27:55,2025-04-09 09:39:23,22838,13739703,22838,601,6,,https://sra-downloadb.be-md.ncbi.nlm.nih.gov/sos7/sra-pub-zq-41/SRR033/33044/SRR33044490/SRR33044490.lite.1,SRX28310217,SECS_911_P-66_S66,AMPLICON,RANDOM PCR,METAGENOMIC,PAIRED,0,0,ILLUMINA,Illumina MiSeq,SRP577400,PRJNA1248021,,1248021,SRS24649330,SAMN47844248,simple,646099,human metagenome,SECS_911_P-66,,,,,,,no,,,,,GEORGE WASHINGTON UNIVERSITY,SRA2108886,,public,81E79C7A5292F8D0DB3D14775441C6EF,29E6433C150900B01FCEED5B03A92AFD
SRR33044488,2025-07-28 13:27:56,2025-04-09 09:39:19,22373,13460143,22373,601,6,,https://sra-downloadb.be-md.ncbi.nlm.nih.gov/sos7/sra-pub-zq-41/SRR033/33044/SRR33044488/SRR33044488.lite.1,SRX28310219,SECS_922_A-42_S42,AMPLICON,RANDOM PCR,METAGENOMIC,PAIRED,0,0,ILLUMINA,Illumina MiSeq,SRP577400,PRJNA1248021,,1248021,SRS24649332,SAMN47844249,simple,646099,human metagenome,SECS_922_A-42,,,,,,,no,,,,,GEORGE WASHINGTON UNIVERSITY,SRA2108886,,public,C8C530B1D73AD4A0FAAB4F238F6743D6,2031F84F2B43A4B34E9FDD348EC9F26B
SRR33044487,2025-07-28 13:27:56,2025-04-09 09:39:18,25524,15342980,25524,601,7,,https://sra-downloadb.be-md.ncbi.nlm.nih.gov/sos7/sra-pub-zq-41/SRR033/33044/SRR33044487/SRR33044487.lite.1,SRX28310220,SECS_922_E_Sulcus-30_S30,AMPLICON,RANDOM PCR,METAGENOMIC,PAIRED,0,0,ILLUMINA,Illumina MiSeq,SRP577400,PRJNA1248021,,1248021,SRS24649333,SAMN47844250,simple,646099,human metagenome,SECS_922_E_Sulcus-30,,,,,,,no,,,,,GEORGE WASHINGTON UNIVERSITY,SRA2108886,,public,0F326AEAB9FC80238F24F7EB0CAD84E3,A0E0F07D10B1EC61F95E38C2C50DF715
SRR33044486,2025-07-28 13:27:56,2025-04-09 09:39:16,19919,11984690,19919,601,5,,https://sra-downloadb.be-md.ncbi.nlm.nih.gov/sos7/sra-pub-zq-41/SRR033/33044/SRR33044486/SRR33044486.lite.1,SRX28310221,SECS_922_H-7_S7,AMPLICON,RANDOM PCR,METAGENOMIC,PAIRED,0,0,ILLUMINA,Illumina MiSeq,SRP577400,PRJNA1248021,,1248021,SRS24649334,SAMN47844251,simple,646099,human metagenome,SECS_922_H-7,,,,,,,no,,,,,GEORGE WASHINGTON UNIVERSITY,SRA2108886,,public,7EC1F2EAA6A6A2BFADD518B813F5C04C,0FF62C58B2080EA303391D868570DDA0
SRR33044485,2025-07-28 13:27:56,2025-04-09 09:39:17,22336,13424498,22336,601,6,,https://sra-downloadb.be-md.ncbi.nlm.nih.gov/sos7/sra-pub-zq-41/SRR033/33044/SRR33044485/SRR33044485.lite.1,SRX28310222,SECS_922_P-19_S19,AMPLICON,RANDOM PCR,METAGENOMIC,PAIRED,0,0,ILLUMINA,Illumina MiSeq,SRP577400,PRJNA1248021,,1248021,SRS24649335,SAMN47844252,simple,646099,human metagenome,SECS_922_P-19,,,,,,,no,,,,,GEORGE WASHINGTON UNIVERSITY,SRA2108886,,public,52C3AB00F7C0D49D92357B7F38CB44AC,2B17CFC274DCCD47477CBDB1F5895DD6
SRR33044484,2025-07-28 13:27:56,2025-04-09 09:39:09,19051,11454574,19051,601,5,,https://sra-downloadb.be-md.ncbi.nlm.nih.gov/sos7/sra-pub-zq-41/SRR033/33044/SRR33044484/SRR33044484.lite.1,SRX28310223,SECS_964_A-88_S88,AMPLICON,RANDOM PCR,METAGENOMIC,PAIRED,0,0,ILLUMINA,Illumina MiSeq,SRP577400,PRJNA1248021,,1248021,SRS24649336,SAMN47844253,simple,646099,human metagenome,SECS_964_A-88,,,,,,,no,,,,,GEORGE WASHINGTON UNIVERSITY,SRA2108886,,public,13B8220877624B173B6B0E4684C01FBE,9CEEAA5D703EF378F335EDE5B96A5210
SRR33044483,2025-07-28 13:27:56,2025-04-09 09:39:08,18855,11343658,18855,601,5,,https://sra-downloadb.be-md.ncbi.nlm.nih.gov/sos7/sra-pub-zq-41/SRR033/33044/SRR33044483/SRR33044483.lite.1,SRX28310224,SECS_964_E_Sulcus-76_S76,AMPLICON,RANDOM PCR,METAGENOMIC,PAIRED,0,0,ILLUMINA,Illumina MiSeq,SRP577400,PRJNA1248021,,1248021,SRS24649337,SAMN47844254,simple,646099,human metagenome,SECS_964_E_Sulcus-76,,,,,,,no,,,,,GEORGE WASHINGTON UNIVERSITY,SRA2108886,,public,62EEDF829A9C74C82306C76828E038E3,5DABC1717BF5076497DAC543E943E922
SRR33044482,2025-07-28 13:27:56,2025-04-09 09:39:05,20591,12382881,20591,601,5,,https://sra-downloadb.be-md.ncbi.nlm.nih.gov/sos7/sra-pub-zq-41/SRR033/33044/SRR33044482/SRR33044482.lite.1,SRX28310225,SECS_964_H-31_S31,AMPLICON,RANDOM PCR,METAGENOMIC,PAIRED,0,0,ILLUMINA,Illumina MiSeq,SRP577400,PRJNA1248021,,1248021,SRS24649338,SAMN47844255,simple,646099,human metagenome,SECS_964_H-31,,,,,,,no,,,,,GEORGE WASHINGTON UNIVERSITY,SRA2108886,,public,5ABAFE911418DA41558072360ECE9808,3B4500BD68D6702B87883E2E71B33782
SRR33044481,2025-07-28 13:27:56,2025-04-09 09:39:08,18514,11140362,18514,601,5,,https://sra-downloadb.be-md.ncbi.nlm.nih.gov/sos7/sra-pub-zq-41/SRR033/33044/SRR33044481/SRR33044481.lite.1,SRX28310226,SECS_964_P-43_S43,AMPLICON,RANDOM PCR,METAGENOMIC,PAIRED,0,0,ILLUMINA,Illumina MiSeq,SRP577400,PRJNA1248021,,1248021,SRS24649339,SAMN47844256,simple,646099,human metagenome,SECS_964_P-43,,,,,,,no,,,,,GEORGE WASHINGTON UNIVERSITY,SRA2108886,,public,D26F34762E7246B0AD6D039FE895925B,7CDE775F2E6A8626CD7A0F982612D580
SRR33044568,2025-07-28 13:27:49,2025-04-09 09:40:45,33511,20159739,33511,601,8,,https://sra-downloadb.be-md.ncbi.nlm.nih.gov/sos7/sra-pub-zq-41/SRR033/33044/SRR33044568/SRR33044568.lite.1,SRX28310140,SECS-142-H_S218,AMPLICON,RANDOM PCR,METAGENOMIC,PAIRED,0,0,ILLUMINA,Illumina MiSeq,SRP577400,PRJNA1248021,,1248021,SRS24649253,SAMN47843981,simple,646099,human metagenome,SECS-142-H,,,,,,,no,,,,,GEORGE WASHINGTON UNIVERSITY,SRA2108886,,public,BB23191604F8945F4D64471360C5A2D8,75FD50616DFC4CF4204F1C5C1DA5BA38
SRR33044557,2025-07-28 13:27:50,2025-04-09 09:40:05,32665,19644226,32665,601,8,,https://sra-downloadb.be-md.ncbi.nlm.nih.gov/sos7/sra-pub-zq-41/SRR033/33044/SRR33044557/SRR33044557.lite.1,SRX28310151,SECS-142-P_S230,AMPLICON,RANDOM PCR,METAGENOMIC,PAIRED,0,0,ILLUMINA,Illumina MiSeq,SRP577400,PRJNA1248021,,1248021,SRS24649264,SAMN47843982,simple,646099,human metagenome,SECS-142-P,,,,,,,no,,,,,GEORGE WASHINGTON UNIVERSITY,SRA2108886,,public,15A403083899832D90C758D022F0DDC7,BE0449C6CF89854BA6C7969AC1517326
SRR33044546,2025-07-28 13:27:51,2025-04-09 09:40:01,44184,26575031,44184,601,11,,https://sra-downloadb.be-md.ncbi.nlm.nih.gov/sos7/sra-pub-zq-41/SRR033/33044/SRR33044546/SRR33044546.lite.1,SRX28310162,SECS-154-A_S302,AMPLICON,RANDOM PCR,METAGENOMIC,PAIRED,0,0,ILLUMINA,Illumina MiSeq,SRP577400,PRJNA1248021,,1248021,SRS24649275,SAMN47843983,simple,646099,human metagenome,SECS-154-A,,,,,,,no,,,,,GEORGE WASHINGTON UNIVERSITY,SRA2108886,,public,F112332D4083A7529D0352383953B37C,6DFFAC1F2968103C76524116051491A5
SRR33044567,2025-07-28 13:27:50,2025-04-09 09:40:16,23910,14380580,23910,601,6,,https://sra-downloadb.be-md.ncbi.nlm.nih.gov/sos7/sra-pub-zq-41/SRR033/33044/SRR33044567/SRR33044567.lite.1,SRX28310141,SECS-213-H_S299,AMPLICON,RANDOM PCR,METAGENOMIC,PAIRED,0,0,ILLUMINA,Illumina MiSeq,SRP577400,PRJNA1248021,,1248021,SRS24649254,SAMN47843999,simple,646099,human metagenome,SECS-213-H,,,,,,,no,,,,,GEORGE WASHINGTON UNIVERSITY,SRA2108886,,public,7146D15B04203E98FFAD74B74C9E7817,08A4671854089E5EF86B8B5A6602E2CB
SRR33044527,2025-07-28 13:27:54,2025-04-09 09:39:56,26668,16045407,26668,601,6,,https://sra-downloadb.be-md.ncbi.nlm.nih.gov/sos7/sra-pub-zq-41/SRR033/33044/SRR33044527/SRR33044527.lite.1,SRX28310180,SECS-213-P-1-10_S311,AMPLICON,RANDOM PCR,METAGENOMIC,PAIRED,0,0,ILLUMINA,Illumina MiSeq,SRP577400,PRJNA1248021,,1248021,SRS24649294,SAMN47844000,simple,646099,human metagenome,SECS-213-P-1-10,,,,,,,no,,,,,GEORGE WASHINGTON UNIVERSITY,SRA2108886,,public,FFB91390B4A9EBE4981831A480408EAE,B3AD94982B63630C4D25EBE20C8E20AB
SRR33044516,2025-07-28 13:27:52,2025-04-09 09:39:54,19272,11594747,19272,601,4,,https://sra-downloadb.be-md.ncbi.nlm.nih.gov/sos7/sra-pub-zq-41/SRR033/33044/SRR33044516/SRR33044516.lite.1,SRX28310191,SECS-214-A_S23,AMPLICON,RANDOM PCR,METAGENOMIC,PAIRED,0,0,ILLUMINA,Illumina MiSeq,SRP577400,PRJNA1248021,,1248021,SRS24649304,SAMN47844001,simple,646099,human metagenome,SECS-214-A,,,,,,,no,,,,,GEORGE WASHINGTON UNIVERSITY,SRA2108886,,public,52833315026F6A5978A897E43D894A58,AD1489214D8DA05142B7AB3F103F9EBD
SRR33044564,2025-07-28 13:27:50,2025-04-09 09:40:06,44621,26861842,44621,602,11,,https://sra-downloadb.be-md.ncbi.nlm.nih.gov/sos7/sra-pub-zq-41/SRR033/33044/SRR33044564/SRR33044564.lite.1,SRX28310144,SECS-224-H_S256,AMPLICON,RANDOM PCR,METAGENOMIC,PAIRED,0,0,ILLUMINA,Illumina MiSeq,SRP577400,PRJNA1248021,,1248021,SRS24649257,SAMN47844258,simple,646099,human metagenome,SECS-224-H,,,,,,,no,,,,,GEORGE WASHINGTON UNIVERSITY,SRA2108886,,public,3B314591E8B1D4F41D27EBCE9344DB01,629E5EC24FF5E201BD73468EFCDF327E
SRR33044562,2025-07-28 13:27:50,2025-04-09 09:40:07,44320,26680640,44320,602,11,,https://sra-downloadb.be-md.ncbi.nlm.nih.gov/sos7/sra-pub-zq-41/SRR033/33044/SRR33044562/SRR33044562.lite.1,SRX28310146,SECS-224-P_S268,AMPLICON,RANDOM PCR,METAGENOMIC,PAIRED,0,0,ILLUMINA,Illumina MiSeq,SRP577400,PRJNA1248021,,1248021,SRS24649259,SAMN47844259,simple,646099,human metagenome,SECS-224-P,,,,,,,no,,,,,GEORGE WASHINGTON UNIVERSITY,SRA2108886,,public,5F8EF9354207A6E201E340FFA66C9BCA,3A637345B39BB8F8FF3FC92356139FA9
SRR33044563,2025-07-28 13:27:50,2025-04-09 09:40:12,20196,12148972,20196,601,5,,https://sra-downloadb.be-md.ncbi.nlm.nih.gov/sos7/sra-pub-zq-41/SRR033/33044/SRR33044563/SRR33044563.lite.1,SRX28310145,SECS-416-A_S329,AMPLICON,RANDOM PCR,METAGENOMIC,PAIRED,0,0,ILLUMINA,Illumina MiSeq,SRP577400,PRJNA1248021,,1248021,SRS24649258,SAMN47844007,simple,646099,human metagenome,SECS-416-A,,,,,,,no,,,,,GEORGE WASHINGTON UNIVERSITY,SRA2108886,,public,928E61B7F96E9FBB75AF5DD5804EB2AE,33CA65C796DDA2247E5F704E49909569
SRR33044558,2025-07-28 13:27:51,2025-04-09 09:40:16,23136,13921742,23136,601,6,,https://sra-downloadb.be-md.ncbi.nlm.nih.gov/sos7/sra-pub-zq-41/SRR033/33044/SRR33044558/SRR33044558.lite.1,SRX28310150,SECS-416-E_S317,AMPLICON,RANDOM PCR,METAGENOMIC,PAIRED,0,0,ILLUMINA,Illumina MiSeq,SRP577400,PRJNA1248021,,1248021,SRS24649263,SAMN47844008,simple,646099,human metagenome,SECS-416-E,,,,,,,no,,,,,GEORGE WASHINGTON UNIVERSITY,SRA2108886,,public,D10B2D6AF15F7839C3730464EAD11426,7D58864F2397FFF46B55C9A9C2EA8B32
SRR33044556,2025-07-28 13:27:50,2025-04-09 09:40:01,30871,18570251,30871,601,8,,https://sra-downloadb.be-md.ncbi.nlm.nih.gov/sos7/sra-pub-zq-41/SRR033/33044/SRR33044556/SRR33044556.lite.1,SRX28310152,SECS-416-H_S244,AMPLICON,RANDOM PCR,METAGENOMIC,PAIRED,0,0,ILLUMINA,Illumina MiSeq,SRP577400,PRJNA1248021,,1248021,SRS24649265,SAMN47844009,simple,646099,human metagenome,SECS-416-H,,,,,,,no,,,,,GEORGE WASHINGTON UNIVERSITY,SRA2108886,,public,CAF345C823A9F554E9B2D7DCAA5550EB,5E68406B376695F5B2F46E5EE046A9D9
SRR33044555,2025-07-28 13:27:50,2025-04-09 09:40:12,27648,16636956,27648,601,7,,https://sra-downloadb.be-md.ncbi.nlm.nih.gov/sos7/sra-pub-zq-41/SRR033/33044/SRR33044555/SRR33044555.lite.1,SRX28310153,SECS-416-P_S256,AMPLICON,RANDOM PCR,METAGENOMIC,PAIRED,0,0,ILLUMINA,Illumina MiSeq,SRP577400,PRJNA1248021,,1248021,SRS24649266,SAMN47844010,simple,646099,human metagenome,SECS-416-P,,,,,,,no,,,,,GEORGE WASHINGTON UNIVERSITY,SRA2108886,,public,72F24A950DC536554C39950B7CDE87FC,6E93D8AD325CD5A28E1C1D4A5354F20F
SRR33044554,2025-07-28 13:27:51,2025-04-09 09:40:00,16743,10073450,16743,601,4,,https://sra-downloadb.be-md.ncbi.nlm.nih.gov/sos7/sra-pub-zq-41/SRR033/33044/SRR33044554/SRR33044554.lite.1,SRX28310154,SECS-418-A_S377,AMPLICON,RANDOM PCR,METAGENOMIC,PAIRED,0,0,ILLUMINA,Illumina MiSeq,SRP577400,PRJNA1248021,,1248021,SRS24649267,SAMN47844011,simple,646099,human metagenome,SECS-418-A,,,,,,,no,,,,,GEORGE WASHINGTON UNIVERSITY,SRA2108886,,public,BE3ECEF9939F0CDCC09EA514BDB2A48D,1E10417504D3A518E4215715E6D2ACD6
SRR33044553,2025-07-28 13:27:52,2025-04-09 09:40:01,17418,10477685,17418,601,4,,https://sra-downloadb.be-md.ncbi.nlm.nih.gov/sos7/sra-pub-zq-41/SRR033/33044/SRR33044553/SRR33044553.lite.1,SRX28310155,SECS-418-E_S365,AMPLICON,RANDOM PCR,METAGENOMIC,PAIRED,0,0,ILLUMINA,Illumina MiSeq,SRP577400,PRJNA1248021,,1248021,SRS24649268,SAMN47844012,simple,646099,human metagenome,SECS-418-E,,,,,,,no,,,,,GEORGE WASHINGTON UNIVERSITY,SRA2108886,,public,59F41A83AFE0B5AEE0A9C2D8422E5CE4,4DE23C04BAD9220CBBEA780F8BB4FD70
SRR33044552,2025-07-28 13:27:50,2025-04-09 09:40:12,21534,12956083,21534,601,5,,https://sra-downloadb.be-md.ncbi.nlm.nih.gov/sos7/sra-pub-zq-41/SRR033/33044/SRR33044552/SRR33044552.lite.1,SRX28310156,SECS-418-H_S197,AMPLICON,RANDOM PCR,METAGENOMIC,PAIRED,0,0,ILLUMINA,Illumina MiSeq,SRP577400,PRJNA1248021,,1248021,SRS24649269,SAMN47844013,simple,646099,human metagenome,SECS-418-H,,,,,,,no,,,,,GEORGE WASHINGTON UNIVERSITY,SRA2108886,,public,36573BB2DEE3C437A11C7A4D8AFBBD73,249D0BD35047BBC58BE91B68E50BA894
SRR33044551,2025-07-28 13:27:50,2025-04-09 09:40:03,21135,12714526,21135,601,5,,https://sra-downloadb.be-md.ncbi.nlm.nih.gov/sos7/sra-pub-zq-41/SRR033/33044/SRR33044551/SRR33044551.lite.1,SRX28310157,SECS-418-P_S209,AMPLICON,RANDOM PCR,METAGENOMIC,PAIRED,0,0,ILLUMINA,Illumina MiSeq,SRP577400,PRJNA1248021,,1248021,SRS24649270,SAMN47844014,simple,646099,human metagenome,SECS-418-P,,,,,,,no,,,,,GEORGE WASHINGTON UNIVERSITY,SRA2108886,,public,02FB0D42A0EE11545EDBC1E0D5C86CE1,5507DFBFF11C04662FE06FCF79709E02
SRR33044550,2025-07-28 13:27:50,2025-04-09 09:40:01,30891,18583895,30891,601,8,,https://sra-downloadb.be-md.ncbi.nlm.nih.gov/sos7/sra-pub-zq-41/SRR033/33044/SRR33044550/SRR33044550.lite.1,SRX28310158,SECS-419-A_S354,AMPLICON,RANDOM PCR,METAGENOMIC,PAIRED,0,0,ILLUMINA,Illumina MiSeq,SRP577400,PRJNA1248021,,1248021,SRS24649271,SAMN47844015,simple,646099,human metagenome,SECS-419-A,,,,,,,no,,,,,GEORGE WASHINGTON UNIVERSITY,SRA2108886,,public,19DE388E9ADE7F11EE7DECBC5969DFB2,7D4BE2AFA40E78935D81B24EF991020C
SRR33044549,2025-07-28 13:27:52,2025-04-09 09:40:03,25931,15604007,25931,601,6,,https://sra-downloadb.be-md.ncbi.nlm.nih.gov/sos7/sra-pub-zq-41/SRR033/33044/SRR33044549/SRR33044549.lite.1,SRX28310159,SECS-419-E_S342,AMPLICON,RANDOM PCR,METAGENOMIC,PAIRED,0,0,ILLUMINA,Illumina MiSeq,SRP577400,PRJNA1248021,,1248021,SRS24649272,SAMN47844016,simple,646099,human metagenome,SECS-419-E,,,,,,,no,,,,,GEORGE WASHINGTON UNIVERSITY,SRA2108886,,public,2EA2A9385BF081D341B87F2723B2BC70,0AF14D2C462FE1DAA9EFFBFCAE8AD3BD
SRR33044548,2025-07-28 13:27:52,2025-04-09 09:40:00,28627,17223353,28627,601,7,,https://sra-downloadb.be-md.ncbi.nlm.nih.gov/sos7/sra-pub-zq-41/SRR033/33044/SRR33044548/SRR33044548.lite.1,SRX28310160,SECS-419-H_S269,AMPLICON,RANDOM PCR,METAGENOMIC,PAIRED,0,0,ILLUMINA,Illumina MiSeq,SRP577400,PRJNA1248021,,1248021,SRS24649273,SAMN47844017,simple,646099,human metagenome,SECS-419-H,,,,,,,no,,,,,GEORGE WASHINGTON UNIVERSITY,SRA2108886,,public,DE93EACA6C46CD8A55CC63E61EBCD71F,2475D57EFAAF24D12274CB05B4D4351D
SRR33044561,2025-07-28 13:27:50,2025-04-09 09:40:18,38160,22972320,38160,602,9,,https://sra-downloadb.be-md.ncbi.nlm.nih.gov/sos7/sra-pub-zq-41/SRR033/33044/SRR33044561/SRR33044561.lite.1,SRX28310147,SECS-419-P_S208,AMPLICON,RANDOM PCR,METAGENOMIC,PAIRED,0,0,ILLUMINA,Illumina MiSeq,SRP577400,PRJNA1248021,,1248021,SRS24649260,SAMN47844260,simple,646099,human metagenome,SECS-419-P,,,,,,,no,,,,,GEORGE WASHINGTON UNIVERSITY,SRA2108886,,public,465A2C0CED2F72B87A01DF724BB21C6B,87751D07966C4F47080E1534A908A247
SRR33044547,2025-07-28 13:27:51,2025-04-09 09:40:14,24988,15034690,24988,601,6,,https://sra-downloadb.be-md.ncbi.nlm.nih.gov/sos7/sra-pub-zq-41/SRR033/33044/SRR33044547/SRR33044547.lite.1,SRX28310161,SECS-420-A_S306,AMPLICON,RANDOM PCR,METAGENOMIC,PAIRED,0,0,ILLUMINA,Illumina MiSeq,SRP577400,PRJNA1248021,,1248021,SRS24649274,SAMN47844018,simple,646099,human metagenome,SECS-420-A,,,,,,,no,,,,,GEORGE WASHINGTON UNIVERSITY,SRA2108886,,public,C684E806FFB63806E8E1474718CA3771,A9A3A8A4A9ED9AF263586E63A5D1E585
SRR33044545,2025-07-28 13:27:51,2025-04-09 09:40:01,28308,17020938,28308,601,7,,https://sra-downloadb.be-md.ncbi.nlm.nih.gov/sos7/sra-pub-zq-41/SRR033/33044/SRR33044545/SRR33044545.lite.1,SRX28310163,SECS-420-E_S294,AMPLICON,RANDOM PCR,METAGENOMIC,PAIRED,0,0,ILLUMINA,Illumina MiSeq,SRP577400,PRJNA1248021,,1248021,SRS24649276,SAMN47844019,simple,646099,human metagenome,SECS-420-E,,,,,,,no,,,,,GEORGE WASHINGTON UNIVERSITY,SRA2108886,,public,B96E8588E6DD996CE3FDF4149C27AA22,EC4AFE651951CDEC276598B86C22D412
SRR33044544,2025-07-28 13:27:51,2025-04-09 09:40:14,26522,15957716,26522,601,6,,https://sra-downloadb.be-md.ncbi.nlm.nih.gov/sos7/sra-pub-zq-41/SRR033/33044/SRR33044544/SRR33044544.lite.1,SRX28310164,SECS-420-H_S221,AMPLICON,RANDOM PCR,METAGENOMIC,PAIRED,0,0,ILLUMINA,Illumina MiSeq,SRP577400,PRJNA1248021,,1248021,SRS24649277,SAMN47844020,simple,646099,human metagenome,SECS-420-H,,,,,,,no,,,,,GEORGE WASHINGTON UNIVERSITY,SRA2108886,,public,6CA92A2D56A7D1C6E253CA87234BB487,F3B7E978B135EC3F9E8FE8F0C7605DEA
SRR33044543,2025-07-28 13:27:51,2025-04-09 09:40:03,39122,23524652,39122,601,10,,https://sra-downloadb.be-md.ncbi.nlm.nih.gov/sos7/sra-pub-zq-41/SRR033/33044/SRR33044543/SRR33044543.lite.1,SRX28310165,SECS-420-P_S233,AMPLICON,RANDOM PCR,METAGENOMIC,PAIRED,0,0,ILLUMINA,Illumina MiSeq,SRP577400,PRJNA1248021,,1248021,SRS24649278,SAMN47844021,simple,646099,human metagenome,SECS-420-P,,,,,,,no,,,,,GEORGE WASHINGTON UNIVERSITY,SRA2108886,,public,9DDF367E4161E756C007C7F3C09BC511,84076BD93D5C3C9B30EBFFC7799A0DAC
SRR33044542,2025-07-28 13:27:51,2025-04-09 09:39:56,22631,13615081,22631,601,5,,https://sra-downloadb.be-md.ncbi.nlm.nih.gov/sos7/sra-pub-zq-41/SRR033/33044/SRR33044542/SRR33044542.lite.1,SRX28310166,SECS-424-A_S378,AMPLICON,RANDOM PCR,METAGENOMIC,PAIRED,0,0,ILLUMINA,Illumina MiSeq,SRP577400,PRJNA1248021,,1248021,SRS24649279,SAMN47844022,simple,646099,human metagenome,SECS-424-A,,,,,,,no,,,,,GEORGE WASHINGTON UNIVERSITY,SRA2108886,,public,D9FEC688D1B261FCAF9671E8F0FE01C5,2C7E1E23B7712CBD3C0DBA024D7EE079
SRR33044541,2025-07-28 13:27:51,2025-04-09 09:40:13,22672,13642031,22672,601,6,,https://sra-downloadb.be-md.ncbi.nlm.nih.gov/sos7/sra-pub-zq-41/SRR033/33044/SRR33044541/SRR33044541.lite.1,SRX28310167,SECS-424-E_S366,AMPLICON,RANDOM PCR,METAGENOMIC,PAIRED,0,0,ILLUMINA,Illumina MiSeq,SRP577400,PRJNA1248021,,1248021,SRS24649280,SAMN47844023,simple,646099,human metagenome,SECS-424-E,,,,,,,no,,,,,GEORGE WASHINGTON UNIVERSITY,SRA2108886,,public,C02618F2461994F9171E64A6CE54DFB4,878BBD7E0087F8F60AE96C9D5D23B4BD
SRR33044540,2025-07-28 13:27:51,2025-04-09 09:39:57,26186,15752423,26186,601,7,,https://sra-downloadb.be-md.ncbi.nlm.nih.gov/sos7/sra-pub-zq-41/SRR033/33044/SRR33044540/SRR33044540.lite.1,SRX28310168,SECS-424-H_S198,AMPLICON,RANDOM PCR,METAGENOMIC,PAIRED,0,0,ILLUMINA,Illumina MiSeq,SRP577400,PRJNA1248021,,1248021,SRS24649281,SAMN47844024,simple,646099,human metagenome,SECS-424-H,,,,,,,no,,,,,GEORGE WASHINGTON UNIVERSITY,SRA2108886,,public,BA111F57089FC459E2D578551D0DB159,9C3BE64EF759DCD89213D78126E8EFF9
SRR33044539,2025-07-28 13:27:51,2025-04-09 09:39:56,25893,15579914,25893,601,7,,https://sra-downloadb.be-md.ncbi.nlm.nih.gov/sos7/sra-pub-zq-41/SRR033/33044/SRR33044539/SRR33044539.lite.1,SRX28310169,SECS-424-P_S210,AMPLICON,RANDOM PCR,METAGENOMIC,PAIRED,0,0,ILLUMINA,Illumina MiSeq,SRP577400,PRJNA1248021,,1248021,SRS24649282,SAMN47844025,simple,646099,human metagenome,SECS-424-P,,,,,,,no,,,,,GEORGE WASHINGTON UNIVERSITY,SRA2108886,,public,C43E50CA2125E46AA7C42513008D57C4,C4DE983CA8C346274E2D7AC76F60D87D
SRR33044538,2025-07-28 13:27:51,2025-04-09 09:39:59,36116,21725770,36116,601,9,,https://sra-downloadb.be-md.ncbi.nlm.nih.gov/sos7/sra-pub-zq-41/SRR033/33044/SRR33044538/SRR33044538.lite.1,SRX28310170,SECS-425-A_S307,AMPLICON,RANDOM PCR,METAGENOMIC,PAIRED,0,0,ILLUMINA,Illumina MiSeq,SRP577400,PRJNA1248021,,1248021,SRS24649283,SAMN47844026,simple,646099,human metagenome,SECS-425-A,,,,,,,no,,,,,GEORGE WASHINGTON UNIVERSITY,SRA2108886,,public,6C01E86AFEFD3C518D82343FC92F86FC,A8811D2CC921D146F721883A1960A542
SRR33044649,2025-07-28 13:27:52,2025-04-09 09:40:15,29537,17769835,29537,601,7,,https://sra-downloadb.be-md.ncbi.nlm.nih.gov/sos7/sra-pub-zq-41/SRR033/33044/SRR33044649/SRR33044649.lite.1,SRX28310171,SECS-425-H_S222,AMPLICON,RANDOM PCR,METAGENOMIC,PAIRED,0,0,ILLUMINA,Illumina MiSeq,SRP577400,PRJNA1248021,,1248021,SRS24649284,SAMN47844027,simple,646099,human metagenome,SECS-425-H,,,,,,,no,,,,,GEORGE WASHINGTON UNIVERSITY,SRA2108886,,public,54511C4B383F0C74F4F2178CA61B78CE,C55670F49E2F1AE6D705C392BF9FC442
SRR33044560,2025-07-28 13:27:50,2025-04-09 09:40:06,44258,26643316,44258,602,11,,https://sra-downloadb.be-md.ncbi.nlm.nih.gov/sos7/sra-pub-zq-41/SRR033/33044/SRR33044560/SRR33044560.lite.1,SRX28310148,SECS-429-E-Sulcus_S220,AMPLICON,RANDOM PCR,METAGENOMIC,PAIRED,0,0,ILLUMINA,Illumina MiSeq,SRP577400,PRJNA1248021,,1248021,SRS24649261,SAMN47844261,simple,646099,human metagenome,SECS-429-E-Sulcus,,,,,,,no,,,,,GEORGE WASHINGTON UNIVERSITY,SRA2108886,,public,9D07A8AFB90EBAA7F06DAD7B84AEC330,A6240F9ABEC99B9173C775B7402B71D2
SRR33044559,2025-07-28 13:27:51,2025-04-09 09:40:11,16538,9955876,16538,602,4,,https://sra-downloadb.be-md.ncbi.nlm.nih.gov/sos7/sra-pub-zq-41/SRR033/33044/SRR33044559/SRR33044559.lite.1,SRX28310149,SECS-435-H_S232,AMPLICON,RANDOM PCR,METAGENOMIC,PAIRED,0,0,ILLUMINA,Illumina MiSeq,SRP577400,PRJNA1248021,,1248021,SRS24649262,SAMN47844262,simple,646099,human metagenome,SECS-435-H,,,,,,,no,,,,,GEORGE WASHINGTON UNIVERSITY,SRA2108886,,public,0FCC2864164B64974E743EB5330AABE0,5812A1ACC0C5CADF92BF76B2EAA485EF
SRR33044572,2025-07-28 13:27:49,2025-04-09 09:40:17,28515,17141961,28515,601,7,,https://sra-downloadb.be-md.ncbi.nlm.nih.gov/sos7/sra-pub-zq-41/SRR033/33044/SRR33044572/SRR33044572.lite.1,SRX28310136,SECS_282_P-279_S279,AMPLICON,RANDOM PCR,METAGENOMIC,PAIRED,0,0,ILLUMINA,Illumina MiSeq,SRP577400,PRJNA1248021,,1248021,SRS24649249,SAMN47844175,simple,646099,human metagenome,SECS_282_P-279,,,,,,,no,,,,,GEORGE WASHINGTON UNIVERSITY,SRA2108886,,public,D17CE651419C92BB0EB70393EE0B5D05,2971D2FAC197250F5A550FF5141802EE
SRR33044571,2025-07-28 13:27:49,2025-04-09 09:40:13,19795,11873855,19795,599,5,,https://sra-downloadb.be-md.ncbi.nlm.nih.gov/sos7/sra-pub-zq-41/SRR033/33044/SRR33044571/SRR33044571.lite.1,SRX28310137,SECS_290_A-11_S11,AMPLICON,RANDOM PCR,METAGENOMIC,PAIRED,0,0,ILLUMINA,Illumina MiSeq,SRP577400,PRJNA1248021,,1248021,SRS24649250,SAMN47844176,simple,646099,human metagenome,SECS_290_A-11,,,,,,,no,,,,,GEORGE WASHINGTON UNIVERSITY,SRA2108886,,public,482BFB2CDA8E5E658807E1625C1F3CFA,37F72806F39F8DFF5A0FE00C0689EF73
SRR33044570,2025-07-28 13:27:49,2025-04-09 09:40:09,17190,10326153,17190,600,4,,https://sra-downloadb.be-md.ncbi.nlm.nih.gov/sos7/sra-pub-zq-41/SRR033/33044/SRR33044570/SRR33044570.lite.1,SRX28310138,SECS_290_E-23_S23,AMPLICON,RANDOM PCR,METAGENOMIC,PAIRED,0,0,ILLUMINA,Illumina MiSeq,SRP577400,PRJNA1248021,,1248021,SRS24649251,SAMN47844177,simple,646099,human metagenome,SECS_290_E-23,,,,,,,no,,,,,GEORGE WASHINGTON UNIVERSITY,SRA2108886,,public,BA3C806D948252D0D5CE5ACAE9455E82,E49F76D76D4FB113895F0B4BDC73991E
SRR33044569,2025-07-28 13:27:49,2025-04-09 09:40:05,29594,17755488,29594,599,7,,https://sra-downloadb.be-md.ncbi.nlm.nih.gov/sos7/sra-pub-zq-41/SRR033/33044/SRR33044569/SRR33044569.lite.1,SRX28310139,SECS_290_H-242_S242,AMPLICON,RANDOM PCR,METAGENOMIC,PAIRED,0,0,ILLUMINA,Illumina MiSeq,SRP577400,PRJNA1248021,,1248021,SRS24649252,SAMN47844178,simple,646099,human metagenome,SECS_290_H-242,,,,,,,no,,,,,GEORGE WASHINGTON UNIVERSITY,SRA2108886,,public,202A438AB3203935BC7372F33A290C53,00CD38F2E3BF7B99766A5B3D35CE1983
SRR33044566,2025-07-28 13:27:46,2025-04-09 09:40:16,23573,14160265,23573,600,6,,https://sra-downloadb.be-md.ncbi.nlm.nih.gov/sos7/sra-pub-zq-41/SRR033/33044/SRR33044566/SRR33044566.lite.1,SRX28310142,SECS_290_P-254_S254,AMPLICON,RANDOM PCR,METAGENOMIC,PAIRED,0,0,ILLUMINA,Illumina MiSeq,SRP577400,PRJNA1248021,,1248021,SRS24649255,SAMN47844179,simple,646099,human metagenome,SECS_290_P-254,,,,,,,no,,,,,GEORGE WASHINGTON UNIVERSITY,SRA2108886,,public,BE63C44B5C3D72A8669E130116AA5D96,AEE5271A2233DA51BF9379E9B310FAF6
SRR33044537,2025-07-28 13:27:46,2025-04-09 09:39:56,23772,14296353,23772,601,6,,https://sra-downloadb.be-md.ncbi.nlm.nih.gov/sos7/sra-pub-zq-41/SRR033/33044/SRR33044537/SRR33044537.lite.1,SRX28310143,SECS_314_A-35_S35,AMPLICON,RANDOM PCR,METAGENOMIC,PAIRED,0,0,ILLUMINA,Illumina MiSeq,SRP577400,PRJNA1248021,,1248021,SRS24649256,SAMN47844180,simple,646099,human metagenome,SECS_314_A-35,,,,,,,no,,,,,GEORGE WASHINGTON UNIVERSITY,SRA2108886,,public,F36978463F995B8DA7144EA22203D0AC,D0285E94E06DDB6910E57EB3732BE197
SRR33044535,2025-07-28 13:27:52,2025-04-09 09:40:13,22547,13556196,22547,601,6,,https://sra-downloadb.be-md.ncbi.nlm.nih.gov/sos7/sra-pub-zq-41/SRR033/33044/SRR33044535/SRR33044535.lite.1,SRX28310172,SECS_314_E-47_S47,AMPLICON,RANDOM PCR,METAGENOMIC,PAIRED,0,0,ILLUMINA,Illumina MiSeq,SRP577400,PRJNA1248021,,1248021,SRS24649285,SAMN47844181,simple,646099,human metagenome,SECS_314_E-47,,,,,,,no,,,,,GEORGE WASHINGTON UNIVERSITY,SRA2108886,,public,46577A31895AB7AB0CBD27D3D92D80A9,359D38315090384FC075FDD56AA706C3
SRR33044534,2025-07-28 13:27:52,2025-04-09 09:40:12,25840,15538190,25840,601,7,,https://sra-downloadb.be-md.ncbi.nlm.nih.gov/sos7/sra-pub-zq-41/SRR033/33044/SRR33044534/SRR33044534.lite.1,SRX28310173,SECS_314_H-247_S247,AMPLICON,RANDOM PCR,METAGENOMIC,PAIRED,0,0,ILLUMINA,Illumina MiSeq,SRP577400,PRJNA1248021,,1248021,SRS24649286,SAMN47844182,simple,646099,human metagenome,SECS_314_H-247,,,,,,,no,,,,,GEORGE WASHINGTON UNIVERSITY,SRA2108886,,public,17AAFF744E6302C16F9341F802F5BCE8,E012C31AFECE1A90006949DC7EE325EC
SRR33044533,2025-07-28 13:27:52,2025-04-09 09:39:57,20636,12399718,20636,600,5,,https://sra-downloadb.be-md.ncbi.nlm.nih.gov/sos7/sra-pub-zq-41/SRR033/33044/SRR33044533/SRR33044533.lite.1,SRX28310174,SECS_425_E-74_S74,AMPLICON,RANDOM PCR,METAGENOMIC,PAIRED,0,0,ILLUMINA,Illumina MiSeq,SRP577400,PRJNA1248021,,1248021,SRS24649287,SAMN47844183,simple,646099,human metagenome,SECS_425_E-74,,,,,,,no,,,,,GEORGE WASHINGTON UNIVERSITY,SRA2108886,,public,7BC07E5BD0CFA3253A14A1B194825985,0C9FF4BC6E6766204AC005AF7E429C39
SRR33044532,2025-07-28 13:27:52,2025-04-09 09:40:00,20369,12237728,20369,600,5,,https://sra-downloadb.be-md.ncbi.nlm.nih.gov/sos7/sra-pub-zq-41/SRR033/33044/SRR33044532/SRR33044532.lite.1,SRX28310175,SECS_533_X1-73_S73,AMPLICON,RANDOM PCR,METAGENOMIC,PAIRED,0,0,ILLUMINA,Illumina MiSeq,SRP577400,PRJNA1248021,,1248021,SRS24649288,SAMN47844184,simple,646099,human metagenome,SECS_533_X1-73,,,,,,,no,,,,,GEORGE WASHINGTON UNIVERSITY,SRA2108886,,public,1DF9722223EB38B85E8843DCF661BDDC,D28D4435D906D745C3AADD5947810331
SRR33044531,2025-07-28 13:27:52,2025-04-09 09:39:59,18436,11089336,18436,601,5,,https://sra-downloadb.be-md.ncbi.nlm.nih.gov/sos7/sra-pub-zq-41/SRR033/33044/SRR33044531/SRR33044531.lite.1,SRX28310176,SECS_551_A-41_S41,AMPLICON,RANDOM PCR,METAGENOMIC,PAIRED,0,0,ILLUMINA,Illumina MiSeq,SRP577400,PRJNA1248021,,1248021,SRS24649289,SAMN47844185,simple,646099,human metagenome,SECS_551_A-41,,,,,,,no,,,,,GEORGE WASHINGTON UNIVERSITY,SRA2108886,,public,577C836346BF3FAFCF46667EF3D04744,88B7744876F96CFCD203328C8273F2BF
SRR33044530,2025-07-28 13:27:52,2025-04-09 09:40:01,22086,13278205,22086,601,6,,https://sra-downloadb.be-md.ncbi.nlm.nih.gov/sos7/sra-pub-zq-41/SRR033/33044/SRR33044530/SRR33044530.lite.1,SRX28310177,SECS_551_E-29_S29,AMPLICON,RANDOM PCR,METAGENOMIC,PAIRED,0,0,ILLUMINA,Illumina MiSeq,SRP577400,PRJNA1248021,,1248021,SRS24649291,SAMN47844186,simple,646099,human metagenome,SECS_551_E-29,,,,,,,no,,,,,GEORGE WASHINGTON UNIVERSITY,SRA2108886,,public,E82A7171EEEA41DB0D38856B6CEE0062,05677945EE0FB4DF9F521894E1B795C4
SRR33044529,2025-07-28 13:27:52,2025-04-09 09:39:53,18233,10967068,18233,601,5,,https://sra-downloadb.be-md.ncbi.nlm.nih.gov/sos7/sra-pub-zq-41/SRR033/33044/SRR33044529/SRR33044529.lite.1,SRX28310178,SECS_551_H-8_S8,AMPLICON,RANDOM PCR,METAGENOMIC,PAIRED,0,0,ILLUMINA,Illumina MiSeq,SRP577400,PRJNA1248021,,1248021,SRS24649290,SAMN47844187,simple,646099,human metagenome,SECS_551_H-8,,,,,,,no,,,,,GEORGE WASHINGTON UNIVERSITY,SRA2108886,,public,07A8C36F17245FA5C0424FA3A5396A21,9E055335388244B2A0F9534FC80FD678
SRR33044528,2025-07-28 13:27:53,2025-04-09 09:39:55,19715,11851110,19715,601,5,,https://sra-downloadb.be-md.ncbi.nlm.nih.gov/sos7/sra-pub-zq-41/SRR033/33044/SRR33044528/SRR33044528.lite.1,SRX28310179,SECS_551_P-20_S20,AMPLICON,RANDOM PCR,METAGENOMIC,PAIRED,0,0,ILLUMINA,Illumina MiSeq,SRP577400,PRJNA1248021,,1248021,SRS24649292,SAMN47844188,simple,646099,human metagenome,SECS_551_P-20,,,,,,,no,,,,,GEORGE WASHINGTON UNIVERSITY,SRA2108886,,public,E6BB266A34E11E77FDD33A1169469986,A32331D4B604810FED7719C332F1E96F
SRR33044526,2025-07-28 13:27:54,2025-04-09 09:39:57,19671,11831252,19671,601,5,,https://sra-downloadb.be-md.ncbi.nlm.nih.gov/sos7/sra-pub-zq-41/SRR033/33044/SRR33044526/SRR33044526.lite.1,SRX28310181,SECS_569_A-65_S65,AMPLICON,RANDOM PCR,METAGENOMIC,PAIRED,0,0,ILLUMINA,Illumina MiSeq,SRP577400,PRJNA1248021,,1248021,SRS24649293,SAMN47844189,simple,646099,human metagenome,SECS_569_A-65,,,,,,,no,,,,,GEORGE WASHINGTON UNIVERSITY,SRA2108886,,public,AD63446FD4BB6A4B814E6C0088C793D2,DBDFA5F7FFD8A14E0294A29FA9E1A679
SRR33044525,2025-07-28 13:27:54,2025-04-09 09:39:57,25763,15493191,25763,601,7,,https://sra-downloadb.be-md.ncbi.nlm.nih.gov/sos7/sra-pub-zq-41/SRR033/33044/SRR33044525/SRR33044525.lite.1,SRX28310182,SECS_569_E-53_S53,AMPLICON,RANDOM PCR,METAGENOMIC,PAIRED,0,0,ILLUMINA,Illumina MiSeq,SRP577400,PRJNA1248021,,1248021,SRS24649295,SAMN47844190,simple,646099,human metagenome,SECS_569_E-53,,,,,,,no,,,,,GEORGE WASHINGTON UNIVERSITY,SRA2108886,,public,D5C4ED1867183AD744C4FFEC49B071A3,D260CFA937DBD779FAA95670E982F3E8
SRR33044524,2025-07-28 13:27:54,2025-04-09 09:39:55,18358,11042692,18358,601,5,,https://sra-downloadb.be-md.ncbi.nlm.nih.gov/sos7/sra-pub-zq-41/SRR033/33044/SRR33044524/SRR33044524.lite.1,SRX28310183,SECS_569_H-55_S55,AMPLICON,RANDOM PCR,METAGENOMIC,PAIRED,0,0,ILLUMINA,Illumina MiSeq,SRP577400,PRJNA1248021,,1248021,SRS24649296,SAMN47844191,simple,646099,human metagenome,SECS_569_H-55,,,,,,,no,,,,,GEORGE WASHINGTON UNIVERSITY,SRA2108886,,public,8EE34E33005995B5437724ADE31268C2,D6CAF8F4B6B529F1FE2B6A249A5B5272
SRR33044523,2025-07-28 13:27:54,2025-04-09 09:39:56,22254,13368359,22254,600,6,,https://sra-downloadb.be-md.ncbi.nlm.nih.gov/sos7/sra-pub-zq-41/SRR033/33044/SRR33044523/SRR33044523.lite.1,SRX28310184,SECS_584_A-89_S89,AMPLICON,RANDOM PCR,METAGENOMIC,PAIRED,0,0,ILLUMINA,Illumina MiSeq,SRP577400,PRJNA1248021,,1248021,SRS24649297,SAMN47844192,simple,646099,human metagenome,SECS_584_A-89,,,,,,,no,,,,,GEORGE WASHINGTON UNIVERSITY,SRA2108886,,public,808433684C3C7651838252027D7C1115,02003D7314E99B4764938B1A2816ECB7
SRR33044522,2025-07-28 13:27:54,2025-04-09 09:39:52,8755,5267007,8755,601,2,,https://sra-downloadb.be-md.ncbi.nlm.nih.gov/sos7/sra-pub-zq-41/SRR033/33044/SRR33044522/SRR33044522.lite.1,SRX28310185,SECS_584_E_Sulcus-77_S77,AMPLICON,RANDOM PCR,METAGENOMIC,PAIRED,0,0,ILLUMINA,Illumina MiSeq,SRP577400,PRJNA1248021,,1248021,SRS24649298,SAMN47844193,simple,646099,human metagenome,SECS_584_E_Sulcus-77,,,,,,,no,,,,,GEORGE WASHINGTON UNIVERSITY,SRA2108886,,public,967156BE6EE4B7AD063F629BF629F58F,C93246222641C1AD2EF449FFA07B0DBB
SRR33044521,2025-07-28 13:27:54,2025-04-09 09:39:58,21090,12684025,21090,601,5,,https://sra-downloadb.be-md.ncbi.nlm.nih.gov/sos7/sra-pub-zq-41/SRR033/33044/SRR33044521/SRR33044521.lite.1,SRX28310186,SECS_584_H-79_S79,AMPLICON,RANDOM PCR,METAGENOMIC,PAIRED,0,0,ILLUMINA,Illumina MiSeq,SRP577400,PRJNA1248021,,1248021,SRS24649299,SAMN47844194,simple,646099,human metagenome,SECS_584_H-79,,,,,,,no,,,,,GEORGE WASHINGTON UNIVERSITY,SRA2108886,,public,0DE99A966CB74F04E4FC6F19419CBDB7,498C6FB7B5A5CE7D7C6171778FFC5C8E
SRR33044520,2025-07-28 13:27:54,2025-04-09 09:39:58,24560,14770102,24560,601,7,,https://sra-downloadb.be-md.ncbi.nlm.nih.gov/sos7/sra-pub-zq-41/SRR033/33044/SRR33044520/SRR33044520.lite.1,SRX28310187,SECS_584_P-91_S91,AMPLICON,RANDOM PCR,METAGENOMIC,PAIRED,0,0,ILLUMINA,Illumina MiSeq,SRP577400,PRJNA1248021,,1248021,SRS24649300,SAMN47844195,simple,646099,human metagenome,SECS_584_P-91,,,,,,,no,,,,,GEORGE WASHINGTON UNIVERSITY,SRA2108886,,public,FB3602F81E16EEF0B8D7480F76B37297,8E761D1B46AE3C81489128BBBF4FFA5A
SRR33044519,2025-07-28 13:27:53,2025-04-09 09:39:52,18768,11288412,18768,601,5,,https://sra-downloadb.be-md.ncbi.nlm.nih.gov/sos7/sra-pub-zq-41/SRR033/33044/SRR33044519/SRR33044519.lite.1,SRX28310188,SECS_592_A-17_S17,AMPLICON,RANDOM PCR,METAGENOMIC,PAIRED,0,0,ILLUMINA,Illumina MiSeq,SRP577400,PRJNA1248021,,1248021,SRS24649301,SAMN47844196,simple,646099,human metagenome,SECS_592_A-17,,,,,,,no,,,,,GEORGE WASHINGTON UNIVERSITY,SRA2108886,,public,373A1375D7F7B3233A744975735E09D2,37E80BF992472E8A0E3C9945465BBF32
SRR33044518,2025-07-28 13:27:53,2025-04-09 09:39:53,15733,9465295,15733,601,4,,https://sra-downloadb.be-md.ncbi.nlm.nih.gov/sos7/sra-pub-zq-41/SRR033/33044/SRR33044518/SRR33044518.lite.1,SRX28310189,SECS_592_E_Sulcus-5_S5,AMPLICON,RANDOM PCR,METAGENOMIC,PAIRED,0,0,ILLUMINA,Illumina MiSeq,SRP577400,PRJNA1248021,,1248021,SRS24649302,SAMN47844197,simple,646099,human metagenome,SECS_592_E_Sulcus-5,,,,,,,no,,,,,GEORGE WASHINGTON UNIVERSITY,SRA2108886,,public,FF2C7424AE5337BDCCEA057306142636,797673F450052092BD5189B81601E275
SRR33044517,2025-07-28 13:27:52,2025-04-09 09:39:55,21041,12658104,21041,601,5,,https://sra-downloadb.be-md.ncbi.nlm.nih.gov/sos7/sra-pub-zq-41/SRR033/33044/SRR33044517/SRR33044517.lite.1,SRX28310190,SECS_592_H-78_S78,AMPLICON,RANDOM PCR,METAGENOMIC,PAIRED,0,0,ILLUMINA,Illumina MiSeq,SRP577400,PRJNA1248021,,1248021,SRS24649303,SAMN47844198,simple,646099,human metagenome,SECS_592_H-78,,,,,,,no,,,,,GEORGE WASHINGTON UNIVERSITY,SRA2108886,,public,6FBEFF6D0F603EB3BCB776FB99F058D1,232267C809AF6FC1D76720571486D258
SRR33044515,2025-07-28 13:27:53,2025-04-09 09:39:55,20695,12446914,20695,601,5,,https://sra-downloadb.be-md.ncbi.nlm.nih.gov/sos7/sra-pub-zq-41/SRR033/33044/SRR33044515/SRR33044515.lite.1,SRX28310192,SECS_592_P-90_S90,AMPLICON,RANDOM PCR,METAGENOMIC,PAIRED,0,0,ILLUMINA,Illumina MiSeq,SRP577400,PRJNA1248021,,1248021,SRS24649305,SAMN47844199,simple,646099,human metagenome,SECS_592_P-90,,,,,,,no,,,,,GEORGE WASHINGTON UNIVERSITY,SRA2108886,,public,4D2D08CA3706497D7CA00E784CC07B57,E34EC96C3A690B33CD3E51D0635192C8
SRR33044514,2025-07-28 13:27:53,2025-04-09 09:39:56,22693,13650612,22693,601,6,,https://sra-downloadb.be-md.ncbi.nlm.nih.gov/sos7/sra-pub-zq-41/SRR033/33044/SRR33044514/SRR33044514.lite.1,SRX28310193,SECS_614_A-83_S83,AMPLICON,RANDOM PCR,METAGENOMIC,PAIRED,0,0,ILLUMINA,Illumina MiSeq,SRP577400,PRJNA1248021,,1248021,SRS24649306,SAMN47844200,simple,646099,human metagenome,SECS_614_A-83,,,,,,,no,,,,,GEORGE WASHINGTON UNIVERSITY,SRA2108886,,public,2329D66DBE1EFFFD56ECDED57A6C220F,D869540C17863332FE98599505AD20BD
SRR33044513,2025-07-28 13:27:53,2025-04-09 09:39:51,20891,12566853,20891,601,5,,https://sra-downloadb.be-md.ncbi.nlm.nih.gov/sos7/sra-pub-zq-41/SRR033/33044/SRR33044513/SRR33044513.lite.1,SRX28310194,SECS_614_E-95_S95,AMPLICON,RANDOM PCR,METAGENOMIC,PAIRED,0,0,ILLUMINA,Illumina MiSeq,SRP577400,PRJNA1248021,,1248021,SRS24649307,SAMN47844201,simple,646099,human metagenome,SECS_614_E-95,,,,,,,no,,,,,GEORGE WASHINGTON UNIVERSITY,SRA2108886,,public,2ECB8E67BAD2400ACADB92C2F7684265,BB731D3B976E84B1608C37550BA782F0
SRR33044512,2025-07-28 13:27:53,2025-04-09 09:39:51,29423,17692721,29423,601,8,,https://sra-downloadb.be-md.ncbi.nlm.nih.gov/sos7/sra-pub-zq-41/SRR033/33044/SRR33044512/SRR33044512.lite.1,SRX28310195,SECS_614_H-282_S282,AMPLICON,RANDOM PCR,METAGENOMIC,PAIRED,0,0,ILLUMINA,Illumina MiSeq,SRP577400,PRJNA1248021,,1248021,SRS24649308,SAMN47844202,simple,646099,human metagenome,SECS_614_H-282,,,,,,,no,,,,,GEORGE WASHINGTON UNIVERSITY,SRA2108886,,public,343FF18E41319333E25105FAB1050840,ED3019798629AA4209212FBFAB11CB10
SRR33044625,2025-07-28 13:27:43,2025-04-09 09:40:07,24871,14959588,24871,601,6,,https://sra-downloadb.be-md.ncbi.nlm.nih.gov/sos7/sra-pub-zq-41/SRR033/33044/SRR33044625/SRR33044625.lite.1,SRX28310083,SECS-154-P_S241,AMPLICON,RANDOM PCR,METAGENOMIC,PAIRED,0,0,ILLUMINA,Illumina MiSeq,SRP577400,PRJNA1248021,,1248021,SRS24649196,SAMN47843986,simple,646099,human metagenome,SECS-154-P,,,,,,,no,,,,,GEORGE WASHINGTON UNIVERSITY,SRA2108886,,public,C4F74225AEAAFA25B1DECA6BA2284A13,9CE436C1DB6761A0AB93550C595F075B
SRR33044617,2025-07-28 13:27:44,2025-04-09 09:40:03,21374,12852346,21374,601,5,,https://sra-downloadb.be-md.ncbi.nlm.nih.gov/sos7/sra-pub-zq-41/SRR033/33044/SRR33044617/SRR33044617.lite.1,SRX28310091,SECS-183-P_S206,AMPLICON,RANDOM PCR,METAGENOMIC,PAIRED,0,0,ILLUMINA,Illumina MiSeq,SRP577400,PRJNA1248021,,1248021,SRS24649204,SAMN47843992,simple,646099,human metagenome,SECS-183-P,,,,,,,no,,,,,GEORGE WASHINGTON UNIVERSITY,SRA2108886,,public,CE1692DA0E0FF48D16813D1BF3961DF7,69F720950861AA6B523F8D07750A19C8
SRR33044606,2025-07-28 13:27:45,2025-04-09 09:40:06,42474,25554116,42474,601,10,,https://sra-downloadb.be-md.ncbi.nlm.nih.gov/sos7/sra-pub-zq-41/SRR033/33044/SRR33044606/SRR33044606.lite.1,SRX28310102,SECS-190-A_S326,AMPLICON,RANDOM PCR,METAGENOMIC,PAIRED,0,0,ILLUMINA,Illumina MiSeq,SRP577400,PRJNA1248021,,1248021,SRS24649215,SAMN47843993,simple,646099,human metagenome,SECS-190-A,,,,,,,no,,,,,GEORGE WASHINGTON UNIVERSITY,SRA2108886,,public,08D2EB6B0CE9DB6891B3379E66445050,55314E92EF413BD3D12028EE74E3BE2F
SRR33044595,2025-07-28 13:27:44,2025-04-09 09:40:12,48181,28963405,48181,601,12,,https://sra-downloadb.be-md.ncbi.nlm.nih.gov/sos7/sra-pub-zq-41/SRR033/33044/SRR33044595/SRR33044595.lite.1,SRX28310113,SECS-190-E_S314,AMPLICON,RANDOM PCR,METAGENOMIC,PAIRED,0,0,ILLUMINA,Illumina MiSeq,SRP577400,PRJNA1248021,,1248021,SRS24649226,SAMN47843994,simple,646099,human metagenome,SECS-190-E,,,,,,,no,,,,,GEORGE WASHINGTON UNIVERSITY,SRA2108886,,public,7630ACABC77FB3CE2639FD9B9D658037,BE9A3383C237EC312DEDA467A586240A
SRR33044590,2025-07-28 13:27:46,2025-04-09 09:40:40,33579,20200651,33579,601,9,,https://sra-downloadb.be-md.ncbi.nlm.nih.gov/sos7/sra-pub-zq-41/SRR033/33044/SRR33044590/SRR33044590.lite.1,SRX28310118,SECS-213-A_S94,AMPLICON,RANDOM PCR,METAGENOMIC,PAIRED,0,0,ILLUMINA,Illumina MiSeq,SRP577400,PRJNA1248021,,1248021,SRS24649231,SAMN47843997,simple,646099,human metagenome,SECS-213-A,,,,,,,no,,,,,GEORGE WASHINGTON UNIVERSITY,SRA2108886,,public,87013E8E1308CC8590D1E0BD084D8505,270D729D3BE3AF025F1D03144A77FA1D
SRR33044579,2025-07-28 13:27:48,2025-04-09 09:40:38,25339,15245121,25339,601,6,,https://sra-downloadb.be-md.ncbi.nlm.nih.gov/sos7/sra-pub-zq-41/SRR033/33044/SRR33044579/SRR33044579.lite.1,SRX28310129,SECS-213-E_S11,AMPLICON,RANDOM PCR,METAGENOMIC,PAIRED,0,0,ILLUMINA,Illumina MiSeq,SRP577400,PRJNA1248021,,1248021,SRS24649242,SAMN47843998,simple,646099,human metagenome,SECS-213-E,,,,,,,no,,,,,GEORGE WASHINGTON UNIVERSITY,SRA2108886,,public,ACCBB436BA5F3C724F3F26E2528D2F68,C7B563ECCD24564F897119A3068B0915
SRR33044632,2025-07-28 13:27:42,2025-04-09 09:40:29,28557,17166459,28557,601,7,,https://sra-downloadb.be-md.ncbi.nlm.nih.gov/sos7/sra-pub-zq-41/SRR033/33044/SRR33044632/SRR33044632.lite.1,SRX28310076,SECS-431-P_S223,AMPLICON,RANDOM PCR,METAGENOMIC,PAIRED,0,0,ILLUMINA,Illumina MiSeq,SRP577400,PRJNA1248021,,1248021,SRS24649189,SAMN47844042,simple,646099,human metagenome,SECS-431-P,,,,,,,no,,,,,GEORGE WASHINGTON UNIVERSITY,SRA2108886,,public,396081B146BA15E9375EBDF0D7770B1A,5BED687A80DA40EB0B4451EBB6B04E4C
SRR33044631,2025-07-28 13:27:43,2025-04-09 09:40:08,29339,17652081,29339,601,7,,https://sra-downloadb.be-md.ncbi.nlm.nih.gov/sos7/sra-pub-zq-41/SRR033/33044/SRR33044631/SRR33044631.lite.1,SRX28310077,SECS-432-A_S356,AMPLICON,RANDOM PCR,METAGENOMIC,PAIRED,0,0,ILLUMINA,Illumina MiSeq,SRP577400,PRJNA1248021,,1248021,SRS24649190,SAMN47844043,simple,646099,human metagenome,SECS-432-A,,,,,,,no,,,,,GEORGE WASHINGTON UNIVERSITY,SRA2108886,,public,B8CAB4326BBACFAD612B4E3CA92FCC2F,FDE8F6858ECC6BAADBDDDCE6C46D11C3
SRR33044630,2025-07-28 13:27:43,2025-04-09 09:40:17,68407,41136877,68407,601,17,,https://sra-downloadb.be-md.ncbi.nlm.nih.gov/sos7/sra-pub-zq-41/SRR033/33044/SRR33044630/SRR33044630.lite.1,SRX28310078,SECS-432-E_S344,AMPLICON,RANDOM PCR,METAGENOMIC,PAIRED,0,0,ILLUMINA,Illumina MiSeq,SRP577400,PRJNA1248021,,1248021,SRS24649191,SAMN47844044,simple,646099,human metagenome,SECS-432-E,,,,,,,no,,,,,GEORGE WASHINGTON UNIVERSITY,SRA2108886,,public,0E508049C8AB1059E577EF8608C40157,6231B8F554D54C65840D0130AAE7F92E
SRR33044629,2025-07-28 13:27:43,2025-04-09 09:40:09,30704,18472073,30704,601,7,,https://sra-downloadb.be-md.ncbi.nlm.nih.gov/sos7/sra-pub-zq-41/SRR033/33044/SRR33044629/SRR33044629.lite.1,SRX28310079,SECS-432-H_S259,AMPLICON,RANDOM PCR,METAGENOMIC,PAIRED,0,0,ILLUMINA,Illumina MiSeq,SRP577400,PRJNA1248021,,1248021,SRS24649192,SAMN47844045,simple,646099,human metagenome,SECS-432-H,,,,,,,no,,,,,GEORGE WASHINGTON UNIVERSITY,SRA2108886,,public,CD71259C103F9AC49C40195374EA3144,2DCF2C19BE3064EBE34353DDF78F9840
SRR33044628,2025-07-28 13:27:43,2025-04-09 09:40:07,28350,17047313,28350,601,7,,https://sra-downloadb.be-md.ncbi.nlm.nih.gov/sos7/sra-pub-zq-41/SRR033/33044/SRR33044628/SRR33044628.lite.1,SRX28310080,SECS-432-P_S271,AMPLICON,RANDOM PCR,METAGENOMIC,PAIRED,0,0,ILLUMINA,Illumina MiSeq,SRP577400,PRJNA1248021,,1248021,SRS24649193,SAMN47844046,simple,646099,human metagenome,SECS-432-P,,,,,,,no,,,,,GEORGE WASHINGTON UNIVERSITY,SRA2108886,,public,C714DB1376A97B8CF6DDFF68674E6114,E511C40CEECB974C5E6552BEB85BDAE2
SRR33044627,2025-07-28 13:27:43,2025-04-09 09:40:13,33218,19986051,33218,601,8,,https://sra-downloadb.be-md.ncbi.nlm.nih.gov/sos7/sra-pub-zq-41/SRR033/33044/SRR33044627/SRR33044627.lite.1,SRX28310081,SECS-434-A_S332,AMPLICON,RANDOM PCR,METAGENOMIC,PAIRED,0,0,ILLUMINA,Illumina MiSeq,SRP577400,PRJNA1248021,,1248021,SRS24649194,SAMN47844047,simple,646099,human metagenome,SECS-434-A,,,,,,,no,,,,,GEORGE WASHINGTON UNIVERSITY,SRA2108886,,public,52840E7204E1EDBA209047ECCA812FBA,0D17899392E3A09B9B912494E743DF4A
SRR33044626,2025-07-28 13:27:43,2025-04-09 09:40:07,31513,18962148,31513,601,8,,https://sra-downloadb.be-md.ncbi.nlm.nih.gov/sos7/sra-pub-zq-41/SRR033/33044/SRR33044626/SRR33044626.lite.1,SRX28310082,SECS-434-E_S320,AMPLICON,RANDOM PCR,METAGENOMIC,PAIRED,0,0,ILLUMINA,Illumina MiSeq,SRP577400,PRJNA1248021,,1248021,SRS24649195,SAMN47844048,simple,646099,human metagenome,SECS-434-E,,,,,,,no,,,,,GEORGE WASHINGTON UNIVERSITY,SRA2108886,,public,9AD3AB9DFB9093CEA0E9DDF2A9BFCDBE,8DC6CE9F189B9BAF6F1F21B0315AF47E
SRR33044624,2025-07-28 13:27:43,2025-04-09 09:40:23,29395,17685560,29395,601,7,,https://sra-downloadb.be-md.ncbi.nlm.nih.gov/sos7/sra-pub-zq-41/SRR033/33044/SRR33044624/SRR33044624.lite.1,SRX28310084,SECS-434-H_S235,AMPLICON,RANDOM PCR,METAGENOMIC,PAIRED,0,0,ILLUMINA,Illumina MiSeq,SRP577400,PRJNA1248021,,1248021,SRS24649197,SAMN47844049,simple,646099,human metagenome,SECS-434-H,,,,,,,no,,,,,GEORGE WASHINGTON UNIVERSITY,SRA2108886,,public,080655B4D4D4D6D56914C5F6D8E7F75B,AAA5C930CFBBBFDF0FD20DD0882A23A2
SRR33044623,2025-07-28 13:27:43,2025-04-09 09:40:07,30401,18293553,30401,601,7,,https://sra-downloadb.be-md.ncbi.nlm.nih.gov/sos7/sra-pub-zq-41/SRR033/33044/SRR33044623/SRR33044623.lite.1,SRX28310085,SECS-434-P_S247,AMPLICON,RANDOM PCR,METAGENOMIC,PAIRED,0,0,ILLUMINA,Illumina MiSeq,SRP577400,PRJNA1248021,,1248021,SRS24649198,SAMN47844050,simple,646099,human metagenome,SECS-434-P,,,,,,,no,,,,,GEORGE WASHINGTON UNIVERSITY,SRA2108886,,public,D6F0A4A31B8AE6D25364375130FE8178,42AD0B2CE4C774890F25D11969D31A3E
SRR33044622,2025-07-28 13:27:43,2025-04-09 09:40:09,24207,14564851,24207,601,6,,https://sra-downloadb.be-md.ncbi.nlm.nih.gov/sos7/sra-pub-zq-41/SRR033/33044/SRR33044622/SRR33044622.lite.1,SRX28310086,SECS-435-A_S380,AMPLICON,RANDOM PCR,METAGENOMIC,PAIRED,0,0,ILLUMINA,Illumina MiSeq,SRP577400,PRJNA1248021,,1248021,SRS24649199,SAMN47844051,simple,646099,human metagenome,SECS-435-A,,,,,,,no,,,,,GEORGE WASHINGTON UNIVERSITY,SRA2108886,,public,78EFEA22EE6C48BF666C0ABBB1DEC490,A5B54294278753D70822CEC394652E40
SRR33044480,2025-07-28 13:27:43,2025-04-09 09:39:06,30385,18280176,30385,601,7,,https://sra-downloadb.be-md.ncbi.nlm.nih.gov/sos7/sra-pub-zq-41/SRR033/33044/SRR33044480/SRR33044480.lite.1,SRX28310087,SECS-435-E_S368,AMPLICON,RANDOM PCR,METAGENOMIC,PAIRED,0,0,ILLUMINA,Illumina MiSeq,SRP577400,PRJNA1248021,,1248021,SRS24649200,SAMN47844052,simple,646099,human metagenome,SECS-435-E,,,,,,,no,,,,,GEORGE WASHINGTON UNIVERSITY,SRA2108886,,public,501F8DBD3CC665D99E7E2123D547B146,8F61180D748C40386BCB4D0309289BC9
SRR33044620,2025-07-28 13:27:43,2025-04-09 09:40:09,29842,17952597,29842,601,7,,https://sra-downloadb.be-md.ncbi.nlm.nih.gov/sos7/sra-pub-zq-41/SRR033/33044/SRR33044620/SRR33044620.lite.1,SRX28310088,SECS-731-A_S8,AMPLICON,RANDOM PCR,METAGENOMIC,PAIRED,0,0,ILLUMINA,Illumina MiSeq,SRP577400,PRJNA1248021,,1248021,SRS24649201,SAMN47844106,simple,646099,human metagenome,SECS-731-A,,,,,,,no,,,,,GEORGE WASHINGTON UNIVERSITY,SRA2108886,,public,198090185F373DB85D53E3B46963E4F1,0277B4240FAB2746E1D7BD8E4B86CF11
SRR33044619,2025-07-28 13:27:43,2025-04-09 09:40:07,22774,13694972,22774,601,5,,https://sra-downloadb.be-md.ncbi.nlm.nih.gov/sos7/sra-pub-zq-41/SRR033/33044/SRR33044619/SRR33044619.lite.1,SRX28310089,SECS-731-E_S20,AMPLICON,RANDOM PCR,METAGENOMIC,PAIRED,0,0,ILLUMINA,Illumina MiSeq,SRP577400,PRJNA1248021,,1248021,SRS24649202,SAMN47844107,simple,646099,human metagenome,SECS-731-E,,,,,,,no,,,,,GEORGE WASHINGTON UNIVERSITY,SRA2108886,,public,D87B9AA480C58AE9CB0528A0926F5DEA,67F9DBE91EB708A194C2E049BAA07DA5
SRR33044618,2025-07-28 13:27:43,2025-04-09 09:40:11,27642,16630330,27642,601,7,,https://sra-downloadb.be-md.ncbi.nlm.nih.gov/sos7/sra-pub-zq-41/SRR033/33044/SRR33044618/SRR33044618.lite.1,SRX28310090,SECS-731-H_S383,AMPLICON,RANDOM PCR,METAGENOMIC,PAIRED,0,0,ILLUMINA,Illumina MiSeq,SRP577400,PRJNA1248021,,1248021,SRS24649203,SAMN47844108,simple,646099,human metagenome,SECS-731-H,,,,,,,no,,,,,GEORGE WASHINGTON UNIVERSITY,SRA2108886,,public,26096B7D466F616BF7D96D19D281F1DF,B7DA50F06C3109B6F08B583E9970CF95
SRR33044616,2025-07-28 13:27:44,2025-04-09 09:40:06,42093,25320670,42093,601,10,,https://sra-downloadb.be-md.ncbi.nlm.nih.gov/sos7/sra-pub-zq-41/SRR033/33044/SRR33044616/SRR33044616.lite.1,SRX28310092,SECS-732-A_S32,AMPLICON,RANDOM PCR,METAGENOMIC,PAIRED,0,0,ILLUMINA,Illumina MiSeq,SRP577400,PRJNA1248021,,1248021,SRS24649205,SAMN47844109,simple,646099,human metagenome,SECS-732-A,,,,,,,no,,,,,GEORGE WASHINGTON UNIVERSITY,SRA2108886,,public,B6320729BFCB7C4F98176BA6CFC6D355,375B1DA9EC2DC5824730476BB13C5124
SRR33044615,2025-07-28 13:27:44,2025-04-09 09:40:12,43289,26044959,43289,601,11,,https://sra-downloadb.be-md.ncbi.nlm.nih.gov/sos7/sra-pub-zq-41/SRR033/33044/SRR33044615/SRR33044615.lite.1,SRX28310093,SECS-732-E-1-10_S44,AMPLICON,RANDOM PCR,METAGENOMIC,PAIRED,0,0,ILLUMINA,Illumina MiSeq,SRP577400,PRJNA1248021,,1248021,SRS24649206,SAMN47844110,simple,646099,human metagenome,SECS-732-E-1-10,,,,,,,no,,,,,GEORGE WASHINGTON UNIVERSITY,SRA2108886,,public,2411766B60B1317D1BA7DA9006193665,4D0856CF91E03969241AB75304298EEA
SRR33044614,2025-07-28 13:27:44,2025-04-09 09:40:33,61257,36841302,61257,601,15,,https://sra-downloadb.be-md.ncbi.nlm.nih.gov/sos7/sra-pub-zq-41/SRR033/33044/SRR33044614/SRR33044614.lite.1,SRX28310094,SECS-736-A_S56,AMPLICON,RANDOM PCR,METAGENOMIC,PAIRED,0,0,ILLUMINA,Illumina MiSeq,SRP577400,PRJNA1248021,,1248021,SRS24649207,SAMN47844111,simple,646099,human metagenome,SECS-736-A,,,,,,,no,,,,,GEORGE WASHINGTON UNIVERSITY,SRA2108886,,public,4E02EC663F920E6C93CF28F6F55C4189,D8659D1905CFFC73F025F8DC23521896
SRR33044613,2025-07-28 13:27:44,2025-04-09 09:40:06,38398,23099231,38398,601,10,,https://sra-downloadb.be-md.ncbi.nlm.nih.gov/sos7/sra-pub-zq-41/SRR033/33044/SRR33044613/SRR33044613.lite.1,SRX28310095,SECS-736E_S68,AMPLICON,RANDOM PCR,METAGENOMIC,PAIRED,0,0,ILLUMINA,Illumina MiSeq,SRP577400,PRJNA1248021,,1248021,SRS24649208,SAMN47844112,simple,646099,human metagenome,SECS-736E,,,,,,,no,,,,,GEORGE WASHINGTON UNIVERSITY,SRA2108886,,public,FC49A279B822B5519DB01089147EBB56,12741635F80D828D7269BD9FF4C71BF1
SRR33044612,2025-07-28 13:27:44,2025-04-09 09:40:04,22445,13500809,22445,601,5,,https://sra-downloadb.be-md.ncbi.nlm.nih.gov/sos7/sra-pub-zq-41/SRR033/33044/SRR33044612/SRR33044612.lite.1,SRX28310096,SECS-738-A_S295,AMPLICON,RANDOM PCR,METAGENOMIC,PAIRED,0,0,ILLUMINA,Illumina MiSeq,SRP577400,PRJNA1248021,,1248021,SRS24649209,SAMN47844113,simple,646099,human metagenome,SECS-738-A,,,,,,,no,,,,,GEORGE WASHINGTON UNIVERSITY,SRA2108886,,public,93FD9AF661BED40BE84194617ABF7590,003B3530147EC866165B4E7D56231543
SRR33044611,2025-07-28 13:27:44,2025-04-09 09:40:00,13146,7906539,13146,601,3,,https://sra-downloadb.be-md.ncbi.nlm.nih.gov/sos7/sra-pub-zq-41/SRR033/33044/SRR33044611/SRR33044611.lite.1,SRX28310097,SECS-738-E_S293,AMPLICON,RANDOM PCR,METAGENOMIC,PAIRED,0,0,ILLUMINA,Illumina MiSeq,SRP577400,PRJNA1248021,,1248021,SRS24649210,SAMN47844114,simple,646099,human metagenome,SECS-738-E,,,,,,,no,,,,,GEORGE WASHINGTON UNIVERSITY,SRA2108886,,public,0A90DD48A6E5342533518A777D5CD347,E9D1B80C7830A6FE240D7B6AB60E4451
SRR33044610,2025-07-28 13:27:44,2025-04-09 09:40:05,24019,14447659,24019,601,6,,https://sra-downloadb.be-md.ncbi.nlm.nih.gov/sos7/sra-pub-zq-41/SRR033/33044/SRR33044610/SRR33044610.lite.1,SRX28310098,SECS-738-H_S287,AMPLICON,RANDOM PCR,METAGENOMIC,PAIRED,0,0,ILLUMINA,Illumina MiSeq,SRP577400,PRJNA1248021,,1248021,SRS24649211,SAMN47844115,simple,646099,human metagenome,SECS-738-H,,,,,,,no,,,,,GEORGE WASHINGTON UNIVERSITY,SRA2108886,,public,746416FBAFE782C1C025CCB1CD062E8D,D6D2A48195651587CD57D6641DA07A0F
SRR33044609,2025-07-28 13:27:45,2025-04-09 09:40:03,21286,12803025,21286,601,5,,https://sra-downloadb.be-md.ncbi.nlm.nih.gov/sos7/sra-pub-zq-41/SRR033/33044/SRR33044609/SRR33044609.lite.1,SRX28310099,SECS-738-P_S334,AMPLICON,RANDOM PCR,METAGENOMIC,PAIRED,0,0,ILLUMINA,Illumina MiSeq,SRP577400,PRJNA1248021,,1248021,SRS24649212,SAMN47844116,simple,646099,human metagenome,SECS-738-P,,,,,,,no,,,,,GEORGE WASHINGTON UNIVERSITY,SRA2108886,,public,799BCD33D7C8F6120CB9170D6457041F,AB3A297DBAEF881375474AACBC3F8F73
SRR33044608,2025-07-28 13:27:45,2025-04-09 09:40:08,47495,28574975,47495,601,12,,https://sra-downloadb.be-md.ncbi.nlm.nih.gov/sos7/sra-pub-zq-41/SRR033/33044/SRR33044608/SRR33044608.lite.1,SRX28310100,SECS-739-A_S80,AMPLICON,RANDOM PCR,METAGENOMIC,PAIRED,0,0,ILLUMINA,Illumina MiSeq,SRP577400,PRJNA1248021,,1248021,SRS24649213,SAMN47844117,simple,646099,human metagenome,SECS-739-A,,,,,,,no,,,,,GEORGE WASHINGTON UNIVERSITY,SRA2108886,,public,056768087BCC0301572ABE93FCF9D2A3,A104D585A2AC37A0810DB72DA94562D5
SRR33044607,2025-07-28 13:27:45,2025-04-09 09:40:05,23517,14148305,23517,601,6,,https://sra-downloadb.be-md.ncbi.nlm.nih.gov/sos7/sra-pub-zq-41/SRR033/33044/SRR33044607/SRR33044607.lite.1,SRX28310101,SECS-739-E-1-10_S92,AMPLICON,RANDOM PCR,METAGENOMIC,PAIRED,0,0,ILLUMINA,Illumina MiSeq,SRP577400,PRJNA1248021,,1248021,SRS24649214,SAMN47844118,simple,646099,human metagenome,SECS-739-E-1-10,,,,,,,no,,,,,GEORGE WASHINGTON UNIVERSITY,SRA2108886,,public,4C3CBAA0C55823A2EE662C5895919733,E139D682B131AD388CA203C37180AEB9
SRR33044605,2025-07-28 13:27:45,2025-04-09 09:40:05,24137,14519984,24137,601,6,,https://sra-downloadb.be-md.ncbi.nlm.nih.gov/sos7/sra-pub-zq-41/SRR033/33044/SRR33044605/SRR33044605.lite.1,SRX28310103,SECS-739-H_S216,AMPLICON,RANDOM PCR,METAGENOMIC,PAIRED,0,0,ILLUMINA,Illumina MiSeq,SRP577400,PRJNA1248021,,1248021,SRS24649216,SAMN47844119,simple,646099,human metagenome,SECS-739-H,,,,,,,no,,,,,GEORGE WASHINGTON UNIVERSITY,SRA2108886,,public,C029B964D8A7D36B124EADEE6FEB0B60,44CFDA9F5114FFE5FFBE7DC229D4D10B
SRR33044604,2025-07-28 13:27:45,2025-04-09 09:40:05,26200,15762931,26200,601,6,,https://sra-downloadb.be-md.ncbi.nlm.nih.gov/sos7/sra-pub-zq-41/SRR033/33044/SRR33044604/SRR33044604.lite.1,SRX28310104,SECS-740-A_S9,AMPLICON,RANDOM PCR,METAGENOMIC,PAIRED,0,0,ILLUMINA,Illumina MiSeq,SRP577400,PRJNA1248021,,1248021,SRS24649217,SAMN47844120,simple,646099,human metagenome,SECS-740-A,,,,,,,no,,,,,GEORGE WASHINGTON UNIVERSITY,SRA2108886,,public,D246236CFFD146BB2DF3F34506B03CEE,76DADE2CACD3225443D924E2BCA09131
SRR33044603,2025-07-28 13:27:45,2025-04-09 09:40:06,34206,20578261,34206,601,8,,https://sra-downloadb.be-md.ncbi.nlm.nih.gov/sos7/sra-pub-zq-41/SRR033/33044/SRR33044603/SRR33044603.lite.1,SRX28310105,SECS-740-E-1-10_S21,AMPLICON,RANDOM PCR,METAGENOMIC,PAIRED,0,0,ILLUMINA,Illumina MiSeq,SRP577400,PRJNA1248021,,1248021,SRS24649218,SAMN47844121,simple,646099,human metagenome,SECS-740-E-1-10,,,,,,,no,,,,,GEORGE WASHINGTON UNIVERSITY,SRA2108886,,public,B2BFAAC18CE5EA8C77DCBD14422FD184,799878165843EBEFE6F980DE993BD5DF
SRR33044602,2025-07-28 13:27:45,2025-04-09 09:40:06,26480,15927764,26480,601,6,,https://sra-downloadb.be-md.ncbi.nlm.nih.gov/sos7/sra-pub-zq-41/SRR033/33044/SRR33044602/SRR33044602.lite.1,SRX28310106,SECS-740-H_S300,AMPLICON,RANDOM PCR,METAGENOMIC,PAIRED,0,0,ILLUMINA,Illumina MiSeq,SRP577400,PRJNA1248021,,1248021,SRS24649219,SAMN47844122,simple,646099,human metagenome,SECS-740-H,,,,,,,no,,,,,GEORGE WASHINGTON UNIVERSITY,SRA2108886,,public,0CDEAF0879F77B1360424F8CC209F915,AB76F7299FA2EA62A89D2E501AED294A
SRR33044601,2025-07-28 13:27:46,2025-04-09 09:40:06,32350,19463588,32350,601,8,,https://sra-downloadb.be-md.ncbi.nlm.nih.gov/sos7/sra-pub-zq-41/SRR033/33044/SRR33044601/SRR33044601.lite.1,SRX28310107,SECS-741-A_S33,AMPLICON,RANDOM PCR,METAGENOMIC,PAIRED,0,0,ILLUMINA,Illumina MiSeq,SRP577400,PRJNA1248021,,1248021,SRS24649220,SAMN47844123,simple,646099,human metagenome,SECS-741-A,,,,,,,no,,,,,GEORGE WASHINGTON UNIVERSITY,SRA2108886,,public,0186BB43CB841BE3482B7A324420C66F,D4D2E1E3C9311641CA6A16E34C8A32F1
SRR33044600,2025-07-28 13:27:46,2025-04-09 09:40:07,45708,27499610,45708,601,11,,https://sra-downloadb.be-md.ncbi.nlm.nih.gov/sos7/sra-pub-zq-41/SRR033/33044/SRR33044600/SRR33044600.lite.1,SRX28310108,SECS-741-E_S45,AMPLICON,RANDOM PCR,METAGENOMIC,PAIRED,0,0,ILLUMINA,Illumina MiSeq,SRP577400,PRJNA1248021,,1248021,SRS24649221,SAMN47844124,simple,646099,human metagenome,SECS-741-E,,,,,,,no,,,,,GEORGE WASHINGTON UNIVERSITY,SRA2108886,,public,5FB1CC9E39C446C4561BA9E3EA9E9962,84EBC8EA4EDB908AC7B0A6D2A8A07637
SRR33044599,2025-07-28 13:27:46,2025-04-09 09:40:10,33772,20315533,33772,601,8,,https://sra-downloadb.be-md.ncbi.nlm.nih.gov/sos7/sra-pub-zq-41/SRR033/33044/SRR33044599/SRR33044599.lite.1,SRX28310109,SECS-741-H_S312,AMPLICON,RANDOM PCR,METAGENOMIC,PAIRED,0,0,ILLUMINA,Illumina MiSeq,SRP577400,PRJNA1248021,,1248021,SRS24649222,SAMN47844125,simple,646099,human metagenome,SECS-741-H,,,,,,,no,,,,,GEORGE WASHINGTON UNIVERSITY,SRA2108886,,public,D9AED6EB3D4D564693FB4E82ED0FBED7,09AB29A580B6F0B268B8F54B172BF1D1
SRR33044598,2025-07-28 13:27:45,2025-04-09 09:40:04,22294,13410569,22294,601,5,,https://sra-downloadb.be-md.ncbi.nlm.nih.gov/sos7/sra-pub-zq-41/SRR033/33044/SRR33044598/SRR33044598.lite.1,SRX28310110,SECS-742-A_S57,AMPLICON,RANDOM PCR,METAGENOMIC,PAIRED,0,0,ILLUMINA,Illumina MiSeq,SRP577400,PRJNA1248021,,1248021,SRS24649223,SAMN47844126,simple,646099,human metagenome,SECS-742-A,,,,,,,no,,,,,GEORGE WASHINGTON UNIVERSITY,SRA2108886,,public,77F9E9AD980CB27B8B56C3BE08FACB2C,8BAF35813D8AED5B907BF33E398D542E
SRR33044597,2025-07-28 13:27:46,2025-04-09 09:40:10,29669,17847857,29669,601,7,,https://sra-downloadb.be-md.ncbi.nlm.nih.gov/sos7/sra-pub-zq-41/SRR033/33044/SRR33044597/SRR33044597.lite.1,SRX28310111,SECS-742-E_S69,AMPLICON,RANDOM PCR,METAGENOMIC,PAIRED,0,0,ILLUMINA,Illumina MiSeq,SRP577400,PRJNA1248021,,1248021,SRS24649224,SAMN47844127,simple,646099,human metagenome,SECS-742-E,,,,,,,no,,,,,GEORGE WASHINGTON UNIVERSITY,SRA2108886,,public,CC33E6C99D48E89B723D186F8A48216E,72B1607290D512C7D24580EDE63CBE5D
SRR33044596,2025-07-28 13:27:44,2025-04-09 09:40:26,29236,17589019,29236,601,7,,https://sra-downloadb.be-md.ncbi.nlm.nih.gov/sos7/sra-pub-zq-41/SRR033/33044/SRR33044596/SRR33044596.lite.1,SRX28310112,SECS-742-H_S228,AMPLICON,RANDOM PCR,METAGENOMIC,PAIRED,0,0,ILLUMINA,Illumina MiSeq,SRP577400,PRJNA1248021,,1248021,SRS24649225,SAMN47844128,simple,646099,human metagenome,SECS-742-H,,,,,,,no,,,,,GEORGE WASHINGTON UNIVERSITY,SRA2108886,,public,2FA544F0C105FB76417023F6C873C697,7C02D8F4BBA4F292FA66B71EEDA00D2C
SRR33044594,2025-07-28 13:27:44,2025-04-09 09:40:26,11406,6860020,11406,601,2,,https://sra-downloadb.be-md.ncbi.nlm.nih.gov/sos7/sra-pub-zq-41/SRR033/33044/SRR33044594/SRR33044594.lite.1,SRX28310114,SECS-742-P-1-100_S324,AMPLICON,RANDOM PCR,METAGENOMIC,PAIRED,0,0,ILLUMINA,Illumina MiSeq,SRP577400,PRJNA1248021,,1248021,SRS24649227,SAMN47844129,simple,646099,human metagenome,SECS-742-P-1-100,,,,,,,no,,,,,GEORGE WASHINGTON UNIVERSITY,SRA2108886,,public,E96964B8F39D29C327A823C007A3C471,7E606F287397674327261B437A237165
SRR33044705,2025-07-28 13:27:44,2025-04-09 09:50:09,31448,18891531,31448,600,8,,https://sra-downloadb.be-md.ncbi.nlm.nih.gov/sos7/sra-pub-zq-41/SRR033/33044/SRR33044705/SRR33044705.lite.1,SRX28310115,SECS-743-A_S81,AMPLICON,RANDOM PCR,METAGENOMIC,PAIRED,0,0,ILLUMINA,Illumina MiSeq,SRP577400,PRJNA1248021,,1248021,SRS24649228,SAMN47844130,simple,646099,human metagenome,SECS-743-A,,,,,,,no,,,,,GEORGE WASHINGTON UNIVERSITY,SRA2108886,,public,199492654B2909D3ACB3CCAD9F4B9193,C4F2D24258A2715171C218DE9BC68D88
SRR33044592,2025-07-28 13:27:44,2025-04-09 09:40:21,19028,11443771,19028,601,5,,https://sra-downloadb.be-md.ncbi.nlm.nih.gov/sos7/sra-pub-zq-41/SRR033/33044/SRR33044592/SRR33044592.lite.1,SRX28310116,SECS_224_E-69_S69,AMPLICON,RANDOM PCR,METAGENOMIC,PAIRED,0,0,ILLUMINA,Illumina MiSeq,SRP577400,PRJNA1248021,,1248021,SRS24649229,SAMN47844157,simple,646099,human metagenome,SECS_224_E-69,,,,,,,no,,,,,GEORGE WASHINGTON UNIVERSITY,SRA2108886,,public,2E0E8AC8683412A622EC436B60385235,8803A549BEF2A1CBE2BEF342798ACB52
SRR33044591,2025-07-28 13:27:46,2025-04-09 09:40:21,20244,12178363,20244,601,5,,https://sra-downloadb.be-md.ncbi.nlm.nih.gov/sos7/sra-pub-zq-41/SRR033/33044/SRR33044591/SRR33044591.lite.1,SRX28310117,SECS_246_A-81_S81,AMPLICON,RANDOM PCR,METAGENOMIC,PAIRED,0,0,ILLUMINA,Illumina MiSeq,SRP577400,PRJNA1248021,,1248021,SRS24649230,SAMN47844158,simple,646099,human metagenome,SECS_246_A-81,,,,,,,no,,,,,GEORGE WASHINGTON UNIVERSITY,SRA2108886,,public,119E92E31838774DE0145F6AEAC5DD4C,51000448EE16A82A7F9F8DBD52306086
SRR33044589,2025-07-28 13:27:46,2025-04-09 09:40:15,16420,9876075,16420,601,4,,https://sra-downloadb.be-md.ncbi.nlm.nih.gov/sos7/sra-pub-zq-41/SRR033/33044/SRR33044589/SRR33044589.lite.1,SRX28310119,SECS_246_E-93_S93,AMPLICON,RANDOM PCR,METAGENOMIC,PAIRED,0,0,ILLUMINA,Illumina MiSeq,SRP577400,PRJNA1248021,,1248021,SRS24649232,SAMN47844159,simple,646099,human metagenome,SECS_246_E-93,,,,,,,no,,,,,GEORGE WASHINGTON UNIVERSITY,SRA2108886,,public,A322873127AE87D5DE0DD9217642EBC2,4D4419708B07F6FAD8AEE95F7141B3FE
SRR33044588,2025-07-28 13:27:46,2025-04-09 09:40:17,16915,10175120,16915,601,4,,https://sra-downloadb.be-md.ncbi.nlm.nih.gov/sos7/sra-pub-zq-41/SRR033/33044/SRR33044588/SRR33044588.lite.1,SRX28310120,SECS_246_H-194_S194,AMPLICON,RANDOM PCR,METAGENOMIC,PAIRED,0,0,ILLUMINA,Illumina MiSeq,SRP577400,PRJNA1248021,,1248021,SRS24649233,SAMN47844160,simple,646099,human metagenome,SECS_246_H-194,,,,,,,no,,,,,GEORGE WASHINGTON UNIVERSITY,SRA2108886,,public,B06F4D35167EEF87C367B5CB850E7CBB,86030EE0C44E4E51DAF35D117210495A
SRR33044587,2025-07-28 13:27:47,2025-04-09 09:40:19,27809,16729704,27809,601,7,,https://sra-downloadb.be-md.ncbi.nlm.nih.gov/sos7/sra-pub-zq-41/SRR033/33044/SRR33044587/SRR33044587.lite.1,SRX28310121,SECS_246_P-206_S206,AMPLICON,RANDOM PCR,METAGENOMIC,PAIRED,0,0,ILLUMINA,Illumina MiSeq,SRP577400,PRJNA1248021,,1248021,SRS24649234,SAMN47844161,simple,646099,human metagenome,SECS_246_P-206,,,,,,,no,,,,,GEORGE WASHINGTON UNIVERSITY,SRA2108886,,public,AC6EC41B4BEB78262678E6DFBDE29C66,5F6F0C56173E2D126450E1F4394D2F1E
SRR33044586,2025-07-28 13:27:47,2025-04-09 09:40:03,20998,12608491,20998,600,6,,https://sra-downloadb.be-md.ncbi.nlm.nih.gov/sos7/sra-pub-zq-41/SRR033/33044/SRR33044586/SRR33044586.lite.1,SRX28310122,SECS_257_A-10_S10,AMPLICON,RANDOM PCR,METAGENOMIC,PAIRED,0,0,ILLUMINA,Illumina MiSeq,SRP577400,PRJNA1248021,,1248021,SRS24649235,SAMN47844162,simple,646099,human metagenome,SECS_257_A-10,,,,,,,no,,,,,GEORGE WASHINGTON UNIVERSITY,SRA2108886,,public,2AA9AA586E3979DBE3A5A74C9DFBFE9B,E6EBB6658DD3464D964B5ED18A19FD7C
SRR33044585,2025-07-28 13:27:47,2025-04-09 09:40:25,23966,14402260,23966,600,7,,https://sra-downloadb.be-md.ncbi.nlm.nih.gov/sos7/sra-pub-zq-41/SRR033/33044/SRR33044585/SRR33044585.lite.1,SRX28310123,SECS_257_E-22_S22,AMPLICON,RANDOM PCR,METAGENOMIC,PAIRED,0,0,ILLUMINA,Illumina MiSeq,SRP577400,PRJNA1248021,,1248021,SRS24649236,SAMN47844163,simple,646099,human metagenome,SECS_257_E-22,,,,,,,no,,,,,GEORGE WASHINGTON UNIVERSITY,SRA2108886,,public,581E3D7E2731FBA067E84C1077B24275,534C1F80D651776681A95A8B68B93503
SRR33044584,2025-07-28 13:27:47,2025-04-09 09:40:26,26674,16040301,26674,601,7,,https://sra-downloadb.be-md.ncbi.nlm.nih.gov/sos7/sra-pub-zq-41/SRR033/33044/SRR33044584/SRR33044584.lite.1,SRX28310124,SECS_257_H-196_S196,AMPLICON,RANDOM PCR,METAGENOMIC,PAIRED,0,0,ILLUMINA,Illumina MiSeq,SRP577400,PRJNA1248021,,1248021,SRS24649237,SAMN47844164,simple,646099,human metagenome,SECS_257_H-196,,,,,,,no,,,,,GEORGE WASHINGTON UNIVERSITY,SRA2108886,,public,EFC93A491D7C30EE74A3ED06EC2A243C,6C3D6925C836CBD5DE62F3A232C62C94
SRR33044583,2025-07-28 13:27:47,2025-04-09 09:40:36,20984,12620932,20984,601,5,,https://sra-downloadb.be-md.ncbi.nlm.nih.gov/sos7/sra-pub-zq-41/SRR033/33044/SRR33044583/SRR33044583.lite.1,SRX28310125,SECS_265_A-34_S34,AMPLICON,RANDOM PCR,METAGENOMIC,PAIRED,0,0,ILLUMINA,Illumina MiSeq,SRP577400,PRJNA1248021,,1248021,SRS24649238,SAMN47844165,simple,646099,human metagenome,SECS_265_A-34,,,,,,,no,,,,,GEORGE WASHINGTON UNIVERSITY,SRA2108886,,public,72417AA5423DD6F6A3AD5198C4906DE0,05F632F42EF6EC9FDE8596DD6E66BE31
SRR33044582,2025-07-28 13:27:47,2025-04-09 09:40:39,20930,12588662,20930,601,5,,https://sra-downloadb.be-md.ncbi.nlm.nih.gov/sos7/sra-pub-zq-41/SRR033/33044/SRR33044582/SRR33044582.lite.1,SRX28310126,SECS_265_E-46_S46,AMPLICON,RANDOM PCR,METAGENOMIC,PAIRED,0,0,ILLUMINA,Illumina MiSeq,SRP577400,PRJNA1248021,,1248021,SRS24649239,SAMN47844166,simple,646099,human metagenome,SECS_265_E-46,,,,,,,no,,,,,GEORGE WASHINGTON UNIVERSITY,SRA2108886,,public,F3C4AABDD0B8A787FE7E22AD6665584E,86C52C31BEC50FDDBDE45A8964858B3E
SRR33044581,2025-07-28 13:27:47,2025-04-09 09:40:06,21764,13093120,21764,601,6,,https://sra-downloadb.be-md.ncbi.nlm.nih.gov/sos7/sra-pub-zq-41/SRR033/33044/SRR33044581/SRR33044581.lite.1,SRX28310127,SECS_265_H-195_S195,AMPLICON,RANDOM PCR,METAGENOMIC,PAIRED,0,0,ILLUMINA,Illumina MiSeq,SRP577400,PRJNA1248021,,1248021,SRS24649240,SAMN47844167,simple,646099,human metagenome,SECS_265_H-195,,,,,,,no,,,,,GEORGE WASHINGTON UNIVERSITY,SRA2108886,,public,C40C2E5851E6DAE1E0256AD8DB6555FF,7284CF2D8BF68F392A00E0208F09CF38
SRR33044580,2025-07-28 13:27:47,2025-04-09 09:40:35,19547,11758677,19547,601,5,,https://sra-downloadb.be-md.ncbi.nlm.nih.gov/sos7/sra-pub-zq-41/SRR033/33044/SRR33044580/SRR33044580.lite.1,SRX28310128,SECS_265_P-207_S207,AMPLICON,RANDOM PCR,METAGENOMIC,PAIRED,0,0,ILLUMINA,Illumina MiSeq,SRP577400,PRJNA1248021,,1248021,SRS24649241,SAMN47844168,simple,646099,human metagenome,SECS_265_P-207,,,,,,,no,,,,,GEORGE WASHINGTON UNIVERSITY,SRA2108886,,public,5FACD6DFE11699D1E4ACE0C8963FBDB5,DCD5DD8C3E15721EA1432918705A0AFA
SRR33044578,2025-07-28 13:27:48,2025-04-09 09:40:17,20250,12178573,20250,601,5,,https://sra-downloadb.be-md.ncbi.nlm.nih.gov/sos7/sra-pub-zq-41/SRR033/33044/SRR33044578/SRR33044578.lite.1,SRX28310130,SECS_271_A-58_S58,AMPLICON,RANDOM PCR,METAGENOMIC,PAIRED,0,0,ILLUMINA,Illumina MiSeq,SRP577400,PRJNA1248021,,1248021,SRS24649243,SAMN47844169,simple,646099,human metagenome,SECS_271_A-58,,,,,,,no,,,,,GEORGE WASHINGTON UNIVERSITY,SRA2108886,,public,3E2A5148A4EAB444B20EEBC9301C4111,ABACE40288096A685A6BAD5B40E0A839
SRR33044577,2025-07-28 13:27:48,2025-04-09 09:40:17,20985,12616394,20985,601,5,,https://sra-downloadb.be-md.ncbi.nlm.nih.gov/sos7/sra-pub-zq-41/SRR033/33044/SRR33044577/SRR33044577.lite.1,SRX28310131,SECS_271_E-70_S70,AMPLICON,RANDOM PCR,METAGENOMIC,PAIRED,0,0,ILLUMINA,Illumina MiSeq,SRP577400,PRJNA1248021,,1248021,SRS24649244,SAMN47844170,simple,646099,human metagenome,SECS_271_E-70,,,,,,,no,,,,,GEORGE WASHINGTON UNIVERSITY,SRA2108886,,public,FE4AF73781DE3B9A31736053F064EF58,968F487D85B88326B62B2A361A26DB8E
SRR33044576,2025-07-28 13:27:48,2025-04-09 09:40:23,27944,16795078,27944,601,7,,https://sra-downloadb.be-md.ncbi.nlm.nih.gov/sos7/sra-pub-zq-41/SRR033/33044/SRR33044576/SRR33044576.lite.1,SRX28310132,SECS_271_H-266_S266,AMPLICON,RANDOM PCR,METAGENOMIC,PAIRED,0,0,ILLUMINA,Illumina MiSeq,SRP577400,PRJNA1248021,,1248021,SRS24649245,SAMN47844171,simple,646099,human metagenome,SECS_271_H-266,,,,,,,no,,,,,GEORGE WASHINGTON UNIVERSITY,SRA2108886,,public,8627DB7E37714DC24F504F413EAAACBE,E50D1792537F50A5E1B6E3806EB5F999
SRR33044575,2025-07-28 13:27:48,2025-04-09 09:40:18,20531,12349617,20531,601,5,,https://sra-downloadb.be-md.ncbi.nlm.nih.gov/sos7/sra-pub-zq-41/SRR033/33044/SRR33044575/SRR33044575.lite.1,SRX28310133,SECS_282_A-82_S82,AMPLICON,RANDOM PCR,METAGENOMIC,PAIRED,0,0,ILLUMINA,Illumina MiSeq,SRP577400,PRJNA1248021,,1248021,SRS24649246,SAMN47844172,simple,646099,human metagenome,SECS_282_A-82,,,,,,,no,,,,,GEORGE WASHINGTON UNIVERSITY,SRA2108886,,public,7D32C91720AF6779E5D1732A8B154E13,80E979B2ECAB1C1B0F738913642AEAEB
SRR33044574,2025-07-28 13:27:49,2025-04-09 09:40:15,17925,10783068,17925,601,5,,https://sra-downloadb.be-md.ncbi.nlm.nih.gov/sos7/sra-pub-zq-41/SRR033/33044/SRR33044574/SRR33044574.lite.1,SRX28310134,SECS_282_E-94_S94,AMPLICON,RANDOM PCR,METAGENOMIC,PAIRED,0,0,ILLUMINA,Illumina MiSeq,SRP577400,PRJNA1248021,,1248021,SRS24649247,SAMN47844173,simple,646099,human metagenome,SECS_282_E-94,,,,,,,no,,,,,GEORGE WASHINGTON UNIVERSITY,SRA2108886,,public,8191D0A76EB0D1A4589D751EB31AD610,BC7C8F60A09401316DBE9040490EC8A4
SRR33044573,2025-07-28 13:27:49,2025-04-09 09:40:18,31637,19022512,31637,601,8,,https://sra-downloadb.be-md.ncbi.nlm.nih.gov/sos7/sra-pub-zq-41/SRR033/33044/SRR33044573/SRR33044573.lite.1,SRX28310135,SECS_282_H-267_S267,AMPLICON,RANDOM PCR,METAGENOMIC,PAIRED,0,0,ILLUMINA,Illumina MiSeq,SRP577400,PRJNA1248021,,1248021,SRS24649248,SAMN47844174,simple,646099,human metagenome,SECS_282_H-267,,,,,,,no,,,,,GEORGE WASHINGTON UNIVERSITY,SRA2108886,,public,8D64F8D57747A10F2BCBCF4A0E56942B,A950452A442427544829E624D25A511F
SRR33044508,2025-07-28 13:27:41,2025-04-09 09:39:44,21763,13079664,21763,601,6,,https://sra-downloadb.be-md.ncbi.nlm.nih.gov/sos7/sra-pub-zq-41/SRR033/33044/SRR33044508/SRR33044508.lite.1,SRX28310059,SECS_721_A-265_S265,AMPLICON,RANDOM PCR,METAGENOMIC,PAIRED,0,0,ILLUMINA,Illumina MiSeq,SRP577400,PRJNA1248021,,1248021,SRS24649172,SAMN47844231,simple,646099,human metagenome,SECS_721_A-265,,,,,,,no,,,,,GEORGE WASHINGTON UNIVERSITY,SRA2108886,,public,41A358AD87CF27D410761D3859310FEC,1C41753C29CF62D6E892BC778D608F48
SRR33044593,2025-07-28 13:27:39,2025-04-09 09:40:17,15170,9117295,15170,601,4,,https://sra-downloadb.be-md.ncbi.nlm.nih.gov/sos7/sra-pub-zq-41/SRR033/33044/SRR33044593/SRR33044593.lite.1,SRX28310031,SECS_224_A-57_S57,AMPLICON,RANDOM PCR,METAGENOMIC,PAIRED,0,0,ILLUMINA,Illumina MiSeq,SRP577400,PRJNA1248021,,1248021,SRS24649144,SAMN47844156,simple,646099,human metagenome,SECS_224_A-57,,,,,,,no,,,,,GEORGE WASHINGTON UNIVERSITY,SRA2108886,,public,FC0C7DAF05432408C949B06C35B21F6E,61970F185A27F4C31B532515384B60C0
SRR33044633,2025-07-28 13:27:42,2025-04-09 09:40:07,21643,13015441,21643,601,5,,https://sra-downloadb.be-md.ncbi.nlm.nih.gov/sos7/sra-pub-zq-41/SRR033/33044/SRR33044633/SRR33044633.lite.1,SRX28310075,SECS-431-H_S211,AMPLICON,RANDOM PCR,METAGENOMIC,PAIRED,0,0,ILLUMINA,Illumina MiSeq,SRP577400,PRJNA1248021,,1248021,SRS24649188,SAMN47844041,simple,646099,human metagenome,SECS-431-H,,,,,,,no,,,,,GEORGE WASHINGTON UNIVERSITY,SRA2108886,,public,83BAFA39189E8BC93CFA38C0D0942D95,FAA5430196BCD91A270B56B704F4B59A
SRR33044634,2025-07-28 13:27:42,2025-04-09 09:40:11,24367,14658139,24367,601,6,,https://sra-downloadb.be-md.ncbi.nlm.nih.gov/sos7/sra-pub-zq-41/SRR033/33044/SRR33044634/SRR33044634.lite.1,SRX28310074,SECS-431-E_S296,AMPLICON,RANDOM PCR,METAGENOMIC,PAIRED,0,0,ILLUMINA,Illumina MiSeq,SRP577400,PRJNA1248021,,1248021,SRS24649187,SAMN47844040,simple,646099,human metagenome,SECS-431-E,,,,,,,no,,,,,GEORGE WASHINGTON UNIVERSITY,SRA2108886,,public,A403DC7E177E5C46D5F66A7125BA147A,4EB2E1157061A5F4FA94588C95387FE6
SRR33044635,2025-07-28 13:27:42,2025-04-09 09:40:10,23131,13911793,23131,601,6,,https://sra-downloadb.be-md.ncbi.nlm.nih.gov/sos7/sra-pub-zq-41/SRR033/33044/SRR33044635/SRR33044635.lite.1,SRX28310073,SECS-431-A_S308,AMPLICON,RANDOM PCR,METAGENOMIC,PAIRED,0,0,ILLUMINA,Illumina MiSeq,SRP577400,PRJNA1248021,,1248021,SRS24649186,SAMN47844039,simple,646099,human metagenome,SECS-431-A,,,,,,,no,,,,,GEORGE WASHINGTON UNIVERSITY,SRA2108886,,public,10B1E25CED540BF60D7577BA5FF36371,DAF94F75A562DE6745CC297462E4839C
SRR33044636,2025-07-28 13:27:42,2025-04-09 09:40:25,31618,19022707,31618,601,8,,https://sra-downloadb.be-md.ncbi.nlm.nih.gov/sos7/sra-pub-zq-41/SRR033/33044/SRR33044636/SRR33044636.lite.1,SRX28310072,SECS-154-H_S229,AMPLICON,RANDOM PCR,METAGENOMIC,PAIRED,0,0,ILLUMINA,Illumina MiSeq,SRP577400,PRJNA1248021,,1248021,SRS24649185,SAMN47843985,simple,646099,human metagenome,SECS-154-H,,,,,,,no,,,,,GEORGE WASHINGTON UNIVERSITY,SRA2108886,,public,4D71DA4E8AFC041C55A2CD44029B79FD,95C92B04D628F122EFA8C13850B2C106
SRR33044637,2025-07-28 13:27:42,2025-04-09 09:40:35,32895,19756255,32895,600,8,,https://sra-downloadb.be-md.ncbi.nlm.nih.gov/sos7/sra-pub-zq-41/SRR033/33044/SRR33044637/SRR33044637.lite.1,SRX28310071,SECS-430-H_S199,AMPLICON,RANDOM PCR,METAGENOMIC,PAIRED,0,0,ILLUMINA,Illumina MiSeq,SRP577400,PRJNA1248021,,1248021,SRS24649184,SAMN47844038,simple,646099,human metagenome,SECS-430-H,,,,,,,no,,,,,GEORGE WASHINGTON UNIVERSITY,SRA2108886,,public,13B998988D12DC91D2F467BE661C8DD8,AF268A8E7AC4398B53EBE31A6AEC12D6
SRR33044638,2025-07-28 13:27:42,2025-04-09 09:40:19,25081,15076046,25081,601,6,,https://sra-downloadb.be-md.ncbi.nlm.nih.gov/sos7/sra-pub-zq-41/SRR033/33044/SRR33044638/SRR33044638.lite.1,SRX28310070,SECS-430-E_S367,AMPLICON,RANDOM PCR,METAGENOMIC,PAIRED,0,0,ILLUMINA,Illumina MiSeq,SRP577400,PRJNA1248021,,1248021,SRS24649183,SAMN47844037,simple,646099,human metagenome,SECS-430-E,,,,,,,no,,,,,GEORGE WASHINGTON UNIVERSITY,SRA2108886,,public,8AE9F8ECA954C4195A1AF1FC5BDAC655,2FD55A09666D7CB32B9B5AA12553E7D7
SRR33044639,2025-07-28 13:27:42,2025-04-09 09:40:12,28055,16862561,28055,601,7,,https://sra-downloadb.be-md.ncbi.nlm.nih.gov/sos7/sra-pub-zq-41/SRR033/33044/SRR33044639/SRR33044639.lite.1,SRX28310069,SECS-430-A_S379,AMPLICON,RANDOM PCR,METAGENOMIC,PAIRED,0,0,ILLUMINA,Illumina MiSeq,SRP577400,PRJNA1248021,,1248021,SRS24649182,SAMN47844036,simple,646099,human metagenome,SECS-430-A,,,,,,,no,,,,,GEORGE WASHINGTON UNIVERSITY,SRA2108886,,public,2E9D875B4C870D7790EEF94EE1970C7A,E6EE5CD699DDB78A3A6805CB825FE2D1
SRR33044640,2025-07-28 13:27:42,2025-04-09 09:40:08,24606,14794261,24606,601,6,,https://sra-downloadb.be-md.ncbi.nlm.nih.gov/sos7/sra-pub-zq-41/SRR033/33044/SRR33044640/SRR33044640.lite.1,SRX28310068,SECS-429-P_S282,AMPLICON,RANDOM PCR,METAGENOMIC,PAIRED,0,0,ILLUMINA,Illumina MiSeq,SRP577400,PRJNA1248021,,1248021,SRS24649181,SAMN47844035,simple,646099,human metagenome,SECS-429-P,,,,,,,no,,,,,GEORGE WASHINGTON UNIVERSITY,SRA2108886,,public,BF7EBA9371CD5CE13D8C3EFFCB8DB9B3,486FB6EFF62BB22EC12EC880CF52742C
SRR33044641,2025-07-28 13:27:42,2025-04-09 09:40:31,22047,13261113,22047,601,5,,https://sra-downloadb.be-md.ncbi.nlm.nih.gov/sos7/sra-pub-zq-41/SRR033/33044/SRR33044641/SRR33044641.lite.1,SRX28310067,SECS-429-H_S270,AMPLICON,RANDOM PCR,METAGENOMIC,PAIRED,0,0,ILLUMINA,Illumina MiSeq,SRP577400,PRJNA1248021,,1248021,SRS24649180,SAMN47844034,simple,646099,human metagenome,SECS-429-H,,,,,,,no,,,,,GEORGE WASHINGTON UNIVERSITY,SRA2108886,,public,0E9B2513B239FD35256DADACFD7A99BF,EF14AF89DD8BD015681BD7DAF4E31F94
SRR33044642,2025-07-28 13:27:42,2025-04-09 09:40:15,31689,19062495,31689,601,8,,https://sra-downloadb.be-md.ncbi.nlm.nih.gov/sos7/sra-pub-zq-41/SRR033/33044/SRR33044642/SRR33044642.lite.1,SRX28310066,SECS-429-A_S355,AMPLICON,RANDOM PCR,METAGENOMIC,PAIRED,0,0,ILLUMINA,Illumina MiSeq,SRP577400,PRJNA1248021,,1248021,SRS24649179,SAMN47844033,simple,646099,human metagenome,SECS-429-A,,,,,,,no,,,,,GEORGE WASHINGTON UNIVERSITY,SRA2108886,,public,0CD06E0825953ECD835B02BD02418807,2E82CE1B0EC115D2E424C9F5B6EF5E7F
SRR33044643,2025-07-28 13:27:42,2025-04-09 09:40:36,35671,21459386,35671,601,9,,https://sra-downloadb.be-md.ncbi.nlm.nih.gov/sos7/sra-pub-zq-41/SRR033/33044/SRR33044643/SRR33044643.lite.1,SRX28310065,SECS-427-P_S258,AMPLICON,RANDOM PCR,METAGENOMIC,PAIRED,0,0,ILLUMINA,Illumina MiSeq,SRP577400,PRJNA1248021,,1248021,SRS24649178,SAMN47844032,simple,646099,human metagenome,SECS-427-P,,,,,,,no,,,,,GEORGE WASHINGTON UNIVERSITY,SRA2108886,,public,59DD32C41947C1CD5A0812780697C33F,D22FD9DA187945EE5BF7C996529D22D9
SRR33044644,2025-07-28 13:27:42,2025-04-09 09:40:10,32095,19308997,32095,601,8,,https://sra-downloadb.be-md.ncbi.nlm.nih.gov/sos7/sra-pub-zq-41/SRR033/33044/SRR33044644/SRR33044644.lite.1,SRX28310064,SECS-427-H_S246,AMPLICON,RANDOM PCR,METAGENOMIC,PAIRED,0,0,ILLUMINA,Illumina MiSeq,SRP577400,PRJNA1248021,,1248021,SRS24649177,SAMN47844031,simple,646099,human metagenome,SECS-427-H,,,,,,,no,,,,,GEORGE WASHINGTON UNIVERSITY,SRA2108886,,public,76A1B5086C6DAB6FDCCC2F9A09889E26,521F712959CF97AA9BE85916111B9C27
SRR33044645,2025-07-28 13:27:42,2025-04-09 09:40:25,45462,27348185,45462,601,11,,https://sra-downloadb.be-md.ncbi.nlm.nih.gov/sos7/sra-pub-zq-41/SRR033/33044/SRR33044645/SRR33044645.lite.1,SRX28310063,SECS-427-E_S319,AMPLICON,RANDOM PCR,METAGENOMIC,PAIRED,0,0,ILLUMINA,Illumina MiSeq,SRP577400,PRJNA1248021,,1248021,SRS24649176,SAMN47844030,simple,646099,human metagenome,SECS-427-E,,,,,,,no,,,,,GEORGE WASHINGTON UNIVERSITY,SRA2108886,,public,489A9726FBD93C7C2A990648A09D0F2C,65A01B253CECEB9D970BFA6FE8449487
SRR33044646,2025-07-28 13:27:42,2025-04-09 09:40:26,38839,23363488,38839,601,10,,https://sra-downloadb.be-md.ncbi.nlm.nih.gov/sos7/sra-pub-zq-41/SRR033/33044/SRR33044646/SRR33044646.lite.1,SRX28310062,SECS-427-A_S331,AMPLICON,RANDOM PCR,METAGENOMIC,PAIRED,0,0,ILLUMINA,Illumina MiSeq,SRP577400,PRJNA1248021,,1248021,SRS24649175,SAMN47844029,simple,646099,human metagenome,SECS-427-A,,,,,,,no,,,,,GEORGE WASHINGTON UNIVERSITY,SRA2108886,,public,4F7DCDB78ADC56DA807541FABCA24D0C,8781DDF43ADA40D39B7B06AB1BB4C6CB
SRR33044647,2025-07-28 13:27:40,2025-04-09 09:40:10,29898,17990300,29898,601,7,,https://sra-downloadb.be-md.ncbi.nlm.nih.gov/sos7/sra-pub-zq-41/SRR033/33044/SRR33044647/SRR33044647.lite.1,SRX28310061,SECS-154-E_S290,AMPLICON,RANDOM PCR,METAGENOMIC,PAIRED,0,0,ILLUMINA,Illumina MiSeq,SRP577400,PRJNA1248021,,1248021,SRS24649174,SAMN47843984,simple,646099,human metagenome,SECS-154-E,,,,,,,no,,,,,GEORGE WASHINGTON UNIVERSITY,SRA2108886,,public,81971263861BAE037AA93E5FAC7F2BD6,8C3E89AE9AF8F5285560C63636E1DB41
SRR33044648,2025-07-28 13:27:40,2025-04-09 09:40:06,9029,5429929,9029,601,2,,https://sra-downloadb.be-md.ncbi.nlm.nih.gov/sos7/sra-pub-zq-41/SRR033/33044/SRR33044648/SRR33044648.lite.1,SRX28310060,SECS-425-P_S234,AMPLICON,RANDOM PCR,METAGENOMIC,PAIRED,0,0,ILLUMINA,Illumina MiSeq,SRP577400,PRJNA1248021,,1248021,SRS24649173,SAMN47844028,simple,646099,human metagenome,SECS-425-P,,,,,,,no,,,,,GEORGE WASHINGTON UNIVERSITY,SRA2108886,,public,87B9EAD771BCC48A4E877186F810B889,39E0C6C3505BE7D6C15692CC16BEE073
SRR33044686,2025-07-28 13:27:38,2025-04-09 09:40:25,23333,14032687,23333,601,6,,https://sra-downloadb.be-md.ncbi.nlm.nih.gov/sos7/sra-pub-zq-41/SRR033/33044/SRR33044686/SRR33044686.lite.1,SRX28310022,SECS_209_A-32_S32,AMPLICON,RANDOM PCR,METAGENOMIC,PAIRED,0,0,ILLUMINA,Illumina MiSeq,SRP577400,PRJNA1248021,,1248021,SRS24649135,SAMN47844148,simple,646099,human metagenome,SECS_209_A-32,,,,,,,no,,,,,GEORGE WASHINGTON UNIVERSITY,SRA2108886,,public,61E0AF68A46BD3BC3E02202467C28C71,9CB69D00930AA5A816A09DE8A967E90E
SRR33044685,2025-07-28 13:27:36,2025-04-09 09:40:25,22783,13705058,22783,601,6,,https://sra-downloadb.be-md.ncbi.nlm.nih.gov/sos7/sra-pub-zq-41/SRR033/33044/SRR33044685/SRR33044685.lite.1,SRX28310023,SECS-190-P_S265,AMPLICON,RANDOM PCR,METAGENOMIC,PAIRED,0,0,ILLUMINA,Illumina MiSeq,SRP577400,PRJNA1248021,,1248021,SRS24649136,SAMN47843996,simple,646099,human metagenome,SECS-190-P,,,,,,,no,,,,,GEORGE WASHINGTON UNIVERSITY,SRA2108886,,public,7849FE4DC23EED174FC2248F9D1F312A,5565D6FC1951D6F6DCB9DE78F13CC98D
SRR33044684,2025-07-28 13:27:36,2025-04-09 09:40:26,23676,14238773,23676,601,6,,https://sra-downloadb.be-md.ncbi.nlm.nih.gov/sos7/sra-pub-zq-41/SRR033/33044/SRR33044684/SRR33044684.lite.1,SRX28310024,SECS_209_E-44_S44,AMPLICON,RANDOM PCR,METAGENOMIC,PAIRED,0,0,ILLUMINA,Illumina MiSeq,SRP577400,PRJNA1248021,,1248021,SRS24649137,SAMN47844149,simple,646099,human metagenome,SECS_209_E-44,,,,,,,no,,,,,GEORGE WASHINGTON UNIVERSITY,SRA2108886,,public,102FDC2390820669C9017681D092B24A,87777D772A9C76F7BD18247B470AA918
SRR33044683,2025-07-28 13:27:38,2025-04-09 09:40:23,20203,12153646,20203,601,5,,https://sra-downloadb.be-md.ncbi.nlm.nih.gov/sos7/sra-pub-zq-41/SRR033/33044/SRR33044683/SRR33044683.lite.1,SRX28310025,SECS_209_H-218_S218,AMPLICON,RANDOM PCR,METAGENOMIC,PAIRED,0,0,ILLUMINA,Illumina MiSeq,SRP577400,PRJNA1248021,,1248021,SRS24649138,SAMN47844150,simple,646099,human metagenome,SECS_209_H-218,,,,,,,no,,,,,GEORGE WASHINGTON UNIVERSITY,SRA2108886,,public,77A62611A2AA628C6A11944B528D7A56,8B5E94544B6CF22550FB0340EA41CFB6
SRR33044682,2025-07-28 13:27:38,2025-04-09 09:40:24,20049,12061240,20049,601,5,,https://sra-downloadb.be-md.ncbi.nlm.nih.gov/sos7/sra-pub-zq-41/SRR033/33044/SRR33044682/SRR33044682.lite.1,SRX28310026,SECS_209_P-230_S230,AMPLICON,RANDOM PCR,METAGENOMIC,PAIRED,0,0,ILLUMINA,Illumina MiSeq,SRP577400,PRJNA1248021,,1248021,SRS24649139,SAMN47844151,simple,646099,human metagenome,SECS_209_P-230,,,,,,,no,,,,,GEORGE WASHINGTON UNIVERSITY,SRA2108886,,public,D6BBCF60870E7D2AF7782564A0BC077C,4795FC06FD8E74716FEBFCE6BC162C8F
SRR33044681,2025-07-28 13:27:38,2025-04-09 09:40:25,19504,11733719,19504,601,5,,https://sra-downloadb.be-md.ncbi.nlm.nih.gov/sos7/sra-pub-zq-41/SRR033/33044/SRR33044681/SRR33044681.lite.1,SRX28310027,SECS_213_A2-56_S56,AMPLICON,RANDOM PCR,METAGENOMIC,PAIRED,0,0,ILLUMINA,Illumina MiSeq,SRP577400,PRJNA1248021,,1248021,SRS24649140,SAMN47844152,simple,646099,human metagenome,SECS_213_A2-56,,,,,,,no,,,,,GEORGE WASHINGTON UNIVERSITY,SRA2108886,,public,C729C05BA6523F852A11627789711A3B,8C957EC01DB53D514B5DD18A668A76D0
SRR33044680,2025-07-28 13:27:36,2025-04-09 09:40:20,19754,11879871,19754,601,5,,https://sra-downloadb.be-md.ncbi.nlm.nih.gov/sos7/sra-pub-zq-41/SRR033/33044/SRR33044680/SRR33044680.lite.1,SRX28310028,SECS_213_E2-68_S68,AMPLICON,RANDOM PCR,METAGENOMIC,PAIRED,0,0,ILLUMINA,Illumina MiSeq,SRP577400,PRJNA1248021,,1248021,SRS24649141,SAMN47844153,simple,646099,human metagenome,SECS_213_E2-68,,,,,,,no,,,,,GEORGE WASHINGTON UNIVERSITY,SRA2108886,,public,82F0465DE3FBEB58A53D477CAD513759,9F2A56066AAD94E985F58C15565A3305
SRR33044679,2025-07-28 13:27:36,2025-04-09 09:40:29,32397,19451638,32397,600,8,,https://sra-downloadb.be-md.ncbi.nlm.nih.gov/sos7/sra-pub-zq-41/SRR033/33044/SRR33044679/SRR33044679.lite.1,SRX28310029,SECS_213_H2-269_S269,AMPLICON,RANDOM PCR,METAGENOMIC,PAIRED,0,0,ILLUMINA,Illumina MiSeq,SRP577400,PRJNA1248021,,1248021,SRS24649142,SAMN47844154,simple,646099,human metagenome,SECS_213_H2-269,,,,,,,no,,,,,GEORGE WASHINGTON UNIVERSITY,SRA2108886,,public,3D3218BE0E3E9D120D3FE5465FC23D46,04B8ADC8633E065F65CF1B0288F4C68B
SRR33044678,2025-07-28 13:27:39,2025-04-09 09:40:14,22744,13647484,22744,600,6,,https://sra-downloadb.be-md.ncbi.nlm.nih.gov/sos7/sra-pub-zq-41/SRR033/33044/SRR33044678/SRR33044678.lite.1,SRX28310030,SECS_213_P2-281_S281,AMPLICON,RANDOM PCR,METAGENOMIC,PAIRED,0,0,ILLUMINA,Illumina MiSeq,SRP577400,PRJNA1248021,,1248021,SRS24649143,SAMN47844155,simple,646099,human metagenome,SECS_213_P2-281,,,,,,,no,,,,,GEORGE WASHINGTON UNIVERSITY,SRA2108886,,public,5BC2B44E425AC112C6BD4F12F3CDDC9C,F48620F04337497FF0285CD6F8FE1673
SRR33044676,2025-07-28 13:27:39,2025-04-09 09:40:26,28061,16794208,28061,598,7,,https://sra-downloadb.be-md.ncbi.nlm.nih.gov/sos7/sra-pub-zq-41/SRR033/33044/SRR33044676/SRR33044676.lite.1,SRX28310032,SECS_635_P-280_S280,AMPLICON,RANDOM PCR,METAGENOMIC,PAIRED,0,0,ILLUMINA,Illumina MiSeq,SRP577400,PRJNA1248021,,1248021,SRS24649145,SAMN47844207,simple,646099,human metagenome,SECS_635_P-280,,,,,,,no,,,,,GEORGE WASHINGTON UNIVERSITY,SRA2108886,,public,F8B2128D7708DD18E1C9BC3A9B7E35D8,83FE322159477B60A74D1C57C5F3B6D6
SRR33044675,2025-07-28 13:27:39,2025-04-09 09:40:11,27436,16501727,27436,601,7,,https://sra-downloadb.be-md.ncbi.nlm.nih.gov/sos7/sra-pub-zq-41/SRR033/33044/SRR33044675/SRR33044675.lite.1,SRX28310033,SECS_642_A-36_S36,AMPLICON,RANDOM PCR,METAGENOMIC,PAIRED,0,0,ILLUMINA,Illumina MiSeq,SRP577400,PRJNA1248021,,1248021,SRS24649146,SAMN47844208,simple,646099,human metagenome,SECS_642_A-36,,,,,,,no,,,,,GEORGE WASHINGTON UNIVERSITY,SRA2108886,,public,6E3E1FA7172632A9CF656228E4B26E57,09ABE4E9CF7AB850F135A4A0C851A913
SRR33044674,2025-07-28 13:27:39,2025-04-09 09:40:09,33598,20209359,33598,601,8,,https://sra-downloadb.be-md.ncbi.nlm.nih.gov/sos7/sra-pub-zq-41/SRR033/33044/SRR33044674/SRR33044674.lite.1,SRX28310034,SECS-214-E_S35,AMPLICON,RANDOM PCR,METAGENOMIC,PAIRED,0,0,ILLUMINA,Illumina MiSeq,SRP577400,PRJNA1248021,,1248021,SRS24649147,SAMN47844002,simple,646099,human metagenome,SECS-214-E,,,,,,,no,,,,,GEORGE WASHINGTON UNIVERSITY,SRA2108886,,public,90304956379FDE265C451A3ECF9B44AA,F29A432D46702E93CFB4773D4D73849D
SRR33044692,2025-07-28 13:27:37,2025-04-09 09:40:32,34491,20730462,34491,601,9,,https://sra-downloadb.be-md.ncbi.nlm.nih.gov/sos7/sra-pub-zq-41/SRR033/33044/SRR33044692/SRR33044692.lite.1,SRX28310016,SECS-777-E-1-10_S70,AMPLICON,RANDOM PCR,METAGENOMIC,PAIRED,0,0,ILLUMINA,Illumina MiSeq,SRP577400,PRJNA1248021,,1248021,SRS24649129,SAMN47844142,simple,646099,human metagenome,SECS-777-E-1-10,,,,,,,no,,,,,GEORGE WASHINGTON UNIVERSITY,SRA2108886,,public,8EA6BF268B0F2E80DA4A0DBF5EE8C5AC,B000B854E617C9056E86F4B1CE5B69C6
SRR33044691,2025-07-28 13:27:37,2025-04-09 09:40:22,18133,10906187,18133,601,4,,https://sra-downloadb.be-md.ncbi.nlm.nih.gov/sos7/sra-pub-zq-41/SRR033/33044/SRR33044691/SRR33044691.lite.1,SRX28310017,SECS-777-H_S323,AMPLICON,RANDOM PCR,METAGENOMIC,PAIRED,0,0,ILLUMINA,Illumina MiSeq,SRP577400,PRJNA1248021,,1248021,SRS24649130,SAMN47844143,simple,646099,human metagenome,SECS-777-H,,,,,,,no,,,,,GEORGE WASHINGTON UNIVERSITY,SRA2108886,,public,EB28DE1978DEB0C4239B00BD19351B58,F59E10359DCA96D99720A87A5C4B1162
SRR33044690,2025-07-28 13:27:38,2025-04-09 09:40:23,19620,11800020,19620,601,5,,https://sra-downloadb.be-md.ncbi.nlm.nih.gov/sos7/sra-pub-zq-41/SRR033/33044/SRR33044690/SRR33044690.lite.1,SRX28310018,SECS-777-P_S335,AMPLICON,RANDOM PCR,METAGENOMIC,PAIRED,0,0,ILLUMINA,Illumina MiSeq,SRP577400,PRJNA1248021,,1248021,SRS24649131,SAMN47844144,simple,646099,human metagenome,SECS-777-P,,,,,,,no,,,,,GEORGE WASHINGTON UNIVERSITY,SRA2108886,,public,38CEC0C885073EFEFBB4BF7722EEC98A,E1371835FFA89085B04592A1F0EEEE4A
SRR33044689,2025-07-28 13:27:38,2025-04-09 09:40:28,27250,16397366,27250,601,7,,https://sra-downloadb.be-md.ncbi.nlm.nih.gov/sos7/sra-pub-zq-41/SRR033/33044/SRR33044689/SRR33044689.lite.1,SRX28310019,SECS-933-E_S245,AMPLICON,RANDOM PCR,METAGENOMIC,PAIRED,0,0,ILLUMINA,Illumina MiSeq,SRP577400,PRJNA1248021,,1248021,SRS24649132,SAMN47844145,simple,646099,human metagenome,SECS-933-E,,,,,,,no,,,,,GEORGE WASHINGTON UNIVERSITY,SRA2108886,,public,CE412E81380BEE43545B4C3FD07060ED,C64AC401A756F2FA520E6A8F8297CB76
SRR33044688,2025-07-28 13:27:38,2025-04-09 09:40:35,13076,7866820,13076,601,3,,https://sra-downloadb.be-md.ncbi.nlm.nih.gov/sos7/sra-pub-zq-41/SRR033/33044/SRR33044688/SRR33044688.lite.1,SRX28310020,SECS-933-H_S240,AMPLICON,RANDOM PCR,METAGENOMIC,PAIRED,0,0,ILLUMINA,Illumina MiSeq,SRP577400,PRJNA1248021,,1248021,SRS24649133,SAMN47844146,simple,646099,human metagenome,SECS-933-H,,,,,,,no,,,,,GEORGE WASHINGTON UNIVERSITY,SRA2108886,,public,EAF60771F375D32850F7E9ED1F88145C,BEFDC6B1E4C2255BB4D78C146E5997B9
SRR33044687,2025-07-28 13:27:38,2025-04-09 09:40:26,24332,14642244,24332,601,6,,https://sra-downloadb.be-md.ncbi.nlm.nih.gov/sos7/sra-pub-zq-41/SRR033/33044/SRR33044687/SRR33044687.lite.1,SRX28310021,SECS-933-P_S252,AMPLICON,RANDOM PCR,METAGENOMIC,PAIRED,0,0,ILLUMINA,Illumina MiSeq,SRP577400,PRJNA1248021,,1248021,SRS24649134,SAMN47844147,simple,646099,human metagenome,SECS-933-P,,,,,,,no,,,,,GEORGE WASHINGTON UNIVERSITY,SRA2108886,,public,0EBCD389E000408553255F9842872E90,3CDF4EA96A8D2424EC42F66EE753941F
SRR33044673,2025-07-28 13:27:39,2025-04-09 09:40:09,20554,12363850,20554,601,5,,https://sra-downloadb.be-md.ncbi.nlm.nih.gov/sos7/sra-pub-zq-41/SRR033/33044/SRR33044673/SRR33044673.lite.1,SRX28310035,SECS_642_E-48_S48,AMPLICON,RANDOM PCR,METAGENOMIC,PAIRED,0,0,ILLUMINA,Illumina MiSeq,SRP577400,PRJNA1248021,,1248021,SRS24649148,SAMN47844209,simple,646099,human metagenome,SECS_642_E-48,,,,,,,no,,,,,GEORGE WASHINGTON UNIVERSITY,SRA2108886,,public,CDF90482F8384D698491316ABB60DBB7,FB607566A34C9FB76B431183D92F55FC
SRR33044672,2025-07-28 13:27:39,2025-04-09 09:40:22,22440,13494849,22440,601,6,,https://sra-downloadb.be-md.ncbi.nlm.nih.gov/sos7/sra-pub-zq-41/SRR033/33044/SRR33044672/SRR33044672.lite.1,SRX28310036,SECS_642_H-220_S220,AMPLICON,RANDOM PCR,METAGENOMIC,PAIRED,0,0,ILLUMINA,Illumina MiSeq,SRP577400,PRJNA1248021,,1248021,SRS24649149,SAMN47844210,simple,646099,human metagenome,SECS_642_H-220,,,,,,,no,,,,,GEORGE WASHINGTON UNIVERSITY,SRA2108886,,public,18DB9F523A173F96C989D1E88A71E774,D85419C3CD242238611F9A8460D8A9EE
SRR33044671,2025-07-28 13:27:39,2025-04-09 09:40:14,34958,21025459,34958,601,10,,https://sra-downloadb.be-md.ncbi.nlm.nih.gov/sos7/sra-pub-zq-41/SRR033/33044/SRR33044671/SRR33044671.lite.1,SRX28310037,SECS_642_P-232_S232,AMPLICON,RANDOM PCR,METAGENOMIC,PAIRED,0,0,ILLUMINA,Illumina MiSeq,SRP577400,PRJNA1248021,,1248021,SRS24649150,SAMN47844211,simple,646099,human metagenome,SECS_642_P-232,,,,,,,no,,,,,GEORGE WASHINGTON UNIVERSITY,SRA2108886,,public,99D7AE9DD5C3B6A06A6B8261F036A18E,81572A72D27030824FFACEFAB123B5DC
SRR33044670,2025-07-28 13:27:40,2025-04-09 09:40:09,22392,13467662,22392,601,6,,https://sra-downloadb.be-md.ncbi.nlm.nih.gov/sos7/sra-pub-zq-41/SRR033/33044/SRR33044670/SRR33044670.lite.1,SRX28310038,SECS_673_A-60_S60,AMPLICON,RANDOM PCR,METAGENOMIC,PAIRED,0,0,ILLUMINA,Illumina MiSeq,SRP577400,PRJNA1248021,,1248021,SRS24649151,SAMN47844212,simple,646099,human metagenome,SECS_673_A-60,,,,,,,no,,,,,GEORGE WASHINGTON UNIVERSITY,SRA2108886,,public,580C88ACB118D00E7ECF37546FC5BC4B,02A6BE94AC995E08F50C9705AB857FEE
SRR33044669,2025-07-28 13:27:40,2025-04-09 09:40:13,22133,13305465,22133,601,6,,https://sra-downloadb.be-md.ncbi.nlm.nih.gov/sos7/sra-pub-zq-41/SRR033/33044/SRR33044669/SRR33044669.lite.1,SRX28310039,SECS_673_E-72_S72,AMPLICON,RANDOM PCR,METAGENOMIC,PAIRED,0,0,ILLUMINA,Illumina MiSeq,SRP577400,PRJNA1248021,,1248021,SRS24649152,SAMN47844213,simple,646099,human metagenome,SECS_673_E-72,,,,,,,no,,,,,GEORGE WASHINGTON UNIVERSITY,SRA2108886,,public,C517ED8D778D1B87B414BD7B880A1B77,E4A0E53FFC30BC4043B7587070529281
SRR33044668,2025-07-28 13:27:40,2025-04-09 09:40:11,20274,12196768,20274,601,5,,https://sra-downloadb.be-md.ncbi.nlm.nih.gov/sos7/sra-pub-zq-41/SRR033/33044/SRR33044668/SRR33044668.lite.1,SRX28310040,SECS_673_H-244_S244,AMPLICON,RANDOM PCR,METAGENOMIC,PAIRED,0,0,ILLUMINA,Illumina MiSeq,SRP577400,PRJNA1248021,,1248021,SRS24649153,SAMN47844214,simple,646099,human metagenome,SECS_673_H-244,,,,,,,no,,,,,GEORGE WASHINGTON UNIVERSITY,SRA2108886,,public,EAE76F8D7142ED4DA93258D22C7073F1,9EE74A4E94FCADA2B86CB4497E2AEEAE
SRR33044667,2025-07-28 13:27:40,2025-04-09 09:40:22,20494,12327458,20494,601,5,,https://sra-downloadb.be-md.ncbi.nlm.nih.gov/sos7/sra-pub-zq-41/SRR033/33044/SRR33044667/SRR33044667.lite.1,SRX28310041,SECS_673_P-256_S256,AMPLICON,RANDOM PCR,METAGENOMIC,PAIRED,0,0,ILLUMINA,Illumina MiSeq,SRP577400,PRJNA1248021,,1248021,SRS24649154,SAMN47844215,simple,646099,human metagenome,SECS_673_P-256,,,,,,,no,,,,,GEORGE WASHINGTON UNIVERSITY,SRA2108886,,public,0536321AC236584628B0A30F3FDD0F2E,6B8A94276DD4BE93C88F59114B773A21
SRR33044666,2025-07-28 13:27:41,2025-04-09 09:40:22,20947,12600828,20947,601,5,,https://sra-downloadb.be-md.ncbi.nlm.nih.gov/sos7/sra-pub-zq-41/SRR033/33044/SRR33044666/SRR33044666.lite.1,SRX28310042,SECS_714_A-84_S84,AMPLICON,RANDOM PCR,METAGENOMIC,PAIRED,0,0,ILLUMINA,Illumina MiSeq,SRP577400,PRJNA1248021,,1248021,SRS24649155,SAMN47844216,simple,646099,human metagenome,SECS_714_A-84,,,,,,,no,,,,,GEORGE WASHINGTON UNIVERSITY,SRA2108886,,public,CD8DC707DD4E3EDE75BCEEEE2576D8E2,4B0CA393BC16A311D701473ECAC55CAD
SRR33044665,2025-07-28 13:27:41,2025-04-09 09:40:13,23295,14013393,23295,601,6,,https://sra-downloadb.be-md.ncbi.nlm.nih.gov/sos7/sra-pub-zq-41/SRR033/33044/SRR33044665/SRR33044665.lite.1,SRX28310043,SECS_714_E-96_S96,AMPLICON,RANDOM PCR,METAGENOMIC,PAIRED,0,0,ILLUMINA,Illumina MiSeq,SRP577400,PRJNA1248021,,1248021,SRS24649156,SAMN47844217,simple,646099,human metagenome,SECS_714_E-96,,,,,,,no,,,,,GEORGE WASHINGTON UNIVERSITY,SRA2108886,,public,78B31D3DD41E663FE42AE500F385E41F,F33E3F02FBA43E35E6D8066CC5C47C35
SRR33044664,2025-07-28 13:27:41,2025-04-09 09:40:24,29864,17964158,29864,601,8,,https://sra-downloadb.be-md.ncbi.nlm.nih.gov/sos7/sra-pub-zq-41/SRR033/33044/SRR33044664/SRR33044664.lite.1,SRX28310044,SECS_714_H-221_S221,AMPLICON,RANDOM PCR,METAGENOMIC,PAIRED,0,0,ILLUMINA,Illumina MiSeq,SRP577400,PRJNA1248021,,1248021,SRS24649157,SAMN47844218,simple,646099,human metagenome,SECS_714_H-221,,,,,,,no,,,,,GEORGE WASHINGTON UNIVERSITY,SRA2108886,,public,F468FA11247FBFE65FFCC0DCB4CA1AF6,F8D98C228238E17CF45D2FCA4F61EB24
SRR33044663,2025-07-28 13:27:41,2025-04-09 09:40:24,37519,22573564,37519,601,9,,https://sra-downloadb.be-md.ncbi.nlm.nih.gov/sos7/sra-pub-zq-41/SRR033/33044/SRR33044663/SRR33044663.lite.1,SRX28310045,SECS-214-P-1-10_S204,AMPLICON,RANDOM PCR,METAGENOMIC,PAIRED,0,0,ILLUMINA,Illumina MiSeq,SRP577400,PRJNA1248021,,1248021,SRS24649158,SAMN47844003,simple,646099,human metagenome,SECS-214-P-1-10,,,,,,,no,,,,,GEORGE WASHINGTON UNIVERSITY,SRA2108886,,public,612FB92C03A02D11FD034D1D71CBEC8F,05E9F7DCD9A7311B3ED53BEECAD09470
SRR33044662,2025-07-28 13:27:41,2025-04-09 09:40:12,21179,12741356,21179,601,5,,https://sra-downloadb.be-md.ncbi.nlm.nih.gov/sos7/sra-pub-zq-41/SRR033/33044/SRR33044662/SRR33044662.lite.1,SRX28310046,SECS_714_P-233_S233,AMPLICON,RANDOM PCR,METAGENOMIC,PAIRED,0,0,ILLUMINA,Illumina MiSeq,SRP577400,PRJNA1248021,,1248021,SRS24649159,SAMN47844219,simple,646099,human metagenome,SECS_714_P-233,,,,,,,no,,,,,GEORGE WASHINGTON UNIVERSITY,SRA2108886,,public,69112B3414D0B8DA57B036D84741013D,3AB21EFD28AD93F3FCAD9D404594BE39
SRR33044661,2025-07-28 13:27:41,2025-04-09 09:40:07,19553,11749353,19553,600,5,,https://sra-downloadb.be-md.ncbi.nlm.nih.gov/sos7/sra-pub-zq-41/SRR033/33044/SRR33044661/SRR33044661.lite.1,SRX28310047,SECS_716_A-193_S193,AMPLICON,RANDOM PCR,METAGENOMIC,PAIRED,0,0,ILLUMINA,Illumina MiSeq,SRP577400,PRJNA1248021,,1248021,SRS24649160,SAMN47844220,simple,646099,human metagenome,SECS_716_A-193,,,,,,,no,,,,,GEORGE WASHINGTON UNIVERSITY,SRA2108886,,public,28B32D97FD37E94A388E4C78F7505657,54A77A43C8E3E809FF77B421D01F5C60
SRR33044660,2025-07-28 13:27:41,2025-04-09 09:40:09,21531,12935787,21531,600,5,,https://sra-downloadb.be-md.ncbi.nlm.nih.gov/sos7/sra-pub-zq-41/SRR033/33044/SRR33044660/SRR33044660.lite.1,SRX28310048,SECS_716_E-205_S205,AMPLICON,RANDOM PCR,METAGENOMIC,PAIRED,0,0,ILLUMINA,Illumina MiSeq,SRP577400,PRJNA1248021,,1248021,SRS24649161,SAMN47844221,simple,646099,human metagenome,SECS_716_E-205,,,,,,,no,,,,,GEORGE WASHINGTON UNIVERSITY,SRA2108886,,public,965A1CAFA7925C32653DF282CA15ED5E,E843E0CDA313DAAD326C5D016235982F
SRR33044659,2025-07-28 13:27:41,2025-04-09 09:40:21,19271,11591051,19271,601,5,,https://sra-downloadb.be-md.ncbi.nlm.nih.gov/sos7/sra-pub-zq-41/SRR033/33044/SRR33044659/SRR33044659.lite.1,SRX28310049,SECS_716_H-199_S199,AMPLICON,RANDOM PCR,METAGENOMIC,PAIRED,0,0,ILLUMINA,Illumina MiSeq,SRP577400,PRJNA1248021,,1248021,SRS24649162,SAMN47844222,simple,646099,human metagenome,SECS_716_H-199,,,,,,,no,,,,,GEORGE WASHINGTON UNIVERSITY,SRA2108886,,public,D3D7F64BFC6FA255EAA1E4F95FFA00A7,64CCDCCFFB403D2D77C9A3B99F262E29
SRR33044658,2025-07-28 13:27:41,2025-04-09 09:40:20,18349,11035287,18349,601,5,,https://sra-downloadb.be-md.ncbi.nlm.nih.gov/sos7/sra-pub-zq-41/SRR033/33044/SRR33044658/SRR33044658.lite.1,SRX28310050,SECS_716_P-211_S211,AMPLICON,RANDOM PCR,METAGENOMIC,PAIRED,0,0,ILLUMINA,Illumina MiSeq,SRP577400,PRJNA1248021,,1248021,SRS24649163,SAMN47844223,simple,646099,human metagenome,SECS_716_P-211,,,,,,,no,,,,,GEORGE WASHINGTON UNIVERSITY,SRA2108886,,public,4D63D8208CDB18F19EA1F07F2AF43064,9A9E2D856C4666EE7D56801DC88EB40E
SRR33044657,2025-07-28 13:27:42,2025-04-09 09:40:12,20838,12534728,20838,601,5,,https://sra-downloadb.be-md.ncbi.nlm.nih.gov/sos7/sra-pub-zq-41/SRR033/33044/SRR33044657/SRR33044657.lite.1,SRX28310051,SECS_718_A-217_S217,AMPLICON,RANDOM PCR,METAGENOMIC,PAIRED,0,0,ILLUMINA,Illumina MiSeq,SRP577400,PRJNA1248021,,1248021,SRS24649164,SAMN47844224,simple,646099,human metagenome,SECS_718_A-217,,,,,,,no,,,,,GEORGE WASHINGTON UNIVERSITY,SRA2108886,,public,862FE44C7B22744BD0AB551B8D557456,2C6E01948C3A4E22DCFF43A354972721
SRR33044656,2025-07-28 13:27:40,2025-04-09 09:40:11,18743,11267813,18743,601,5,,https://sra-downloadb.be-md.ncbi.nlm.nih.gov/sos7/sra-pub-zq-41/SRR033/33044/SRR33044656/SRR33044656.lite.1,SRX28310052,SECS_718_E-229_S229,AMPLICON,RANDOM PCR,METAGENOMIC,PAIRED,0,0,ILLUMINA,Illumina MiSeq,SRP577400,PRJNA1248021,,1248021,SRS24649165,SAMN47844225,simple,646099,human metagenome,SECS_718_E-229,,,,,,,no,,,,,GEORGE WASHINGTON UNIVERSITY,SRA2108886,,public,81F818E5F2F0D91A24D0768303798CC7,266A01BE90C6E45E9A5A1A906BF99B73
SRR33044655,2025-07-28 13:27:40,2025-04-09 09:40:21,20603,12391104,20603,601,5,,https://sra-downloadb.be-md.ncbi.nlm.nih.gov/sos7/sra-pub-zq-41/SRR033/33044/SRR33044655/SRR33044655.lite.1,SRX28310053,SECS_718_H-223_S223,AMPLICON,RANDOM PCR,METAGENOMIC,PAIRED,0,0,ILLUMINA,Illumina MiSeq,SRP577400,PRJNA1248021,,1248021,SRS24649166,SAMN47844226,simple,646099,human metagenome,SECS_718_H-223,,,,,,,no,,,,,GEORGE WASHINGTON UNIVERSITY,SRA2108886,,public,F7F0ADB213E70A130F29651CEC126CBF,34729443E1E3F9F4D653C886C09A9EAD
SRR33044654,2025-07-28 13:27:41,2025-04-09 09:40:08,19763,11887442,19763,601,5,,https://sra-downloadb.be-md.ncbi.nlm.nih.gov/sos7/sra-pub-zq-41/SRR033/33044/SRR33044654/SRR33044654.lite.1,SRX28310054,SECS_718_P-235_S235,AMPLICON,RANDOM PCR,METAGENOMIC,PAIRED,0,0,ILLUMINA,Illumina MiSeq,SRP577400,PRJNA1248021,,1248021,SRS24649167,SAMN47844227,simple,646099,human metagenome,SECS_718_P-235,,,,,,,no,,,,,GEORGE WASHINGTON UNIVERSITY,SRA2108886,,public,64585A6B1E1F2A5FFD88C74E6B09E265,352EEB2DEE832A4DB649D356DC2E9442
SRR33044653,2025-07-28 13:27:41,2025-04-09 09:40:06,17587,10579392,17587,601,4,,https://sra-downloadb.be-md.ncbi.nlm.nih.gov/sos7/sra-pub-zq-41/SRR033/33044/SRR33044653/SRR33044653.lite.1,SRX28310055,SECS_720_A-241_S241,AMPLICON,RANDOM PCR,METAGENOMIC,PAIRED,0,0,ILLUMINA,Illumina MiSeq,SRP577400,PRJNA1248021,,1248021,SRS24649168,SAMN47844228,simple,646099,human metagenome,SECS_720_A-241,,,,,,,no,,,,,GEORGE WASHINGTON UNIVERSITY,SRA2108886,,public,6FA0A991CF13FF22C9C342F7F72F6A53,490CE60C61FDBCD3D38457A36285BE13
SRR33044652,2025-07-28 13:27:41,2025-04-09 09:40:11,21925,13190146,21925,601,5,,https://sra-downloadb.be-md.ncbi.nlm.nih.gov/sos7/sra-pub-zq-41/SRR033/33044/SRR33044652/SRR33044652.lite.1,SRX28310056,SECS-415-A_S305,AMPLICON,RANDOM PCR,METAGENOMIC,PAIRED,0,0,ILLUMINA,Illumina MiSeq,SRP577400,PRJNA1248021,,1248021,SRS24649169,SAMN47844004,simple,646099,human metagenome,SECS-415-A,,,,,,,no,,,,,GEORGE WASHINGTON UNIVERSITY,SRA2108886,,public,BD558947C6BBBC89A412677B24F17EAC,A855D0EB3FF683864820FDA3515176CF
SRR33044651,2025-07-28 13:27:41,2025-04-09 09:40:18,19553,11762794,19553,601,5,,https://sra-downloadb.be-md.ncbi.nlm.nih.gov/sos7/sra-pub-zq-41/SRR033/33044/SRR33044651/SRR33044651.lite.1,SRX28310057,SECS_720_E-253_S253,AMPLICON,RANDOM PCR,METAGENOMIC,PAIRED,0,0,ILLUMINA,Illumina MiSeq,SRP577400,PRJNA1248021,,1248021,SRS24649170,SAMN47844229,simple,646099,human metagenome,SECS_720_E-253,,,,,,,no,,,,,GEORGE WASHINGTON UNIVERSITY,SRA2108886,,public,249C83FAB225ADFEE0604AC77B1130EC,DE6423EFEB3386CD4049943941CD795B
SRR33044650,2025-07-28 13:27:41,2025-04-09 09:40:16,19756,11883605,19756,601,5,,https://sra-downloadb.be-md.ncbi.nlm.nih.gov/sos7/sra-pub-zq-41/SRR033/33044/SRR33044650/SRR33044650.lite.1,SRX28310058,SECS_720_H-210_S210,AMPLICON,RANDOM PCR,METAGENOMIC,PAIRED,0,0,ILLUMINA,Illumina MiSeq,SRP577400,PRJNA1248021,,1248021,SRS24649171,SAMN47844230,simple,646099,human metagenome,SECS_720_H-210,,,,,,,no,,,,,GEORGE WASHINGTON UNIVERSITY,SRA2108886,,public,6C2E13CEE1242B5F5CFFC05FAE45BF7C,6752BDD935A0185C160AB156362A609E
SRR33044621,2025-07-28 13:27:35,2025-04-09 09:40:08,23476,14119540,23476,601,6,,https://sra-downloadb.be-md.ncbi.nlm.nih.gov/sos7/sra-pub-zq-41/SRR033/33044/SRR33044621/SRR33044621.lite.1,SRX28310003,SECS-729-H_S371,AMPLICON,RANDOM PCR,METAGENOMIC,PAIRED,0,0,ILLUMINA,Illumina MiSeq,SRP577400,PRJNA1248021,,1248021,SRS24649116,SAMN47844105,simple,646099,human metagenome,SECS-729-H,,,,,,,no,,,,,GEORGE WASHINGTON UNIVERSITY,SRA2108886,,public,61247861A23235AFC320655863F3C728,A3B13B0E2529BA43B4AE1AA65AB99AFB
SRR33044693,2025-07-28 13:27:37,2025-04-09 09:40:35,39004,23456278,39004,601,10,,https://sra-downloadb.be-md.ncbi.nlm.nih.gov/sos7/sra-pub-zq-41/SRR033/33044/SRR33044693/SRR33044693.lite.1,SRX28310015,SECS-777-A_S58,AMPLICON,RANDOM PCR,METAGENOMIC,PAIRED,0,0,ILLUMINA,Illumina MiSeq,SRP577400,PRJNA1248021,,1248021,SRS24649128,SAMN47844141,simple,646099,human metagenome,SECS-777-A,,,,,,,no,,,,,GEORGE WASHINGTON UNIVERSITY,SRA2108886,,public,E82B317238963573FC1710F6DB8EFCB8,401F3BFF2BE739B6C5E048DA81208A1B
SRR33044694,2025-07-28 13:27:37,2025-04-09 09:40:12,4349,2615907,4349,601,1,,https://sra-downloadb.be-md.ncbi.nlm.nih.gov/sos7/sra-pub-zq-41/SRR033/33044/SRR33044694/SRR33044694.lite.1,SRX28310014,SECS-771-P_S358,AMPLICON,RANDOM PCR,METAGENOMIC,PAIRED,0,0,ILLUMINA,Illumina MiSeq,SRP577400,PRJNA1248021,,1248021,SRS24649127,SAMN47844140,simple,646099,human metagenome,SECS-771-P,,,,,,,no,,,,,GEORGE WASHINGTON UNIVERSITY,SRA2108886,,public,4CA06BAA947C5C78EAD1440031FC5442,F3FE2FBE5DFDA67DD23BBE7F818A25D0
SRR33044695,2025-07-28 13:27:37,2025-04-09 09:40:35,25919,15594361,25919,601,6,,https://sra-downloadb.be-md.ncbi.nlm.nih.gov/sos7/sra-pub-zq-41/SRR033/33044/SRR33044695/SRR33044695.lite.1,SRX28310013,SECS-771-H_S346,AMPLICON,RANDOM PCR,METAGENOMIC,PAIRED,0,0,ILLUMINA,Illumina MiSeq,SRP577400,PRJNA1248021,,1248021,SRS24649126,SAMN47844139,simple,646099,human metagenome,SECS-771-H,,,,,,,no,,,,,GEORGE WASHINGTON UNIVERSITY,SRA2108886,,public,39256A36C82216DAFFECA4944EB39E5E,E8913F46967530775670B1E6E5CEF3B6
SRR33044696,2025-07-28 13:27:37,2025-04-09 09:40:23,33625,20230148,33625,601,8,,https://sra-downloadb.be-md.ncbi.nlm.nih.gov/sos7/sra-pub-zq-41/SRR033/33044/SRR33044696/SRR33044696.lite.1,SRX28310012,SECS-190-H_S253,AMPLICON,RANDOM PCR,METAGENOMIC,PAIRED,0,0,ILLUMINA,Illumina MiSeq,SRP577400,PRJNA1248021,,1248021,SRS24649125,SAMN47843995,simple,646099,human metagenome,SECS-190-H,,,,,,,no,,,,,GEORGE WASHINGTON UNIVERSITY,SRA2108886,,public,80BD0A89EF5CC2799EEA46E16FC87B57,8CFA3B651F991B1FDD4DD55070A58DA9
SRR33044697,2025-07-28 13:27:37,2025-04-09 09:40:30,38056,22896384,38056,601,9,,https://sra-downloadb.be-md.ncbi.nlm.nih.gov/sos7/sra-pub-zq-41/SRR033/33044/SRR33044697/SRR33044697.lite.1,SRX28310011,SECS-771-E_S46,AMPLICON,RANDOM PCR,METAGENOMIC,PAIRED,0,0,ILLUMINA,Illumina MiSeq,SRP577400,PRJNA1248021,,1248021,SRS24649124,SAMN47844138,simple,646099,human metagenome,SECS-771-E,,,,,,,no,,,,,GEORGE WASHINGTON UNIVERSITY,SRA2108886,,public,361A6E77E3FDCA93B8CDAF17FB610394,ED0E92DE080AA78F1FD47E1E8285A2F6
SRR33044698,2025-07-28 13:27:37,2025-04-09 09:49:10,39110,23528204,39110,601,9,,https://sra-downloadb.be-md.ncbi.nlm.nih.gov/sos7/sra-pub-zq-41/SRR033/33044/SRR33044698/SRR33044698.lite.1,SRX28310010,SECS-771-A_S34,AMPLICON,RANDOM PCR,METAGENOMIC,PAIRED,0,0,ILLUMINA,Illumina MiSeq,SRP577400,PRJNA1248021,,1248021,SRS24649123,SAMN47844137,simple,646099,human metagenome,SECS-771-A,,,,,,,no,,,,,GEORGE WASHINGTON UNIVERSITY,SRA2108886,,public,F5C52293A492BE447D49F135937A38DD,547782B4B2286D744A1225B6A1315A9B
SRR33044699,2025-07-28 13:27:36,2025-04-09 09:49:38,21737,13054994,21737,600,5,,https://sra-downloadb.be-md.ncbi.nlm.nih.gov/sos7/sra-pub-zq-41/SRR033/33044/SRR33044699/SRR33044699.lite.1,SRX28310009,SECS-756-P-1-10_S310,AMPLICON,RANDOM PCR,METAGENOMIC,PAIRED,0,0,ILLUMINA,Illumina MiSeq,SRP577400,PRJNA1248021,,1248021,SRS24649122,SAMN47844136,simple,646099,human metagenome,SECS-756-P-1-10,,,,,,,no,,,,,GEORGE WASHINGTON UNIVERSITY,SRA2108886,,public,F8AF2B3DB4D498B866E0845D1878F877,AE67BC42EACE331F5040AF9D74AC6935
SRR33044700,2025-07-28 13:27:36,2025-04-09 09:49:56,18573,11165019,18573,601,4,,https://sra-downloadb.be-md.ncbi.nlm.nih.gov/sos7/sra-pub-zq-41/SRR033/33044/SRR33044700/SRR33044700.lite.1,SRX28310008,SECS-756-H_S298,AMPLICON,RANDOM PCR,METAGENOMIC,PAIRED,0,0,ILLUMINA,Illumina MiSeq,SRP577400,PRJNA1248021,,1248021,SRS24649121,SAMN47844135,simple,646099,human metagenome,SECS-756-H,,,,,,,no,,,,,GEORGE WASHINGTON UNIVERSITY,SRA2108886,,public,EDF700875BB9B2A0D3D070A7BCE87072,FF1844A403745988C804E5E3F375CC08
SRR33044701,2025-07-28 13:27:36,2025-04-09 09:49:57,33052,19855605,33052,600,8,,https://sra-downloadb.be-md.ncbi.nlm.nih.gov/sos7/sra-pub-zq-41/SRR033/33044/SRR33044701/SRR33044701.lite.1,SRX28310007,SECS-756-A-1-10_S200,AMPLICON,RANDOM PCR,METAGENOMIC,PAIRED,0,0,ILLUMINA,Illumina MiSeq,SRP577400,PRJNA1248021,,1248021,SRS24649120,SAMN47844134,simple,646099,human metagenome,SECS-756-A-1-10,,,,,,,no,,,,,GEORGE WASHINGTON UNIVERSITY,SRA2108886,,public,D7F5E998FC109014DD7747AF9DF99A41,0397E589A4550BA93CE059ADA3B9EAF1
SRR33044702,2025-07-28 13:27:36,2025-04-09 09:50:00,32038,19250039,32038,600,8,,https://sra-downloadb.be-md.ncbi.nlm.nih.gov/sos7/sra-pub-zq-41/SRR033/33044/SRR33044702/SRR33044702.lite.1,SRX28310006,SECS-743-P_S348,AMPLICON,RANDOM PCR,METAGENOMIC,PAIRED,0,0,ILLUMINA,Illumina MiSeq,SRP577400,PRJNA1248021,,1248021,SRS24649119,SAMN47844133,simple,646099,human metagenome,SECS-743-P,,,,,,,no,,,,,GEORGE WASHINGTON UNIVERSITY,SRA2108886,,public,D998456E04C22D692BAD2A7BADA0C822,469A0B556D1138514C5913083C8E947C
SRR33044703,2025-07-28 13:27:36,2025-04-09 09:50:00,36182,21738920,36182,600,9,,https://sra-downloadb.be-md.ncbi.nlm.nih.gov/sos7/sra-pub-zq-41/SRR033/33044/SRR33044703/SRR33044703.lite.1,SRX28310005,SECS-743-H_S336,AMPLICON,RANDOM PCR,METAGENOMIC,PAIRED,0,0,ILLUMINA,Illumina MiSeq,SRP577400,PRJNA1248021,,1248021,SRS24649118,SAMN47844132,simple,646099,human metagenome,SECS-743-H,,,,,,,no,,,,,GEORGE WASHINGTON UNIVERSITY,SRA2108886,,public,4E279B135C134DBE7BE2C1D2DDD5CAB8,8525182B0781549B34B4E8ADA5A4B6B2
SRR33044704,2025-07-28 13:27:35,2025-04-09 09:49:58,29489,17717006,29489,600,8,,https://sra-downloadb.be-md.ncbi.nlm.nih.gov/sos7/sra-pub-zq-41/SRR033/33044/SRR33044704/SRR33044704.lite.1,SRX28310004,SECS-743-E_S93,AMPLICON,RANDOM PCR,METAGENOMIC,PAIRED,0,0,ILLUMINA,Illumina MiSeq,SRP577400,PRJNA1248021,,1248021,SRS24649117,SAMN47844131,simple,646099,human metagenome,SECS-743-E,,,,,,,no,,,,,GEORGE WASHINGTON UNIVERSITY,SRA2108886,,public,973EBFE4EA7A5EB4F87010C409C2A323,09359A72D7294B97F46E8CE449A6EBF9
SRR33044706,2025-07-28 13:27:35,2025-04-09 09:49:58,23300,14015140,23300,601,5,,https://sra-downloadb.be-md.ncbi.nlm.nih.gov/sos7/sra-pub-zq-41/SRR033/33044/SRR33044706/SRR33044706.lite.1,SRX28310002,SECS-729-E_S91,AMPLICON,RANDOM PCR,METAGENOMIC,PAIRED,0,0,ILLUMINA,Illumina MiSeq,SRP577400,PRJNA1248021,,1248021,SRS24649115,SAMN47844104,simple,646099,human metagenome,SECS-729-E,,,,,,,no,,,,,GEORGE WASHINGTON UNIVERSITY,SRA2108886,,public,EB017EAD8DC45498B7CEDEC1770BF564,667F51D857198114AE1EE1B2C3C99405
SRR33044707,2025-07-28 13:27:35,2025-04-09 09:49:58,23950,14378589,23950,600,6,,https://sra-downloadb.be-md.ncbi.nlm.nih.gov/sos7/sra-pub-zq-41/SRR033/33044/SRR33044707/SRR33044707.lite.1,SRX28310001,SECS-729-A-1-10_S79,AMPLICON,RANDOM PCR,METAGENOMIC,PAIRED,0,0,ILLUMINA,Illumina MiSeq,SRP577400,PRJNA1248021,,1248021,SRS24649114,SAMN47844103,simple,646099,human metagenome,SECS-729-A-1-10,,,,,,,no,,,,,GEORGE WASHINGTON UNIVERSITY,SRA2108886,,public,BE751118053EF527EE9B50F2B27377BB,4B3554D3BC359DCF16A3B96669BBCC04
SRR33044708,2025-07-28 13:27:35,2025-04-09 09:50:06,32899,19793259,32899,601,8,,https://sra-downloadb.be-md.ncbi.nlm.nih.gov/sos7/sra-pub-zq-41/SRR033/33044/SRR33044708/SRR33044708.lite.1,SRX28310000,SECS-727-E_S67,AMPLICON,RANDOM PCR,METAGENOMIC,PAIRED,0,0,ILLUMINA,Illumina MiSeq,SRP577400,PRJNA1248021,,1248021,SRS24649113,SAMN47844102,simple,646099,human metagenome,SECS-727-E,,,,,,,no,,,,,GEORGE WASHINGTON UNIVERSITY,SRA2108886,,public,DE689CAAF124457314C7EFBD02CDDEA1,CF690E196C210D908187D28EA6CE2D60
SRR33044709,2025-07-28 13:27:35,2025-04-09 09:50:00,32960,19828229,32960,601,8,,https://sra-downloadb.be-md.ncbi.nlm.nih.gov/sos7/sra-pub-zq-41/SRR033/33044/SRR33044709/SRR33044709.lite.1,SRX28309999,SECS-727-A_S55,AMPLICON,RANDOM PCR,METAGENOMIC,PAIRED,0,0,ILLUMINA,Illumina MiSeq,SRP577400,PRJNA1248021,,1248021,SRS24649112,SAMN47844101,simple,646099,human metagenome,SECS-727-A,,,,,,,no,,,,,GEORGE WASHINGTON UNIVERSITY,SRA2108886,,public,DAF8C510E764FAD83290ED50410E1565,25726A788D6484674849370F25906F02
SRR33044710,2025-07-28 13:27:35,2025-04-09 09:49:58,23100,13897441,23100,601,5,,https://sra-downloadb.be-md.ncbi.nlm.nih.gov/sos7/sra-pub-zq-41/SRR033/33044/SRR33044710/SRR33044710.lite.1,SRX28309998,SECS-726-P-1-10_S359,AMPLICON,RANDOM PCR,METAGENOMIC,PAIRED,0,0,ILLUMINA,Illumina MiSeq,SRP577400,PRJNA1248021,,1248021,SRS24649111,SAMN47844100,simple,646099,human metagenome,SECS-726-P-1-10,,,,,,,no,,,,,GEORGE WASHINGTON UNIVERSITY,SRA2108886,,public,46E4B3A11943BF40E763A86073364FD9,96027A1CAE603B4BC5560977B330E386
SRR33044736,2025-07-28 13:27:35,2025-04-09 09:50:27,41437,24927793,41437,601,10,,https://sra-downloadb.be-md.ncbi.nlm.nih.gov/sos7/sra-pub-zq-41/SRR033/33044/SRR33044736/SRR33044736.lite.1,SRX28309972,SECS-142-A_S303,AMPLICON,RANDOM PCR,METAGENOMIC,PAIRED,0,0,ILLUMINA,Illumina MiSeq,SRP577400,PRJNA1248021,,1248021,SRS24649085,SAMN47843979,simple,646099,human metagenome,SECS-142-A,,,,,,,no,,,,,GEORGE WASHINGTON UNIVERSITY,SRA2108886,,public,F6AC916467DEBED0A8D5B712924539E0,06F5C3B17494BA06B869221FAFF175EA
SRR33044735,2025-07-28 13:27:35,2025-04-09 09:50:27,27200,16347649,27200,601,7,,https://sra-downloadb.be-md.ncbi.nlm.nih.gov/sos7/sra-pub-zq-41/SRR033/33044/SRR33044735/SRR33044735.lite.1,SRX28309973,SECS-142-E_S291,AMPLICON,RANDOM PCR,METAGENOMIC,PAIRED,0,0,ILLUMINA,Illumina MiSeq,SRP577400,PRJNA1248021,,1248021,SRS24649086,SAMN47843980,simple,646099,human metagenome,SECS-142-E,,,,,,,no,,,,,GEORGE WASHINGTON UNIVERSITY,SRA2108886,,public,F1D3F2B5202401AAE54125E22A278122,E2441D0F65D800CE39CB535C322191D7
SRR33044734,2025-07-28 13:27:34,2025-04-09 09:50:20,22927,13789882,22927,601,6,,https://sra-downloadb.be-md.ncbi.nlm.nih.gov/sos7/sra-pub-zq-41/SRR033/33044/SRR33044734/SRR33044734.lite.1,SRX28309974,SECS-179-H_S277,AMPLICON,RANDOM PCR,METAGENOMIC,PAIRED,0,0,ILLUMINA,Illumina MiSeq,SRP577400,PRJNA1248021,,1248021,SRS24649087,SAMN47843989,simple,646099,human metagenome,SECS-179-H,,,,,,,no,,,,,GEORGE WASHINGTON UNIVERSITY,SRA2108886,,public,051D1AE38CDA955CC88EC59D81725324,3726839A874837DAFE9606BA8D872C64
SRR33044733,2025-07-28 13:27:34,2025-04-09 09:50:21,25024,15053943,25024,601,6,,https://sra-downloadb.be-md.ncbi.nlm.nih.gov/sos7/sra-pub-zq-41/SRR033/33044/SRR33044733/SRR33044733.lite.1,SRX28309975,SECS-505-A_S373,AMPLICON,RANDOM PCR,METAGENOMIC,PAIRED,0,0,ILLUMINA,Illumina MiSeq,SRP577400,PRJNA1248021,,1248021,SRS24649088,SAMN47844079,simple,646099,human metagenome,SECS-505-A,,,,,,,no,,,,,GEORGE WASHINGTON UNIVERSITY,SRA2108886,,public,E747F71FCB700018F1B47C2BF6AE4CF9,36C72836CFF5FE5A9309D05DBC4524DF
SRR33044732,2025-07-28 13:27:34,2025-04-09 09:50:22,20348,12241100,20348,601,5,,https://sra-downloadb.be-md.ncbi.nlm.nih.gov/sos7/sra-pub-zq-41/SRR033/33044/SRR33044732/SRR33044732.lite.1,SRX28309976,SECS-505-A2_S376,AMPLICON,RANDOM PCR,METAGENOMIC,PAIRED,0,0,ILLUMINA,Illumina MiSeq,SRP577400,PRJNA1248021,,1248021,SRS24649089,SAMN47844080,simple,646099,human metagenome,SECS-505-A2,,,,,,,no,,,,,GEORGE WASHINGTON UNIVERSITY,SRA2108886,,public,CDCBCA7462EC6280B147355B61967B9D,0B6C1E78DC2C0A626DC8537EE457496A
SRR33044731,2025-07-28 13:27:34,2025-04-09 09:50:18,17740,10662300,17740,601,4,,https://sra-downloadb.be-md.ncbi.nlm.nih.gov/sos7/sra-pub-zq-41/SRR033/33044/SRR33044731/SRR33044731.lite.1,SRX28309977,SECS-505-E_S361,AMPLICON,RANDOM PCR,METAGENOMIC,PAIRED,0,0,ILLUMINA,Illumina MiSeq,SRP577400,PRJNA1248021,,1248021,SRS24649090,SAMN47844081,simple,646099,human metagenome,SECS-505-E,,,,,,,no,,,,,GEORGE WASHINGTON UNIVERSITY,SRA2108886,,public,2F589656EA7F1886F1D91689E87986A1,11C18E7FF245B711499264CD4AC11C4F
SRR33044730,2025-07-28 13:27:34,2025-04-09 09:50:22,28922,17402588,28922,601,7,,https://sra-downloadb.be-md.ncbi.nlm.nih.gov/sos7/sra-pub-zq-41/SRR033/33044/SRR33044730/SRR33044730.lite.1,SRX28309978,SECS-505-E2_S364,AMPLICON,RANDOM PCR,METAGENOMIC,PAIRED,0,0,ILLUMINA,Illumina MiSeq,SRP577400,PRJNA1248021,,1248021,SRS24649091,SAMN47844082,simple,646099,human metagenome,SECS-505-E2,,,,,,,no,,,,,GEORGE WASHINGTON UNIVERSITY,SRA2108886,,public,13C95795629121764A3A68D6E9090648,BB07B273792D8BC738DF050EACB50B97
SRR33044729,2025-07-28 13:27:34,2025-04-09 09:50:27,46002,27633622,46002,600,12,,https://sra-downloadb.be-md.ncbi.nlm.nih.gov/sos7/sra-pub-zq-41/SRR033/33044/SRR33044729/SRR33044729.lite.1,SRX28309979,SECS-505-H2_S196,AMPLICON,RANDOM PCR,METAGENOMIC,PAIRED,0,0,ILLUMINA,Illumina MiSeq,SRP577400,PRJNA1248021,,1248021,SRS24649092,SAMN47844083,simple,646099,human metagenome,SECS-505-H2,,,,,,,no,,,,,GEORGE WASHINGTON UNIVERSITY,SRA2108886,,public,E3D3C214120F977E9D2DA3FF1E920A06,65BF59A5A0CE5A23D34AE4413A892374
SRR33044728,2025-07-28 13:27:34,2025-04-09 09:50:19,22608,13603007,22608,601,6,,https://sra-downloadb.be-md.ncbi.nlm.nih.gov/sos7/sra-pub-zq-41/SRR033/33044/SRR33044728/SRR33044728.lite.1,SRX28309980,SECS-505-P_S217,AMPLICON,RANDOM PCR,METAGENOMIC,PAIRED,0,0,ILLUMINA,Illumina MiSeq,SRP577400,PRJNA1248021,,1248021,SRS24649093,SAMN47844084,simple,646099,human metagenome,SECS-505-P,,,,,,,no,,,,,GEORGE WASHINGTON UNIVERSITY,SRA2108886,,public,463CA9F7979606E97D86DDD80C238685,888FF7B2F10734AFDD61DA79287B5D79
SRR33044727,2025-07-28 13:27:34,2025-04-09 09:50:22,25818,15531729,25818,601,6,,https://sra-downloadb.be-md.ncbi.nlm.nih.gov/sos7/sra-pub-zq-41/SRR033/33044/SRR33044727/SRR33044727.lite.1,SRX28309981,SECS-505-P2_S208,AMPLICON,RANDOM PCR,METAGENOMIC,PAIRED,0,0,ILLUMINA,Illumina MiSeq,SRP577400,PRJNA1248021,,1248021,SRS24649094,SAMN47844085,simple,646099,human metagenome,SECS-505-P2,,,,,,,no,,,,,GEORGE WASHINGTON UNIVERSITY,SRA2108886,,public,E7B01EE44B0C04A9363ED18107726851,E467B0C288E34CF8B2C613BA8BB1422E
SRR33044726,2025-07-28 13:27:33,2025-04-09 09:50:18,20077,12068844,20077,601,5,,https://sra-downloadb.be-md.ncbi.nlm.nih.gov/sos7/sra-pub-zq-41/SRR033/33044/SRR33044726/SRR33044726.lite.1,SRX28309982,SECS-527-A_S349,AMPLICON,RANDOM PCR,METAGENOMIC,PAIRED,0,0,ILLUMINA,Illumina MiSeq,SRP577400,PRJNA1248021,,1248021,SRS24649095,SAMN47844086,simple,646099,human metagenome,SECS-527-A,,,,,,,no,,,,,GEORGE WASHINGTON UNIVERSITY,SRA2108886,,public,D6DF2652AE88F896A8D9712A87B486DA,976481EFDDDFDAB69D46891D719D3DE0
SRR33044725,2025-07-28 13:27:33,2025-04-09 09:50:28,28292,17021312,28292,601,7,,https://sra-downloadb.be-md.ncbi.nlm.nih.gov/sos7/sra-pub-zq-41/SRR033/33044/SRR33044725/SRR33044725.lite.1,SRX28309983,SECS-527-E_S337,AMPLICON,RANDOM PCR,METAGENOMIC,PAIRED,0,0,ILLUMINA,Illumina MiSeq,SRP577400,PRJNA1248021,,1248021,SRS24649096,SAMN47844087,simple,646099,human metagenome,SECS-527-E,,,,,,,no,,,,,GEORGE WASHINGTON UNIVERSITY,SRA2108886,,public,8079C460FEBDD49785E8E428D9719F17,DB4D3000BFF3FE4DFEAA3E3EC057FC00
SRR33044724,2025-07-28 13:27:33,2025-04-09 09:50:09,25955,15602339,25955,601,6,,https://sra-downloadb.be-md.ncbi.nlm.nih.gov/sos7/sra-pub-zq-41/SRR033/33044/SRR33044724/SRR33044724.lite.1,SRX28309984,SECS-527-H_S193,AMPLICON,RANDOM PCR,METAGENOMIC,PAIRED,0,0,ILLUMINA,Illumina MiSeq,SRP577400,PRJNA1248021,,1248021,SRS24649097,SAMN47844088,simple,646099,human metagenome,SECS-527-H,,,,,,,no,,,,,GEORGE WASHINGTON UNIVERSITY,SRA2108886,,public,BB9D8973A9EFD03FF8CFFDD83844577E,9FC545B7BE066CF4DAADC2077CAE65F0
SRR33044723,2025-07-28 13:27:33,2025-04-09 09:50:23,28494,17135649,28494,601,7,,https://sra-downloadb.be-md.ncbi.nlm.nih.gov/sos7/sra-pub-zq-41/SRR033/33044/SRR33044723/SRR33044723.lite.1,SRX28309985,SECS-183-A_S374,AMPLICON,RANDOM PCR,METAGENOMIC,PAIRED,0,0,ILLUMINA,Illumina MiSeq,SRP577400,PRJNA1248021,,1248021,SRS24649098,SAMN47843990,simple,646099,human metagenome,SECS-183-A,,,,,,,no,,,,,GEORGE WASHINGTON UNIVERSITY,SRA2108886,,public,041C4E0B1A0047DCA7C6D725DBB49811,BF037C4949ABD74D5C7016981319E7D1
SRR33044722,2025-07-28 13:27:33,2025-04-09 09:50:05,20822,12528757,20822,601,5,,https://sra-downloadb.be-md.ncbi.nlm.nih.gov/sos7/sra-pub-zq-41/SRR033/33044/SRR33044722/SRR33044722.lite.1,SRX28309986,SECS-527-P_S205,AMPLICON,RANDOM PCR,METAGENOMIC,PAIRED,0,0,ILLUMINA,Illumina MiSeq,SRP577400,PRJNA1248021,,1248021,SRS24649099,SAMN47844089,simple,646099,human metagenome,SECS-527-P,,,,,,,no,,,,,GEORGE WASHINGTON UNIVERSITY,SRA2108886,,public,58620312D3E671DFC28D501965FAA4A0,4983C93233148E52393389459D3F0D50
SRR33044721,2025-07-28 13:27:33,2025-04-09 09:50:10,30547,18377846,30547,601,7,,https://sra-downloadb.be-md.ncbi.nlm.nih.gov/sos7/sra-pub-zq-41/SRR033/33044/SRR33044721/SRR33044721.lite.1,SRX28309987,SECS-533-A_S325,AMPLICON,RANDOM PCR,METAGENOMIC,PAIRED,0,0,ILLUMINA,Illumina MiSeq,SRP577400,PRJNA1248021,,1248021,SRS24649100,SAMN47844090,simple,646099,human metagenome,SECS-533-A,,,,,,,no,,,,,GEORGE WASHINGTON UNIVERSITY,SRA2108886,,public,3F69660F24E929764338C5E15C274A01,FE18212ABE026546FA64B571B2EB7D6D
SRR33044720,2025-07-28 13:27:33,2025-04-09 09:50:03,23485,14130414,23485,601,6,,https://sra-downloadb.be-md.ncbi.nlm.nih.gov/sos7/sra-pub-zq-41/SRR033/33044/SRR33044720/SRR33044720.lite.1,SRX28309988,SECS-533-E_S313,AMPLICON,RANDOM PCR,METAGENOMIC,PAIRED,0,0,ILLUMINA,Illumina MiSeq,SRP577400,PRJNA1248021,,1248021,SRS24649101,SAMN47844091,simple,646099,human metagenome,SECS-533-E,,,,,,,no,,,,,GEORGE WASHINGTON UNIVERSITY,SRA2108886,,public,1B148A55652C7B276BE5A4292F4B261B,00CA32D44BD10AF5757FEA3C27AF1772
SRR33044719,2025-07-28 13:27:33,2025-04-09 09:50:05,23221,13971414,23221,601,5,,https://sra-downloadb.be-md.ncbi.nlm.nih.gov/sos7/sra-pub-zq-41/SRR033/33044/SRR33044719/SRR33044719.lite.1,SRX28309989,SECS-533-H_S360,AMPLICON,RANDOM PCR,METAGENOMIC,PAIRED,0,0,ILLUMINA,Illumina MiSeq,SRP577400,PRJNA1248021,,1248021,SRS24649102,SAMN47844092,simple,646099,human metagenome,SECS-533-H,,,,,,,no,,,,,GEORGE WASHINGTON UNIVERSITY,SRA2108886,,public,DC18C50F8264FDD8E3FFE7502317D9BA,853762E9DD925DCD350D9A0355FF0719
SRR33044718,2025-07-28 13:27:33,2025-04-09 09:50:06,20155,12125188,20155,601,5,,https://sra-downloadb.be-md.ncbi.nlm.nih.gov/sos7/sra-pub-zq-41/SRR033/33044/SRR33044718/SRR33044718.lite.1,SRX28309990,SECS-533-P_S372,AMPLICON,RANDOM PCR,METAGENOMIC,PAIRED,0,0,ILLUMINA,Illumina MiSeq,SRP577400,PRJNA1248021,,1248021,SRS24649103,SAMN47844093,simple,646099,human metagenome,SECS-533-P,,,,,,,no,,,,,GEORGE WASHINGTON UNIVERSITY,SRA2108886,,public,604C4AE976008976615EB51F5B1582B8,F92E52D2407E30B15874013A8B7A2C49
SRR33044717,2025-07-28 13:27:33,2025-04-09 09:50:00,19749,11877498,19749,601,5,,https://sra-downloadb.be-md.ncbi.nlm.nih.gov/sos7/sra-pub-zq-41/SRR033/33044/SRR33044717/SRR33044717.lite.1,SRX28309991,SECS-709-A-1-10_S315,AMPLICON,RANDOM PCR,METAGENOMIC,PAIRED,0,0,ILLUMINA,Illumina MiSeq,SRP577400,PRJNA1248021,,1248021,SRS24649104,SAMN47844094,simple,646099,human metagenome,SECS-709-A-1-10,,,,,,,no,,,,,GEORGE WASHINGTON UNIVERSITY,SRA2108886,,public,8139E100DBAE20396AE4546492464441,6752C4AF09B6CADED0C6032C602E3388
SRR33044716,2025-07-28 13:27:32,2025-04-09 09:50:01,18281,10983127,18281,600,4,,https://sra-downloadb.be-md.ncbi.nlm.nih.gov/sos7/sra-pub-zq-41/SRR033/33044/SRR33044716/SRR33044716.lite.1,SRX28309992,SECS-709-E_S301,AMPLICON,RANDOM PCR,METAGENOMIC,PAIRED,0,0,ILLUMINA,Illumina MiSeq,SRP577400,PRJNA1248021,,1248021,SRS24649105,SAMN47844095,simple,646099,human metagenome,SECS-709-E,,,,,,,no,,,,,GEORGE WASHINGTON UNIVERSITY,SRA2108886,,public,8AE57E5A4D205738239B57C1B3561D5F,1D20E239BFCB79EF46F058F8CA35FFAC
SRR33044715,2025-07-28 13:27:32,2025-04-09 09:50:04,21328,12792762,21328,599,5,,https://sra-downloadb.be-md.ncbi.nlm.nih.gov/sos7/sra-pub-zq-41/SRR033/33044/SRR33044715/SRR33044715.lite.1,SRX28309993,SECS-709-P-1-10_S322,AMPLICON,RANDOM PCR,METAGENOMIC,PAIRED,0,0,ILLUMINA,Illumina MiSeq,SRP577400,PRJNA1248021,,1248021,SRS24649106,SAMN47844096,simple,646099,human metagenome,SECS-709-P-1-10,,,,,,,no,,,,,GEORGE WASHINGTON UNIVERSITY,SRA2108886,,public,B8659108E4DF529E4574BE14FE382412,30D495BB09A3C7C4258634E81E8AB7B2
SRR33044714,2025-07-28 13:27:32,2025-04-09 09:50:07,33117,19921482,33117,601,8,,https://sra-downloadb.be-md.ncbi.nlm.nih.gov/sos7/sra-pub-zq-41/SRR033/33044/SRR33044714/SRR33044714.lite.1,SRX28309994,SECS-726-A_S31,AMPLICON,RANDOM PCR,METAGENOMIC,PAIRED,0,0,ILLUMINA,Illumina MiSeq,SRP577400,PRJNA1248021,,1248021,SRS24649107,SAMN47844097,simple,646099,human metagenome,SECS-726-A,,,,,,,no,,,,,GEORGE WASHINGTON UNIVERSITY,SRA2108886,,public,0AA2A7A5C53264C3A9656A96A9684562,CBC2C4A5CD66BA1B4C0D7398A2F4A452
SRR33044713,2025-07-28 13:27:32,2025-04-09 09:50:06,28046,16860372,28046,601,7,,https://sra-downloadb.be-md.ncbi.nlm.nih.gov/sos7/sra-pub-zq-41/SRR033/33044/SRR33044713/SRR33044713.lite.1,SRX28309995,SECS-726-E_S43,AMPLICON,RANDOM PCR,METAGENOMIC,PAIRED,0,0,ILLUMINA,Illumina MiSeq,SRP577400,PRJNA1248021,,1248021,SRS24649108,SAMN47844098,simple,646099,human metagenome,SECS-726-E,,,,,,,no,,,,,GEORGE WASHINGTON UNIVERSITY,SRA2108886,,public,60706E388AEED0057DF60831AEE7D6FB,19961F5B8138D8E394A0A4BA65BDBE7A
SRR33044712,2025-07-28 13:27:32,2025-04-09 09:50:22,24364,14647987,24364,601,6,,https://sra-downloadb.be-md.ncbi.nlm.nih.gov/sos7/sra-pub-zq-41/SRR033/33044/SRR33044712/SRR33044712.lite.1,SRX28309996,SECS-183-E_S362,AMPLICON,RANDOM PCR,METAGENOMIC,PAIRED,0,0,ILLUMINA,Illumina MiSeq,SRP577400,PRJNA1248021,,1248021,SRS24649109,SAMN47843991,simple,646099,human metagenome,SECS-183-E,,,,,,,no,,,,,GEORGE WASHINGTON UNIVERSITY,SRA2108886,,public,4EAFD575AB3DBFD4B3E1D82FD3F7BE2C,765BF0973596ECA48E500B38112DBBF4
SRR33044711,2025-07-28 13:27:32,2025-04-09 09:50:01,18506,11130425,18506,601,4,,https://sra-downloadb.be-md.ncbi.nlm.nih.gov/sos7/sra-pub-zq-41/SRR033/33044/SRR33044711/SRR33044711.lite.1,SRX28309997,SECS-726-H_S347,AMPLICON,RANDOM PCR,METAGENOMIC,PAIRED,0,0,ILLUMINA,Illumina MiSeq,SRP577400,PRJNA1248021,,1248021,SRS24649110,SAMN47844099,simple,646099,human metagenome,SECS-726-H,,,,,,,no,,,,,GEORGE WASHINGTON UNIVERSITY,SRA2108886,,public,3D39C830F2306A405C83D1FEB5120240,C5509A5BD8D6850115654E46F38407F8
